C:\Users\yasha\Desktop\IMG\center_2026_07_31_14_38_31_159.jpg,C:\Users\yasha\Desktop\IMG\left_2026_07_31_14_38_31_159.jpg,C:\Users\yasha\Desktop\IMG\right_2026_07_31_14_38_31_159.jpg,0,0,0,3.251256E-06
C:\Users\yasha\Desktop\IMG\center_2026_07_31_14_38_31_241.jpg,C:\Users\yasha\Desktop\IMG\left_2026_07_31_14_38_31_241.jpg,C:\Users\yasha\Desktop\IMG\right_2026_07_31_14_38_31_241.jpg,0,0,0,1.499473E-06
C:\Users\yasha\Desktop\IMG\center_2026_07_31_14_38_31_315.jpg,C:\Users\yasha\Desktop\IMG\left_2026_07_31_14_38_31_315.jpg,C:\Users\yasha\Desktop\IMG\right_2026_07_31_14_38_31_315.jpg,0,0,0,9.687878E-06
C:\Users\yasha\Desktop\IMG\center_2026_07_31_14_38_31_394.jpg,C:\Users\yasha\Desktop\IMG\left_2026_07_31_14_38_31_394.jpg,C:\Users\yasha\Desktop\IMG\right_2026_07_31_14_38_31_394.jpg,0,0,0,1.711863E-06
C:\Users\yasha\Desktop\IMG\center_2026_07_31_14_38_31_465.jpg,C:\Users\yasha\Desktop\IMG\left_2026_07_31_14_38_31_465.jpg,C:\Users\yasha\Desktop\IMG\right_2026_07_31_14_38_31_465.jpg,0,0,0,5.852874E-06
C:\Users\yasha\Desktop\IMG\center_2026_07_31_14_38_31_549.jpg,C:\Users\yasha\Desktop\IMG\left_2026_07_31_14_38_31_549.jpg,C:\Users\yasha\Desktop\IMG\right_2026_07_31_14_38_31_549.jpg,0,0,0,4.269434E-06
C:\Users\yasha\Desktop\IMG\center_2026_07_31_14_38_31_628.jpg,C:\Users\yasha\Desktop\IMG\left_2026_07_31_14_38_31_628.jpg,C:\Users\yasha\Desktop\IMG\right_2026_07_31_14_38_31_628.jpg,0,0,0,7.082097E-06
C:\Users\yasha\Desktop\IMG\center_2026_07_31_14_38_31_695.jpg,C:\Users\yasha\Desktop\IMG\left_2026_07_31_14_38_31_695.jpg,C:\Users\yasha\Desktop\IMG\right_2026_07_31_14_38_31_695.jpg,0,0,0,1.241354E-05
C:\Users\yasha\Desktop\IMG\center_2026_07_31_14_38_31_775.jpg,C:\Users\yasha\Desktop\IMG\left_2026_07_31_14_38_31_775.jpg,C:\Users\yasha\Desktop\IMG\right_2026_07_31_14_38_31_775.jpg,0,0,0,6.962824E-06
C:\Users\yasha\Desktop\IMG\center_2026_07_31_14_38_31_857.jpg,C:\Users\yasha\Desktop\IMG\left_2026_07_31_14_38_31_857.jpg,C:\Users\yasha\Desktop\IMG\right_2026_07_31_14_38_31_857.jpg,0,0,0,6.501466E-06
C:\Users\yasha\Desktop\IMG\center_2026_07_31_14_38_31_938.jpg,C:\Users\yasha\Desktop\IMG\left_2026_07_31_14_38_31_938.jpg,C:\Users\yasha\Desktop\IMG\right_2026_07_31_14_38_31_938.jpg,0,0,0,1.925082E-06
C:\Users\yasha\Desktop\IMG\center_2026_07_31_14_38_32_019.jpg,C:\Users\yasha\Desktop\IMG\left_2026_07_31_14_38_32_019.jpg,C:\Users\yasha\Desktop\IMG\right_2026_07_31_14_38_32_019.jpg,0,0,0,6.343192E-06
C:\Users\yasha\Desktop\IMG\center_2026_07_31_14_38_32_096.jpg,C:\Users\yasha\Desktop\IMG\left_2026_07_31_14_38_32_096.jpg,C:\Users\yasha\Desktop\IMG\right_2026_07_31_14_38_32_096.jpg,0,0,0,2.122939E-05
C:\Users\yasha\Desktop\IMG\center_2026_07_31_14_38_32_176.jpg,C:\Users\yasha\Desktop\IMG\left_2026_07_31_14_38_32_176.jpg,C:\Users\yasha\Desktop\IMG\right_2026_07_31_14_38_32_176.jpg,0,0,0,4.933928E-06
C:\Users\yasha\Desktop\IMG\center_2026_07_31_14_38_32_247.jpg,C:\Users\yasha\Desktop\IMG\left_2026_07_31_14_38_32_247.jpg,C:\Users\yasha\Desktop\IMG\right_2026_07_31_14_38_32_247.jpg,0,0,0,7.966444E-06
C:\Users\yasha\Desktop\IMG\center_2026_07_31_14_38_32_319.jpg,C:\Users\yasha\Desktop\IMG\left_2026_07_31_14_38_32_319.jpg,C:\Users\yasha\Desktop\IMG\right_2026_07_31_14_38_32_319.jpg,0,0,0,6.966918E-06
C:\Users\yasha\Desktop\IMG\center_2026_07_31_14_38_32_387.jpg,C:\Users\yasha\Desktop\IMG\left_2026_07_31_14_38_32_387.jpg,C:\Users\yasha\Desktop\IMG\right_2026_07_31_14_38_32_387.jpg,0,0,0,1.195217E-05
C:\Users\yasha\Desktop\IMG\center_2026_07_31_14_38_32_461.jpg,C:\Users\yasha\Desktop\IMG\left_2026_07_31_14_38_32_461.jpg,C:\Users\yasha\Desktop\IMG\right_2026_07_31_14_38_32_461.jpg,0,0,0,1.360984E-05
C:\Users\yasha\Desktop\IMG\center_2026_07_31_14_38_32_541.jpg,C:\Users\yasha\Desktop\IMG\left_2026_07_31_14_38_32_541.jpg,C:\Users\yasha\Desktop\IMG\right_2026_07_31_14_38_32_541.jpg,0,0,0,9.95315E-06
C:\Users\yasha\Desktop\IMG\center_2026_07_31_14_38_32_621.jpg,C:\Users\yasha\Desktop\IMG\left_2026_07_31_14_38_32_621.jpg,C:\Users\yasha\Desktop\IMG\right_2026_07_31_14_38_32_621.jpg,0,0,0,1.622376E-06
C:\Users\yasha\Desktop\IMG\center_2026_07_31_14_38_32_694.jpg,C:\Users\yasha\Desktop\IMG\left_2026_07_31_14_38_32_694.jpg,C:\Users\yasha\Desktop\IMG\right_2026_07_31_14_38_32_694.jpg,0,0,0,9.410607E-06
C:\Users\yasha\Desktop\IMG\center_2026_07_31_14_38_32_764.jpg,C:\Users\yasha\Desktop\IMG\left_2026_07_31_14_38_32_764.jpg,C:\Users\yasha\Desktop\IMG\right_2026_07_31_14_38_32_764.jpg,0,0.063768,0,0.03091655
C:\Users\yasha\Desktop\IMG\center_2026_07_31_14_38_32_848.jpg,C:\Users\yasha\Desktop\IMG\left_2026_07_31_14_38_32_848.jpg,C:\Users\yasha\Desktop\IMG\right_2026_07_31_14_38_32_848.jpg,0,0.3018315,0,0.2009929
C:\Users\yasha\Desktop\IMG\center_2026_07_31_14_38_32_930.jpg,C:\Users\yasha\Desktop\IMG\left_2026_07_31_14_38_32_930.jpg,C:\Users\yasha\Desktop\IMG\right_2026_07_31_14_38_32_930.jpg,0,0.551211,0,0.6403746
C:\Users\yasha\Desktop\IMG\center_2026_07_31_14_38_32_998.jpg,C:\Users\yasha\Desktop\IMG\left_2026_07_31_14_38_32_998.jpg,C:\Users\yasha\Desktop\IMG\right_2026_07_31_14_38_32_998.jpg,0,0.726265,0,1.08654
C:\Users\yasha\Desktop\IMG\center_2026_07_31_14_38_33_079.jpg,C:\Users\yasha\Desktop\IMG\left_2026_07_31_14_38_33_079.jpg,C:\Users\yasha\Desktop\IMG\right_2026_07_31_14_38_33_079.jpg,0,0.9884397,0,1.966632
C:\Users\yasha\Desktop\IMG\center_2026_07_31_14_38_33_138.jpg,C:\Users\yasha\Desktop\IMG\left_2026_07_31_14_38_33_138.jpg,C:\Users\yasha\Desktop\IMG\right_2026_07_31_14_38_33_138.jpg,0,1,0,2.66043
C:\Users\yasha\Desktop\IMG\center_2026_07_31_14_38_33_217.jpg,C:\Users\yasha\Desktop\IMG\left_2026_07_31_14_38_33_217.jpg,C:\Users\yasha\Desktop\IMG\right_2026_07_31_14_38_33_217.jpg,0,1,0,3.597097
C:\Users\yasha\Desktop\IMG\center_2026_07_31_14_38_33_291.jpg,C:\Users\yasha\Desktop\IMG\left_2026_07_31_14_38_33_291.jpg,C:\Users\yasha\Desktop\IMG\right_2026_07_31_14_38_33_291.jpg,0,1,0,4.535698
C:\Users\yasha\Desktop\IMG\center_2026_07_31_14_38_33_372.jpg,C:\Users\yasha\Desktop\IMG\left_2026_07_31_14_38_33_372.jpg,C:\Users\yasha\Desktop\IMG\right_2026_07_31_14_38_33_372.jpg,0,1,0,5.464948
C:\Users\yasha\Desktop\IMG\center_2026_07_31_14_38_33_458.jpg,C:\Users\yasha\Desktop\IMG\left_2026_07_31_14_38_33_458.jpg,C:\Users\yasha\Desktop\IMG\right_2026_07_31_14_38_33_458.jpg,0,1,0,6.387086
C:\Users\yasha\Desktop\IMG\center_2026_07_31_14_38_33_535.jpg,C:\Users\yasha\Desktop\IMG\left_2026_07_31_14_38_33_535.jpg,C:\Users\yasha\Desktop\IMG\right_2026_07_31_14_38_33_535.jpg,0,1,0,7.302062
C:\Users\yasha\Desktop\IMG\center_2026_07_31_14_38_33_606.jpg,C:\Users\yasha\Desktop\IMG\left_2026_07_31_14_38_33_606.jpg,C:\Users\yasha\Desktop\IMG\right_2026_07_31_14_38_33_606.jpg,0,1,0,8.209925
C:\Users\yasha\Desktop\IMG\center_2026_07_31_14_38_33_690.jpg,C:\Users\yasha\Desktop\IMG\left_2026_07_31_14_38_33_690.jpg,C:\Users\yasha\Desktop\IMG\right_2026_07_31_14_38_33_690.jpg,0,1,0,9.110721
C:\Users\yasha\Desktop\IMG\center_2026_07_31_14_38_33_769.jpg,C:\Users\yasha\Desktop\IMG\left_2026_07_31_14_38_33_769.jpg,C:\Users\yasha\Desktop\IMG\right_2026_07_31_14_38_33_769.jpg,0,1,0,10.00445
C:\Users\yasha\Desktop\IMG\center_2026_07_31_14_38_33_840.jpg,C:\Users\yasha\Desktop\IMG\left_2026_07_31_14_38_33_840.jpg,C:\Users\yasha\Desktop\IMG\right_2026_07_31_14_38_33_840.jpg,0,1,0,10.67013
C:\Users\yasha\Desktop\IMG\center_2026_07_31_14_38_33_925.jpg,C:\Users\yasha\Desktop\IMG\left_2026_07_31_14_38_33_925.jpg,C:\Users\yasha\Desktop\IMG\right_2026_07_31_14_38_33_925.jpg,0,1,0,11.6074
C:\Users\yasha\Desktop\IMG\center_2026_07_31_14_38_34_006.jpg,C:\Users\yasha\Desktop\IMG\left_2026_07_31_14_38_34_006.jpg,C:\Users\yasha\Desktop\IMG\right_2026_07_31_14_38_34_006.jpg,-0.2,1,0,12.61286
C:\Users\yasha\Desktop\IMG\center_2026_07_31_14_38_34_083.jpg,C:\Users\yasha\Desktop\IMG\left_2026_07_31_14_38_34_083.jpg,C:\Users\yasha\Desktop\IMG\right_2026_07_31_14_38_34_083.jpg,-0.4,1,0,13.40922
C:\Users\yasha\Desktop\IMG\center_2026_07_31_14_38_34_171.jpg,C:\Users\yasha\Desktop\IMG\left_2026_07_31_14_38_34_171.jpg,C:\Users\yasha\Desktop\IMG\right_2026_07_31_14_38_34_171.jpg,0,1,0,14.26844
C:\Users\yasha\Desktop\IMG\center_2026_07_31_14_38_34_251.jpg,C:\Users\yasha\Desktop\IMG\left_2026_07_31_14_38_34_251.jpg,C:\Users\yasha\Desktop\IMG\right_2026_07_31_14_38_34_251.jpg,-0.1,1,0,15.09285
C:\Users\yasha\Desktop\IMG\center_2026_07_31_14_38_34_336.jpg,C:\Users\yasha\Desktop\IMG\left_2026_07_31_14_38_34_336.jpg,C:\Users\yasha\Desktop\IMG\right_2026_07_31_14_38_34_336.jpg,0,1,0,15.94538
C:\Users\yasha\Desktop\IMG\center_2026_07_31_14_38_34_417.jpg,C:\Users\yasha\Desktop\IMG\left_2026_07_31_14_38_34_417.jpg,C:\Users\yasha\Desktop\IMG\right_2026_07_31_14_38_34_417.jpg,0,1,0,16.77193
C:\Users\yasha\Desktop\IMG\center_2026_07_31_14_38_34_499.jpg,C:\Users\yasha\Desktop\IMG\left_2026_07_31_14_38_34_499.jpg,C:\Users\yasha\Desktop\IMG\right_2026_07_31_14_38_34_499.jpg,0,1,0,17.6193
C:\Users\yasha\Desktop\IMG\center_2026_07_31_14_38_34_567.jpg,C:\Users\yasha\Desktop\IMG\left_2026_07_31_14_38_34_567.jpg,C:\Users\yasha\Desktop\IMG\right_2026_07_31_14_38_34_567.jpg,0,1,0,18.45641
C:\Users\yasha\Desktop\IMG\center_2026_07_31_14_38_34_641.jpg,C:\Users\yasha\Desktop\IMG\left_2026_07_31_14_38_34_641.jpg,C:\Users\yasha\Desktop\IMG\right_2026_07_31_14_38_34_641.jpg,0.15,1,0,19.27245
C:\Users\yasha\Desktop\IMG\center_2026_07_31_14_38_34_729.jpg,C:\Users\yasha\Desktop\IMG\left_2026_07_31_14_38_34_729.jpg,C:\Users\yasha\Desktop\IMG\right_2026_07_31_14_38_34_729.jpg,0,1,0,20.07841
C:\Users\yasha\Desktop\IMG\center_2026_07_31_14_38_34_803.jpg,C:\Users\yasha\Desktop\IMG\left_2026_07_31_14_38_34_803.jpg,C:\Users\yasha\Desktop\IMG\right_2026_07_31_14_38_34_803.jpg,0,1,0,20.88837
C:\Users\yasha\Desktop\IMG\center_2026_07_31_14_38_34_873.jpg,C:\Users\yasha\Desktop\IMG\left_2026_07_31_14_38_34_873.jpg,C:\Users\yasha\Desktop\IMG\right_2026_07_31_14_38_34_873.jpg,0,1,0,21.48531
C:\Users\yasha\Desktop\IMG\center_2026_07_31_14_38_34_954.jpg,C:\Users\yasha\Desktop\IMG\left_2026_07_31_14_38_34_954.jpg,C:\Users\yasha\Desktop\IMG\right_2026_07_31_14_38_34_954.jpg,-0.1,1,0,22.27754
C:\Users\yasha\Desktop\IMG\center_2026_07_31_14_38_35_031.jpg,C:\Users\yasha\Desktop\IMG\left_2026_07_31_14_38_35_031.jpg,C:\Users\yasha\Desktop\IMG\right_2026_07_31_14_38_35_031.jpg,-0.3,1,0,23.02018
C:\Users\yasha\Desktop\IMG\center_2026_07_31_14_38_35_106.jpg,C:\Users\yasha\Desktop\IMG\left_2026_07_31_14_38_35_106.jpg,C:\Users\yasha\Desktop\IMG\right_2026_07_31_14_38_35_106.jpg,0,1,0,23.79725
C:\Users\yasha\Desktop\IMG\center_2026_07_31_14_38_35_197.jpg,C:\Users\yasha\Desktop\IMG\left_2026_07_31_14_38_35_197.jpg,C:\Users\yasha\Desktop\IMG\right_2026_07_31_14_38_35_197.jpg,0,1,0,24.572
C:\Users\yasha\Desktop\IMG\center_2026_07_31_14_38_35_273.jpg,C:\Users\yasha\Desktop\IMG\left_2026_07_31_14_38_35_273.jpg,C:\Users\yasha\Desktop\IMG\right_2026_07_31_14_38_35_273.jpg,0,1,0,25.34124
C:\Users\yasha\Desktop\IMG\center_2026_07_31_14_38_35_341.jpg,C:\Users\yasha\Desktop\IMG\left_2026_07_31_14_38_35_341.jpg,C:\Users\yasha\Desktop\IMG\right_2026_07_31_14_38_35_341.jpg,0,1,0,26.10469
C:\Users\yasha\Desktop\IMG\center_2026_07_31_14_38_35_421.jpg,C:\Users\yasha\Desktop\IMG\left_2026_07_31_14_38_35_421.jpg,C:\Users\yasha\Desktop\IMG\right_2026_07_31_14_38_35_421.jpg,-0.05,1,0,26.86152
C:\Users\yasha\Desktop\IMG\center_2026_07_31_14_38_35_506.jpg,C:\Users\yasha\Desktop\IMG\left_2026_07_31_14_38_35_506.jpg,C:\Users\yasha\Desktop\IMG\right_2026_07_31_14_38_35_506.jpg,-0.25,1,0,27.58142
C:\Users\yasha\Desktop\IMG\center_2026_07_31_14_38_35_584.jpg,C:\Users\yasha\Desktop\IMG\left_2026_07_31_14_38_35_584.jpg,C:\Users\yasha\Desktop\IMG\right_2026_07_31_14_38_35_584.jpg,0,1,0,28.32293
C:\Users\yasha\Desktop\IMG\center_2026_07_31_14_38_35_658.jpg,C:\Users\yasha\Desktop\IMG\left_2026_07_31_14_38_35_658.jpg,C:\Users\yasha\Desktop\IMG\right_2026_07_31_14_38_35_658.jpg,0,1,0,28.8774
C:\Users\yasha\Desktop\IMG\center_2026_07_31_14_38_35_729.jpg,C:\Users\yasha\Desktop\IMG\left_2026_07_31_14_38_35_729.jpg,C:\Users\yasha\Desktop\IMG\right_2026_07_31_14_38_35_729.jpg,0,1,0,29.61222
C:\Users\yasha\Desktop\IMG\center_2026_07_31_14_38_35_813.jpg,C:\Users\yasha\Desktop\IMG\left_2026_07_31_14_38_35_813.jpg,C:\Users\yasha\Desktop\IMG\right_2026_07_31_14_38_35_813.jpg,0,1,0,30.1912
C:\Users\yasha\Desktop\IMG\center_2026_07_31_14_38_35_887.jpg,C:\Users\yasha\Desktop\IMG\left_2026_07_31_14_38_35_887.jpg,C:\Users\yasha\Desktop\IMG\right_2026_07_31_14_38_35_887.jpg,0,1,0,30.19034
C:\Users\yasha\Desktop\IMG\center_2026_07_31_14_38_35_954.jpg,C:\Users\yasha\Desktop\IMG\left_2026_07_31_14_38_35_954.jpg,C:\Users\yasha\Desktop\IMG\right_2026_07_31_14_38_35_954.jpg,0,1,0,30.19026
C:\Users\yasha\Desktop\IMG\center_2026_07_31_14_38_36_021.jpg,C:\Users\yasha\Desktop\IMG\left_2026_07_31_14_38_36_021.jpg,C:\Users\yasha\Desktop\IMG\right_2026_07_31_14_38_36_021.jpg,0,1,0,30.19031
C:\Users\yasha\Desktop\IMG\center_2026_07_31_14_38_36_105.jpg,C:\Users\yasha\Desktop\IMG\left_2026_07_31_14_38_36_105.jpg,C:\Users\yasha\Desktop\IMG\right_2026_07_31_14_38_36_105.jpg,0,1,0,30.19031
C:\Users\yasha\Desktop\IMG\center_2026_07_31_14_38_36_178.jpg,C:\Users\yasha\Desktop\IMG\left_2026_07_31_14_38_36_178.jpg,C:\Users\yasha\Desktop\IMG\right_2026_07_31_14_38_36_178.jpg,0,1,0,30.19031
C:\Users\yasha\Desktop\IMG\center_2026_07_31_14_38_36_248.jpg,C:\Users\yasha\Desktop\IMG\left_2026_07_31_14_38_36_248.jpg,C:\Users\yasha\Desktop\IMG\right_2026_07_31_14_38_36_248.jpg,0,1,0,30.19028
C:\Users\yasha\Desktop\IMG\center_2026_07_31_14_38_36_325.jpg,C:\Users\yasha\Desktop\IMG\left_2026_07_31_14_38_36_325.jpg,C:\Users\yasha\Desktop\IMG\right_2026_07_31_14_38_36_325.jpg,0,1,0,30.19023
C:\Users\yasha\Desktop\IMG\center_2026_07_31_14_38_36_401.jpg,C:\Users\yasha\Desktop\IMG\left_2026_07_31_14_38_36_401.jpg,C:\Users\yasha\Desktop\IMG\right_2026_07_31_14_38_36_401.jpg,0,1,0,30.19025
C:\Users\yasha\Desktop\IMG\center_2026_07_31_14_38_36_478.jpg,C:\Users\yasha\Desktop\IMG\left_2026_07_31_14_38_36_478.jpg,C:\Users\yasha\Desktop\IMG\right_2026_07_31_14_38_36_478.jpg,-0.15,1,0,30.18422
C:\Users\yasha\Desktop\IMG\center_2026_07_31_14_38_36_563.jpg,C:\Users\yasha\Desktop\IMG\left_2026_07_31_14_38_36_563.jpg,C:\Users\yasha\Desktop\IMG\right_2026_07_31_14_38_36_563.jpg,0,1,0,30.19053
C:\Users\yasha\Desktop\IMG\center_2026_07_31_14_38_36_637.jpg,C:\Users\yasha\Desktop\IMG\left_2026_07_31_14_38_36_637.jpg,C:\Users\yasha\Desktop\IMG\right_2026_07_31_14_38_36_637.jpg,0,1,0,30.19024
C:\Users\yasha\Desktop\IMG\center_2026_07_31_14_38_36_703.jpg,C:\Users\yasha\Desktop\IMG\left_2026_07_31_14_38_36_703.jpg,C:\Users\yasha\Desktop\IMG\right_2026_07_31_14_38_36_703.jpg,0,1,0,30.19029
C:\Users\yasha\Desktop\IMG\center_2026_07_31_14_38_36_779.jpg,C:\Users\yasha\Desktop\IMG\left_2026_07_31_14_38_36_779.jpg,C:\Users\yasha\Desktop\IMG\right_2026_07_31_14_38_36_779.jpg,-0.05,1,0,30.18983
C:\Users\yasha\Desktop\IMG\center_2026_07_31_14_38_36_863.jpg,C:\Users\yasha\Desktop\IMG\left_2026_07_31_14_38_36_863.jpg,C:\Users\yasha\Desktop\IMG\right_2026_07_31_14_38_36_863.jpg,0,1,0,30.19095
C:\Users\yasha\Desktop\IMG\center_2026_07_31_14_38_36_939.jpg,C:\Users\yasha\Desktop\IMG\left_2026_07_31_14_38_36_939.jpg,C:\Users\yasha\Desktop\IMG\right_2026_07_31_14_38_36_939.jpg,0,1,0,30.19012
C:\Users\yasha\Desktop\IMG\center_2026_07_31_14_38_37_007.jpg,C:\Users\yasha\Desktop\IMG\left_2026_07_31_14_38_37_007.jpg,C:\Users\yasha\Desktop\IMG\right_2026_07_31_14_38_37_007.jpg,-0.1,1,0,30.18843
C:\Users\yasha\Desktop\IMG\center_2026_07_31_14_38_37_080.jpg,C:\Users\yasha\Desktop\IMG\left_2026_07_31_14_38_37_080.jpg,C:\Users\yasha\Desktop\IMG\right_2026_07_31_14_38_37_080.jpg,-0.25,1,0,30.17594
C:\Users\yasha\Desktop\IMG\center_2026_07_31_14_38_37_154.jpg,C:\Users\yasha\Desktop\IMG\left_2026_07_31_14_38_37_154.jpg,C:\Users\yasha\Desktop\IMG\right_2026_07_31_14_38_37_154.jpg,0,1,0,30.19004
C:\Users\yasha\Desktop\IMG\center_2026_07_31_14_38_37_244.jpg,C:\Users\yasha\Desktop\IMG\left_2026_07_31_14_38_37_244.jpg,C:\Users\yasha\Desktop\IMG\right_2026_07_31_14_38_37_244.jpg,-0.1,1,0,30.1888
C:\Users\yasha\Desktop\IMG\center_2026_07_31_14_38_37_334.jpg,C:\Users\yasha\Desktop\IMG\left_2026_07_31_14_38_37_334.jpg,C:\Users\yasha\Desktop\IMG\right_2026_07_31_14_38_37_334.jpg,-0.3,1,0,30.171
C:\Users\yasha\Desktop\IMG\center_2026_07_31_14_38_37_414.jpg,C:\Users\yasha\Desktop\IMG\left_2026_07_31_14_38_37_414.jpg,C:\Users\yasha\Desktop\IMG\right_2026_07_31_14_38_37_414.jpg,0,1,0,30.1797
C:\Users\yasha\Desktop\IMG\center_2026_07_31_14_38_37_485.jpg,C:\Users\yasha\Desktop\IMG\left_2026_07_31_14_38_37_485.jpg,C:\Users\yasha\Desktop\IMG\right_2026_07_31_14_38_37_485.jpg,0,1,0,30.18881
C:\Users\yasha\Desktop\IMG\center_2026_07_31_14_38_37_553.jpg,C:\Users\yasha\Desktop\IMG\left_2026_07_31_14_38_37_553.jpg,C:\Users\yasha\Desktop\IMG\right_2026_07_31_14_38_37_553.jpg,0,1,0,30.18985
C:\Users\yasha\Desktop\IMG\center_2026_07_31_14_38_37_628.jpg,C:\Users\yasha\Desktop\IMG\left_2026_07_31_14_38_37_628.jpg,C:\Users\yasha\Desktop\IMG\right_2026_07_31_14_38_37_628.jpg,0.2,1,0,30.17657
C:\Users\yasha\Desktop\IMG\center_2026_07_31_14_38_37_704.jpg,C:\Users\yasha\Desktop\IMG\left_2026_07_31_14_38_37_704.jpg,C:\Users\yasha\Desktop\IMG\right_2026_07_31_14_38_37_704.jpg,0,1,0,30.1818
C:\Users\yasha\Desktop\IMG\center_2026_07_31_14_38_37_781.jpg,C:\Users\yasha\Desktop\IMG\left_2026_07_31_14_38_37_781.jpg,C:\Users\yasha\Desktop\IMG\right_2026_07_31_14_38_37_781.jpg,0,1,0,30.18942
C:\Users\yasha\Desktop\IMG\center_2026_07_31_14_38_37_850.jpg,C:\Users\yasha\Desktop\IMG\left_2026_07_31_14_38_37_850.jpg,C:\Users\yasha\Desktop\IMG\right_2026_07_31_14_38_37_850.jpg,0,1,0,30.19002
C:\Users\yasha\Desktop\IMG\center_2026_07_31_14_38_37_930.jpg,C:\Users\yasha\Desktop\IMG\left_2026_07_31_14_38_37_930.jpg,C:\Users\yasha\Desktop\IMG\right_2026_07_31_14_38_37_930.jpg,0.05,1,0,30.19
C:\Users\yasha\Desktop\IMG\center_2026_07_31_14_38_38_000.jpg,C:\Users\yasha\Desktop\IMG\left_2026_07_31_14_38_38_000.jpg,C:\Users\yasha\Desktop\IMG\right_2026_07_31_14_38_38_000.jpg,0,1,0,30.18872
C:\Users\yasha\Desktop\IMG\center_2026_07_31_14_38_38_085.jpg,C:\Users\yasha\Desktop\IMG\left_2026_07_31_14_38_38_085.jpg,C:\Users\yasha\Desktop\IMG\right_2026_07_31_14_38_38_085.jpg,0,1,0,30.19023
C:\Users\yasha\Desktop\IMG\center_2026_07_31_14_38_38_156.jpg,C:\Users\yasha\Desktop\IMG\left_2026_07_31_14_38_38_156.jpg,C:\Users\yasha\Desktop\IMG\right_2026_07_31_14_38_38_156.jpg,0,1,0,30.19028
C:\Users\yasha\Desktop\IMG\center_2026_07_31_14_38_38_231.jpg,C:\Users\yasha\Desktop\IMG\left_2026_07_31_14_38_38_231.jpg,C:\Users\yasha\Desktop\IMG\right_2026_07_31_14_38_38_231.jpg,0,1,0,30.19032
C:\Users\yasha\Desktop\IMG\center_2026_07_31_14_38_38_303.jpg,C:\Users\yasha\Desktop\IMG\left_2026_07_31_14_38_38_303.jpg,C:\Users\yasha\Desktop\IMG\right_2026_07_31_14_38_38_303.jpg,0,1,0,30.19032
C:\Users\yasha\Desktop\IMG\center_2026_07_31_14_38_38_372.jpg,C:\Users\yasha\Desktop\IMG\left_2026_07_31_14_38_38_372.jpg,C:\Users\yasha\Desktop\IMG\right_2026_07_31_14_38_38_372.jpg,0,1,0,30.1903
C:\Users\yasha\Desktop\IMG\center_2026_07_31_14_38_38_442.jpg,C:\Users\yasha\Desktop\IMG\left_2026_07_31_14_38_38_442.jpg,C:\Users\yasha\Desktop\IMG\right_2026_07_31_14_38_38_442.jpg,0,1,0,30.19031
C:\Users\yasha\Desktop\IMG\center_2026_07_31_14_38_38_521.jpg,C:\Users\yasha\Desktop\IMG\left_2026_07_31_14_38_38_521.jpg,C:\Users\yasha\Desktop\IMG\right_2026_07_31_14_38_38_521.jpg,0,1,0,30.19029
C:\Users\yasha\Desktop\IMG\center_2026_07_31_14_38_38_603.jpg,C:\Users\yasha\Desktop\IMG\left_2026_07_31_14_38_38_603.jpg,C:\Users\yasha\Desktop\IMG\right_2026_07_31_14_38_38_603.jpg,0,1,0,30.19032
C:\Users\yasha\Desktop\IMG\center_2026_07_31_14_38_38_691.jpg,C:\Users\yasha\Desktop\IMG\left_2026_07_31_14_38_38_691.jpg,C:\Users\yasha\Desktop\IMG\right_2026_07_31_14_38_38_691.jpg,0,1,0,30.1903
C:\Users\yasha\Desktop\IMG\center_2026_07_31_14_38_38_779.jpg,C:\Users\yasha\Desktop\IMG\left_2026_07_31_14_38_38_779.jpg,C:\Users\yasha\Desktop\IMG\right_2026_07_31_14_38_38_779.jpg,-0.2,1,0,30.17984
C:\Users\yasha\Desktop\IMG\center_2026_07_31_14_38_38_851.jpg,C:\Users\yasha\Desktop\IMG\left_2026_07_31_14_38_38_851.jpg,C:\Users\yasha\Desktop\IMG\right_2026_07_31_14_38_38_851.jpg,0,1,0,30.183
C:\Users\yasha\Desktop\IMG\center_2026_07_31_14_38_38_919.jpg,C:\Users\yasha\Desktop\IMG\left_2026_07_31_14_38_38_919.jpg,C:\Users\yasha\Desktop\IMG\right_2026_07_31_14_38_38_919.jpg,0,1,0,30.18951
C:\Users\yasha\Desktop\IMG\center_2026_07_31_14_38_38_994.jpg,C:\Users\yasha\Desktop\IMG\left_2026_07_31_14_38_38_994.jpg,C:\Users\yasha\Desktop\IMG\right_2026_07_31_14_38_38_994.jpg,0,1,0,30.19007
C:\Users\yasha\Desktop\IMG\center_2026_07_31_14_38_39_074.jpg,C:\Users\yasha\Desktop\IMG\left_2026_07_31_14_38_39_074.jpg,C:\Users\yasha\Desktop\IMG\right_2026_07_31_14_38_39_074.jpg,0,1,0,30.19066
C:\Users\yasha\Desktop\IMG\center_2026_07_31_14_38_39_166.jpg,C:\Users\yasha\Desktop\IMG\left_2026_07_31_14_38_39_166.jpg,C:\Users\yasha\Desktop\IMG\right_2026_07_31_14_38_39_166.jpg,0,1,0,30.19027
C:\Users\yasha\Desktop\IMG\center_2026_07_31_14_38_39_240.jpg,C:\Users\yasha\Desktop\IMG\left_2026_07_31_14_38_39_240.jpg,C:\Users\yasha\Desktop\IMG\right_2026_07_31_14_38_39_240.jpg,0,1,0,30.19031
C:\Users\yasha\Desktop\IMG\center_2026_07_31_14_38_39_315.jpg,C:\Users\yasha\Desktop\IMG\left_2026_07_31_14_38_39_315.jpg,C:\Users\yasha\Desktop\IMG\right_2026_07_31_14_38_39_315.jpg,0,1,0,30.19031
C:\Users\yasha\Desktop\IMG\center_2026_07_31_14_38_39_383.jpg,C:\Users\yasha\Desktop\IMG\left_2026_07_31_14_38_39_383.jpg,C:\Users\yasha\Desktop\IMG\right_2026_07_31_14_38_39_383.jpg,0,1,0,30.19039
C:\Users\yasha\Desktop\IMG\center_2026_07_31_14_38_39_460.jpg,C:\Users\yasha\Desktop\IMG\left_2026_07_31_14_38_39_460.jpg,C:\Users\yasha\Desktop\IMG\right_2026_07_31_14_38_39_460.jpg,0,1,0,30.19026
C:\Users\yasha\Desktop\IMG\center_2026_07_31_14_38_39_534.jpg,C:\Users\yasha\Desktop\IMG\left_2026_07_31_14_38_39_534.jpg,C:\Users\yasha\Desktop\IMG\right_2026_07_31_14_38_39_534.jpg,0,1,0,30.1903
C:\Users\yasha\Desktop\IMG\center_2026_07_31_14_38_39_603.jpg,C:\Users\yasha\Desktop\IMG\left_2026_07_31_14_38_39_603.jpg,C:\Users\yasha\Desktop\IMG\right_2026_07_31_14_38_39_603.jpg,0,1,0,30.19027
C:\Users\yasha\Desktop\IMG\center_2026_07_31_14_38_39_674.jpg,C:\Users\yasha\Desktop\IMG\left_2026_07_31_14_38_39_674.jpg,C:\Users\yasha\Desktop\IMG\right_2026_07_31_14_38_39_674.jpg,0,1,0,30.19028
C:\Users\yasha\Desktop\IMG\center_2026_07_31_14_38_39_747.jpg,C:\Users\yasha\Desktop\IMG\left_2026_07_31_14_38_39_747.jpg,C:\Users\yasha\Desktop\IMG\right_2026_07_31_14_38_39_747.jpg,0,1,0,30.19028
C:\Users\yasha\Desktop\IMG\center_2026_07_31_14_38_39_816.jpg,C:\Users\yasha\Desktop\IMG\left_2026_07_31_14_38_39_816.jpg,C:\Users\yasha\Desktop\IMG\right_2026_07_31_14_38_39_816.jpg,0,1,0,30.19028
C:\Users\yasha\Desktop\IMG\center_2026_07_31_14_38_39_902.jpg,C:\Users\yasha\Desktop\IMG\left_2026_07_31_14_38_39_902.jpg,C:\Users\yasha\Desktop\IMG\right_2026_07_31_14_38_39_902.jpg,0,1,0,30.19027
C:\Users\yasha\Desktop\IMG\center_2026_07_31_14_38_39_973.jpg,C:\Users\yasha\Desktop\IMG\left_2026_07_31_14_38_39_973.jpg,C:\Users\yasha\Desktop\IMG\right_2026_07_31_14_38_39_973.jpg,0,1,0,30.18988
C:\Users\yasha\Desktop\IMG\center_2026_07_31_14_38_40_042.jpg,C:\Users\yasha\Desktop\IMG\left_2026_07_31_14_38_40_042.jpg,C:\Users\yasha\Desktop\IMG\right_2026_07_31_14_38_40_042.jpg,0,1,0,30.19036
C:\Users\yasha\Desktop\IMG\center_2026_07_31_14_38_40_121.jpg,C:\Users\yasha\Desktop\IMG\left_2026_07_31_14_38_40_121.jpg,C:\Users\yasha\Desktop\IMG\right_2026_07_31_14_38_40_121.jpg,-0.2,1,0,30.17947
C:\Users\yasha\Desktop\IMG\center_2026_07_31_14_38_40_207.jpg,C:\Users\yasha\Desktop\IMG\left_2026_07_31_14_38_40_207.jpg,C:\Users\yasha\Desktop\IMG\right_2026_07_31_14_38_40_207.jpg,0,1,0,30.1828
C:\Users\yasha\Desktop\IMG\center_2026_07_31_14_38_40_296.jpg,C:\Users\yasha\Desktop\IMG\left_2026_07_31_14_38_40_296.jpg,C:\Users\yasha\Desktop\IMG\right_2026_07_31_14_38_40_296.jpg,0,1,0,30.18988
C:\Users\yasha\Desktop\IMG\center_2026_07_31_14_38_40_365.jpg,C:\Users\yasha\Desktop\IMG\left_2026_07_31_14_38_40_365.jpg,C:\Users\yasha\Desktop\IMG\right_2026_07_31_14_38_40_365.jpg,-0.15,1,0,30.18671
C:\Users\yasha\Desktop\IMG\center_2026_07_31_14_38_40_450.jpg,C:\Users\yasha\Desktop\IMG\left_2026_07_31_14_38_40_450.jpg,C:\Users\yasha\Desktop\IMG\right_2026_07_31_14_38_40_450.jpg,-0.35,1,0,30.16637
C:\Users\yasha\Desktop\IMG\center_2026_07_31_14_38_40_520.jpg,C:\Users\yasha\Desktop\IMG\left_2026_07_31_14_38_40_520.jpg,C:\Users\yasha\Desktop\IMG\right_2026_07_31_14_38_40_520.jpg,0,1,0,30.18829
C:\Users\yasha\Desktop\IMG\center_2026_07_31_14_38_40_597.jpg,C:\Users\yasha\Desktop\IMG\left_2026_07_31_14_38_40_597.jpg,C:\Users\yasha\Desktop\IMG\right_2026_07_31_14_38_40_597.jpg,0,1,0,30.1904
C:\Users\yasha\Desktop\IMG\center_2026_07_31_14_38_40_678.jpg,C:\Users\yasha\Desktop\IMG\left_2026_07_31_14_38_40_678.jpg,C:\Users\yasha\Desktop\IMG\right_2026_07_31_14_38_40_678.jpg,0,1,0,30.19012
C:\Users\yasha\Desktop\IMG\center_2026_07_31_14_38_40_747.jpg,C:\Users\yasha\Desktop\IMG\left_2026_07_31_14_38_40_747.jpg,C:\Users\yasha\Desktop\IMG\right_2026_07_31_14_38_40_747.jpg,0,1,0,30.19014
C:\Users\yasha\Desktop\IMG\center_2026_07_31_14_38_40_818.jpg,C:\Users\yasha\Desktop\IMG\left_2026_07_31_14_38_40_818.jpg,C:\Users\yasha\Desktop\IMG\right_2026_07_31_14_38_40_818.jpg,0.05,1,0,30.18961
C:\Users\yasha\Desktop\IMG\center_2026_07_31_14_38_40_886.jpg,C:\Users\yasha\Desktop\IMG\left_2026_07_31_14_38_40_886.jpg,C:\Users\yasha\Desktop\IMG\right_2026_07_31_14_38_40_886.jpg,0.25,1,0,30.17431
C:\Users\yasha\Desktop\IMG\center_2026_07_31_14_38_40_959.jpg,C:\Users\yasha\Desktop\IMG\left_2026_07_31_14_38_40_959.jpg,C:\Users\yasha\Desktop\IMG\right_2026_07_31_14_38_40_959.jpg,0,1,0,30.18245
C:\Users\yasha\Desktop\IMG\center_2026_07_31_14_38_41_050.jpg,C:\Users\yasha\Desktop\IMG\left_2026_07_31_14_38_41_050.jpg,C:\Users\yasha\Desktop\IMG\right_2026_07_31_14_38_41_050.jpg,0,1,0,30.18975
C:\Users\yasha\Desktop\IMG\center_2026_07_31_14_38_41_119.jpg,C:\Users\yasha\Desktop\IMG\left_2026_07_31_14_38_41_119.jpg,C:\Users\yasha\Desktop\IMG\right_2026_07_31_14_38_41_119.jpg,0.1,1,0,30.18998
C:\Users\yasha\Desktop\IMG\center_2026_07_31_14_38_41_192.jpg,C:\Users\yasha\Desktop\IMG\left_2026_07_31_14_38_41_192.jpg,C:\Users\yasha\Desktop\IMG\right_2026_07_31_14_38_41_192.jpg,0.3,1,0,30.17272
C:\Users\yasha\Desktop\IMG\center_2026_07_31_14_38_41_272.jpg,C:\Users\yasha\Desktop\IMG\left_2026_07_31_14_38_41_272.jpg,C:\Users\yasha\Desktop\IMG\right_2026_07_31_14_38_41_272.jpg,0,1,0,30.18915
C:\Users\yasha\Desktop\IMG\center_2026_07_31_14_38_41_349.jpg,C:\Users\yasha\Desktop\IMG\left_2026_07_31_14_38_41_349.jpg,C:\Users\yasha\Desktop\IMG\right_2026_07_31_14_38_41_349.jpg,0,1,0,30.19047
C:\Users\yasha\Desktop\IMG\center_2026_07_31_14_38_41_417.jpg,C:\Users\yasha\Desktop\IMG\left_2026_07_31_14_38_41_417.jpg,C:\Users\yasha\Desktop\IMG\right_2026_07_31_14_38_41_417.jpg,0,1,0,30.19115
C:\Users\yasha\Desktop\IMG\center_2026_07_31_14_38_41_485.jpg,C:\Users\yasha\Desktop\IMG\left_2026_07_31_14_38_41_485.jpg,C:\Users\yasha\Desktop\IMG\right_2026_07_31_14_38_41_485.jpg,-0.05,1,0,30.18925
C:\Users\yasha\Desktop\IMG\center_2026_07_31_14_38_41_576.jpg,C:\Users\yasha\Desktop\IMG\left_2026_07_31_14_38_41_576.jpg,C:\Users\yasha\Desktop\IMG\right_2026_07_31_14_38_41_576.jpg,-0.25,1,0,30.17394
C:\Users\yasha\Desktop\IMG\center_2026_07_31_14_38_41_643.jpg,C:\Users\yasha\Desktop\IMG\left_2026_07_31_14_38_41_643.jpg,C:\Users\yasha\Desktop\IMG\right_2026_07_31_14_38_41_643.jpg,0,1,0,30.19027
C:\Users\yasha\Desktop\IMG\center_2026_07_31_14_38_41_726.jpg,C:\Users\yasha\Desktop\IMG\left_2026_07_31_14_38_41_726.jpg,C:\Users\yasha\Desktop\IMG\right_2026_07_31_14_38_41_726.jpg,-0.1,1,0,30.18993
C:\Users\yasha\Desktop\IMG\center_2026_07_31_14_38_41_811.jpg,C:\Users\yasha\Desktop\IMG\left_2026_07_31_14_38_41_811.jpg,C:\Users\yasha\Desktop\IMG\right_2026_07_31_14_38_41_811.jpg,-0.3,1,0,30.17352
C:\Users\yasha\Desktop\IMG\center_2026_07_31_14_38_41_878.jpg,C:\Users\yasha\Desktop\IMG\left_2026_07_31_14_38_41_878.jpg,C:\Users\yasha\Desktop\IMG\right_2026_07_31_14_38_41_878.jpg,0,1,0,30.18867
C:\Users\yasha\Desktop\IMG\center_2026_07_31_14_38_41_946.jpg,C:\Users\yasha\Desktop\IMG\left_2026_07_31_14_38_41_946.jpg,C:\Users\yasha\Desktop\IMG\right_2026_07_31_14_38_41_946.jpg,0,1,0,30.18976
C:\Users\yasha\Desktop\IMG\center_2026_07_31_14_38_42_030.jpg,C:\Users\yasha\Desktop\IMG\left_2026_07_31_14_38_42_030.jpg,C:\Users\yasha\Desktop\IMG\right_2026_07_31_14_38_42_030.jpg,0,1,0,30.19018
C:\Users\yasha\Desktop\IMG\center_2026_07_31_14_38_42_108.jpg,C:\Users\yasha\Desktop\IMG\left_2026_07_31_14_38_42_108.jpg,C:\Users\yasha\Desktop\IMG\right_2026_07_31_14_38_42_108.jpg,0,1,0,30.1903
C:\Users\yasha\Desktop\IMG\center_2026_07_31_14_38_42_196.jpg,C:\Users\yasha\Desktop\IMG\left_2026_07_31_14_38_42_196.jpg,C:\Users\yasha\Desktop\IMG\right_2026_07_31_14_38_42_196.jpg,0,1,0,30.19022
C:\Users\yasha\Desktop\IMG\center_2026_07_31_14_38_42_284.jpg,C:\Users\yasha\Desktop\IMG\left_2026_07_31_14_38_42_284.jpg,C:\Users\yasha\Desktop\IMG\right_2026_07_31_14_38_42_284.jpg,0,1,0,30.1903
C:\Users\yasha\Desktop\IMG\center_2026_07_31_14_38_42_365.jpg,C:\Users\yasha\Desktop\IMG\left_2026_07_31_14_38_42_365.jpg,C:\Users\yasha\Desktop\IMG\right_2026_07_31_14_38_42_365.jpg,-0.2,1,0,30.18053
C:\Users\yasha\Desktop\IMG\center_2026_07_31_14_38_42_448.jpg,C:\Users\yasha\Desktop\IMG\left_2026_07_31_14_38_42_448.jpg,C:\Users\yasha\Desktop\IMG\right_2026_07_31_14_38_42_448.jpg,-0.4,1,0,30.15761
C:\Users\yasha\Desktop\IMG\center_2026_07_31_14_38_42_518.jpg,C:\Users\yasha\Desktop\IMG\left_2026_07_31_14_38_42_518.jpg,C:\Users\yasha\Desktop\IMG\right_2026_07_31_14_38_42_518.jpg,0,1,0,30.18765
C:\Users\yasha\Desktop\IMG\center_2026_07_31_14_38_42_585.jpg,C:\Users\yasha\Desktop\IMG\left_2026_07_31_14_38_42_585.jpg,C:\Users\yasha\Desktop\IMG\right_2026_07_31_14_38_42_585.jpg,-0.05,1,0,30.19003
C:\Users\yasha\Desktop\IMG\center_2026_07_31_14_38_42_668.jpg,C:\Users\yasha\Desktop\IMG\left_2026_07_31_14_38_42_668.jpg,C:\Users\yasha\Desktop\IMG\right_2026_07_31_14_38_42_668.jpg,-0.25,1,0,30.17998
C:\Users\yasha\Desktop\IMG\center_2026_07_31_14_38_42_736.jpg,C:\Users\yasha\Desktop\IMG\left_2026_07_31_14_38_42_736.jpg,C:\Users\yasha\Desktop\IMG\right_2026_07_31_14_38_42_736.jpg,0,1,0,30.18918
C:\Users\yasha\Desktop\IMG\center_2026_07_31_14_38_42_817.jpg,C:\Users\yasha\Desktop\IMG\left_2026_07_31_14_38_42_817.jpg,C:\Users\yasha\Desktop\IMG\right_2026_07_31_14_38_42_817.jpg,0,1,0,30.18997
C:\Users\yasha\Desktop\IMG\center_2026_07_31_14_38_42_904.jpg,C:\Users\yasha\Desktop\IMG\left_2026_07_31_14_38_42_904.jpg,C:\Users\yasha\Desktop\IMG\right_2026_07_31_14_38_42_904.jpg,0,1,0,30.19028
C:\Users\yasha\Desktop\IMG\center_2026_07_31_14_38_42_981.jpg,C:\Users\yasha\Desktop\IMG\left_2026_07_31_14_38_42_981.jpg,C:\Users\yasha\Desktop\IMG\right_2026_07_31_14_38_42_981.jpg,0,1,0,30.19031
C:\Users\yasha\Desktop\IMG\center_2026_07_31_14_38_43_048.jpg,C:\Users\yasha\Desktop\IMG\left_2026_07_31_14_38_43_048.jpg,C:\Users\yasha\Desktop\IMG\right_2026_07_31_14_38_43_048.jpg,0,1,0,30.19027
C:\Users\yasha\Desktop\IMG\center_2026_07_31_14_38_43_126.jpg,C:\Users\yasha\Desktop\IMG\left_2026_07_31_14_38_43_126.jpg,C:\Users\yasha\Desktop\IMG\right_2026_07_31_14_38_43_126.jpg,0,1,0,30.19038
C:\Users\yasha\Desktop\IMG\center_2026_07_31_14_38_43_204.jpg,C:\Users\yasha\Desktop\IMG\left_2026_07_31_14_38_43_204.jpg,C:\Users\yasha\Desktop\IMG\right_2026_07_31_14_38_43_204.jpg,0,1,0,30.19029
C:\Users\yasha\Desktop\IMG\center_2026_07_31_14_38_43_279.jpg,C:\Users\yasha\Desktop\IMG\left_2026_07_31_14_38_43_279.jpg,C:\Users\yasha\Desktop\IMG\right_2026_07_31_14_38_43_279.jpg,0,1,0,30.19036
C:\Users\yasha\Desktop\IMG\center_2026_07_31_14_38_43_353.jpg,C:\Users\yasha\Desktop\IMG\left_2026_07_31_14_38_43_353.jpg,C:\Users\yasha\Desktop\IMG\right_2026_07_31_14_38_43_353.jpg,0,1,0,30.19078
C:\Users\yasha\Desktop\IMG\center_2026_07_31_14_38_43_434.jpg,C:\Users\yasha\Desktop\IMG\left_2026_07_31_14_38_43_434.jpg,C:\Users\yasha\Desktop\IMG\right_2026_07_31_14_38_43_434.jpg,0,1,0,30.19023
C:\Users\yasha\Desktop\IMG\center_2026_07_31_14_38_43_517.jpg,C:\Users\yasha\Desktop\IMG\left_2026_07_31_14_38_43_517.jpg,C:\Users\yasha\Desktop\IMG\right_2026_07_31_14_38_43_517.jpg,0,1,0,30.19029
C:\Users\yasha\Desktop\IMG\center_2026_07_31_14_38_43_594.jpg,C:\Users\yasha\Desktop\IMG\left_2026_07_31_14_38_43_594.jpg,C:\Users\yasha\Desktop\IMG\right_2026_07_31_14_38_43_594.jpg,-0.2,1,0,30.1798
C:\Users\yasha\Desktop\IMG\center_2026_07_31_14_38_43_668.jpg,C:\Users\yasha\Desktop\IMG\left_2026_07_31_14_38_43_668.jpg,C:\Users\yasha\Desktop\IMG\right_2026_07_31_14_38_43_668.jpg,-0.4,1,0,30.15743
C:\Users\yasha\Desktop\IMG\center_2026_07_31_14_38_43_751.jpg,C:\Users\yasha\Desktop\IMG\left_2026_07_31_14_38_43_751.jpg,C:\Users\yasha\Desktop\IMG\right_2026_07_31_14_38_43_751.jpg,0,1,0,30.18897
C:\Users\yasha\Desktop\IMG\center_2026_07_31_14_38_43_831.jpg,C:\Users\yasha\Desktop\IMG\left_2026_07_31_14_38_43_831.jpg,C:\Users\yasha\Desktop\IMG\right_2026_07_31_14_38_43_831.jpg,-0.15,1,0,30.18773
C:\Users\yasha\Desktop\IMG\center_2026_07_31_14_38_43_906.jpg,C:\Users\yasha\Desktop\IMG\left_2026_07_31_14_38_43_906.jpg,C:\Users\yasha\Desktop\IMG\right_2026_07_31_14_38_43_906.jpg,-0.35,1,0,30.16762
C:\Users\yasha\Desktop\IMG\center_2026_07_31_14_38_43_982.jpg,C:\Users\yasha\Desktop\IMG\left_2026_07_31_14_38_43_982.jpg,C:\Users\yasha\Desktop\IMG\right_2026_07_31_14_38_43_982.jpg,0,1,0,30.18748
C:\Users\yasha\Desktop\IMG\center_2026_07_31_14_38_44_050.jpg,C:\Users\yasha\Desktop\IMG\left_2026_07_31_14_38_44_050.jpg,C:\Users\yasha\Desktop\IMG\right_2026_07_31_14_38_44_050.jpg,0,1,0,30.18996
C:\Users\yasha\Desktop\IMG\center_2026_07_31_14_38_44_131.jpg,C:\Users\yasha\Desktop\IMG\left_2026_07_31_14_38_44_131.jpg,C:\Users\yasha\Desktop\IMG\right_2026_07_31_14_38_44_131.jpg,0,1,0,30.19015
C:\Users\yasha\Desktop\IMG\center_2026_07_31_14_38_44_206.jpg,C:\Users\yasha\Desktop\IMG\left_2026_07_31_14_38_44_206.jpg,C:\Users\yasha\Desktop\IMG\right_2026_07_31_14_38_44_206.jpg,0,1,0,30.19032
C:\Users\yasha\Desktop\IMG\center_2026_07_31_14_38_44_283.jpg,C:\Users\yasha\Desktop\IMG\left_2026_07_31_14_38_44_283.jpg,C:\Users\yasha\Desktop\IMG\right_2026_07_31_14_38_44_283.jpg,0,1,0,30.19023
C:\Users\yasha\Desktop\IMG\center_2026_07_31_14_38_44_360.jpg,C:\Users\yasha\Desktop\IMG\left_2026_07_31_14_38_44_360.jpg,C:\Users\yasha\Desktop\IMG\right_2026_07_31_14_38_44_360.jpg,0,1,0,30.1903
C:\Users\yasha\Desktop\IMG\center_2026_07_31_14_38_44_439.jpg,C:\Users\yasha\Desktop\IMG\left_2026_07_31_14_38_44_439.jpg,C:\Users\yasha\Desktop\IMG\right_2026_07_31_14_38_44_439.jpg,-0.05,1,0,30.18972
C:\Users\yasha\Desktop\IMG\center_2026_07_31_14_38_44_516.jpg,C:\Users\yasha\Desktop\IMG\left_2026_07_31_14_38_44_516.jpg,C:\Users\yasha\Desktop\IMG\right_2026_07_31_14_38_44_516.jpg,-0.25,1,0,30.17487
C:\Users\yasha\Desktop\IMG\center_2026_07_31_14_38_44_588.jpg,C:\Users\yasha\Desktop\IMG\left_2026_07_31_14_38_44_588.jpg,C:\Users\yasha\Desktop\IMG\right_2026_07_31_14_38_44_588.jpg,0,1,0,30.18887
C:\Users\yasha\Desktop\IMG\center_2026_07_31_14_38_44_663.jpg,C:\Users\yasha\Desktop\IMG\left_2026_07_31_14_38_44_663.jpg,C:\Users\yasha\Desktop\IMG\right_2026_07_31_14_38_44_663.jpg,0,1,0,30.19009
C:\Users\yasha\Desktop\IMG\center_2026_07_31_14_38_44_732.jpg,C:\Users\yasha\Desktop\IMG\left_2026_07_31_14_38_44_732.jpg,C:\Users\yasha\Desktop\IMG\right_2026_07_31_14_38_44_732.jpg,0,1,0,30.19028
C:\Users\yasha\Desktop\IMG\center_2026_07_31_14_38_44_808.jpg,C:\Users\yasha\Desktop\IMG\left_2026_07_31_14_38_44_808.jpg,C:\Users\yasha\Desktop\IMG\right_2026_07_31_14_38_44_808.jpg,0,1,0,30.19029
C:\Users\yasha\Desktop\IMG\center_2026_07_31_14_38_44_888.jpg,C:\Users\yasha\Desktop\IMG\left_2026_07_31_14_38_44_888.jpg,C:\Users\yasha\Desktop\IMG\right_2026_07_31_14_38_44_888.jpg,0,1,0,30.1902
C:\Users\yasha\Desktop\IMG\center_2026_07_31_14_38_44_967.jpg,C:\Users\yasha\Desktop\IMG\left_2026_07_31_14_38_44_967.jpg,C:\Users\yasha\Desktop\IMG\right_2026_07_31_14_38_44_967.jpg,-0.1,1,0,30.18774
C:\Users\yasha\Desktop\IMG\center_2026_07_31_14_38_45_041.jpg,C:\Users\yasha\Desktop\IMG\left_2026_07_31_14_38_45_041.jpg,C:\Users\yasha\Desktop\IMG\right_2026_07_31_14_38_45_041.jpg,-0.3,1,0,30.16942
C:\Users\yasha\Desktop\IMG\center_2026_07_31_14_38_45_115.jpg,C:\Users\yasha\Desktop\IMG\left_2026_07_31_14_38_45_115.jpg,C:\Users\yasha\Desktop\IMG\right_2026_07_31_14_38_45_115.jpg,0,1,0,30.18924
C:\Users\yasha\Desktop\IMG\center_2026_07_31_14_38_45_192.jpg,C:\Users\yasha\Desktop\IMG\left_2026_07_31_14_38_45_192.jpg,C:\Users\yasha\Desktop\IMG\right_2026_07_31_14_38_45_192.jpg,-0.05,1,0,30.19006
C:\Users\yasha\Desktop\IMG\center_2026_07_31_14_38_45_265.jpg,C:\Users\yasha\Desktop\IMG\left_2026_07_31_14_38_45_265.jpg,C:\Users\yasha\Desktop\IMG\right_2026_07_31_14_38_45_265.jpg,-0.25,1,0,30.17725
C:\Users\yasha\Desktop\IMG\center_2026_07_31_14_38_45_337.jpg,C:\Users\yasha\Desktop\IMG\left_2026_07_31_14_38_45_337.jpg,C:\Users\yasha\Desktop\IMG\right_2026_07_31_14_38_45_337.jpg,0,1,0,30.18366
C:\Users\yasha\Desktop\IMG\center_2026_07_31_14_38_45_409.jpg,C:\Users\yasha\Desktop\IMG\left_2026_07_31_14_38_45_409.jpg,C:\Users\yasha\Desktop\IMG\right_2026_07_31_14_38_45_409.jpg,-0.05,1,0,30.19002
C:\Users\yasha\Desktop\IMG\center_2026_07_31_14_38_45_483.jpg,C:\Users\yasha\Desktop\IMG\left_2026_07_31_14_38_45_483.jpg,C:\Users\yasha\Desktop\IMG\right_2026_07_31_14_38_45_483.jpg,-0.25,1,0,30.17935
C:\Users\yasha\Desktop\IMG\center_2026_07_31_14_38_45_552.jpg,C:\Users\yasha\Desktop\IMG\left_2026_07_31_14_38_45_552.jpg,C:\Users\yasha\Desktop\IMG\right_2026_07_31_14_38_45_552.jpg,-0.4,1,0,30.16146
C:\Users\yasha\Desktop\IMG\center_2026_07_31_14_38_45_618.jpg,C:\Users\yasha\Desktop\IMG\left_2026_07_31_14_38_45_618.jpg,C:\Users\yasha\Desktop\IMG\right_2026_07_31_14_38_45_618.jpg,0,1,0,30.18753
C:\Users\yasha\Desktop\IMG\center_2026_07_31_14_38_45_691.jpg,C:\Users\yasha\Desktop\IMG\left_2026_07_31_14_38_45_691.jpg,C:\Users\yasha\Desktop\IMG\right_2026_07_31_14_38_45_691.jpg,-0.15,1,0,30.18897
C:\Users\yasha\Desktop\IMG\center_2026_07_31_14_38_45_761.jpg,C:\Users\yasha\Desktop\IMG\left_2026_07_31_14_38_45_761.jpg,C:\Users\yasha\Desktop\IMG\right_2026_07_31_14_38_45_761.jpg,-0.35,1,0,30.16879
C:\Users\yasha\Desktop\IMG\center_2026_07_31_14_38_45_841.jpg,C:\Users\yasha\Desktop\IMG\left_2026_07_31_14_38_45_841.jpg,C:\Users\yasha\Desktop\IMG\right_2026_07_31_14_38_45_841.jpg,0,1,0,30.18914
C:\Users\yasha\Desktop\IMG\center_2026_07_31_14_38_45_918.jpg,C:\Users\yasha\Desktop\IMG\left_2026_07_31_14_38_45_918.jpg,C:\Users\yasha\Desktop\IMG\right_2026_07_31_14_38_45_918.jpg,0,1,0,30.18998
C:\Users\yasha\Desktop\IMG\center_2026_07_31_14_38_45_998.jpg,C:\Users\yasha\Desktop\IMG\left_2026_07_31_14_38_45_998.jpg,C:\Users\yasha\Desktop\IMG\right_2026_07_31_14_38_45_998.jpg,0,1,0,30.19024
C:\Users\yasha\Desktop\IMG\center_2026_07_31_14_38_46_072.jpg,C:\Users\yasha\Desktop\IMG\left_2026_07_31_14_38_46_072.jpg,C:\Users\yasha\Desktop\IMG\right_2026_07_31_14_38_46_072.jpg,-0.05,1,0,30.18989
C:\Users\yasha\Desktop\IMG\center_2026_07_31_14_38_46_146.jpg,C:\Users\yasha\Desktop\IMG\left_2026_07_31_14_38_46_146.jpg,C:\Users\yasha\Desktop\IMG\right_2026_07_31_14_38_46_146.jpg,-0.25,1,0,30.17565
C:\Users\yasha\Desktop\IMG\center_2026_07_31_14_38_46_219.jpg,C:\Users\yasha\Desktop\IMG\left_2026_07_31_14_38_46_219.jpg,C:\Users\yasha\Desktop\IMG\right_2026_07_31_14_38_46_219.jpg,0,1,0,30.1906
C:\Users\yasha\Desktop\IMG\center_2026_07_31_14_38_46_289.jpg,C:\Users\yasha\Desktop\IMG\left_2026_07_31_14_38_46_289.jpg,C:\Users\yasha\Desktop\IMG\right_2026_07_31_14_38_46_289.jpg,0,1,0,30.19009
C:\Users\yasha\Desktop\IMG\center_2026_07_31_14_38_46_364.jpg,C:\Users\yasha\Desktop\IMG\left_2026_07_31_14_38_46_364.jpg,C:\Users\yasha\Desktop\IMG\right_2026_07_31_14_38_46_364.jpg,0,1,0,30.19026
C:\Users\yasha\Desktop\IMG\center_2026_07_31_14_38_46_435.jpg,C:\Users\yasha\Desktop\IMG\left_2026_07_31_14_38_46_435.jpg,C:\Users\yasha\Desktop\IMG\right_2026_07_31_14_38_46_435.jpg,0,1,0,30.19055
C:\Users\yasha\Desktop\IMG\center_2026_07_31_14_38_46_508.jpg,C:\Users\yasha\Desktop\IMG\left_2026_07_31_14_38_46_508.jpg,C:\Users\yasha\Desktop\IMG\right_2026_07_31_14_38_46_508.jpg,0,1,0,30.19031
C:\Users\yasha\Desktop\IMG\center_2026_07_31_14_38_46_588.jpg,C:\Users\yasha\Desktop\IMG\left_2026_07_31_14_38_46_588.jpg,C:\Users\yasha\Desktop\IMG\right_2026_07_31_14_38_46_588.jpg,0,1,0,30.19031
C:\Users\yasha\Desktop\IMG\center_2026_07_31_14_38_46_666.jpg,C:\Users\yasha\Desktop\IMG\left_2026_07_31_14_38_46_666.jpg,C:\Users\yasha\Desktop\IMG\right_2026_07_31_14_38_46_666.jpg,-0.2,1,0,30.17999
C:\Users\yasha\Desktop\IMG\center_2026_07_31_14_38_46_744.jpg,C:\Users\yasha\Desktop\IMG\left_2026_07_31_14_38_46_744.jpg,C:\Users\yasha\Desktop\IMG\right_2026_07_31_14_38_46_744.jpg,0,1,0,30.18314
C:\Users\yasha\Desktop\IMG\center_2026_07_31_14_38_46_815.jpg,C:\Users\yasha\Desktop\IMG\left_2026_07_31_14_38_46_815.jpg,C:\Users\yasha\Desktop\IMG\right_2026_07_31_14_38_46_815.jpg,0,1,0,30.18953
C:\Users\yasha\Desktop\IMG\center_2026_07_31_14_38_46_889.jpg,C:\Users\yasha\Desktop\IMG\left_2026_07_31_14_38_46_889.jpg,C:\Users\yasha\Desktop\IMG\right_2026_07_31_14_38_46_889.jpg,-0.15,1,0,30.18718
C:\Users\yasha\Desktop\IMG\center_2026_07_31_14_38_46_967.jpg,C:\Users\yasha\Desktop\IMG\left_2026_07_31_14_38_46_967.jpg,C:\Users\yasha\Desktop\IMG\right_2026_07_31_14_38_46_967.jpg,0,1,0,30.18551
C:\Users\yasha\Desktop\IMG\center_2026_07_31_14_38_47_047.jpg,C:\Users\yasha\Desktop\IMG\left_2026_07_31_14_38_47_047.jpg,C:\Users\yasha\Desktop\IMG\right_2026_07_31_14_38_47_047.jpg,0,1,0,30.18975
C:\Users\yasha\Desktop\IMG\center_2026_07_31_14_38_47_124.jpg,C:\Users\yasha\Desktop\IMG\left_2026_07_31_14_38_47_124.jpg,C:\Users\yasha\Desktop\IMG\right_2026_07_31_14_38_47_124.jpg,-0.1,1,0,30.18935
C:\Users\yasha\Desktop\IMG\center_2026_07_31_14_38_47_204.jpg,C:\Users\yasha\Desktop\IMG\left_2026_07_31_14_38_47_204.jpg,C:\Users\yasha\Desktop\IMG\right_2026_07_31_14_38_47_204.jpg,-0.3,1,0,30.17163
C:\Users\yasha\Desktop\IMG\center_2026_07_31_14_38_47_276.jpg,C:\Users\yasha\Desktop\IMG\left_2026_07_31_14_38_47_276.jpg,C:\Users\yasha\Desktop\IMG\right_2026_07_31_14_38_47_276.jpg,0,1,0,30.1895
C:\Users\yasha\Desktop\IMG\center_2026_07_31_14_38_47_346.jpg,C:\Users\yasha\Desktop\IMG\left_2026_07_31_14_38_47_346.jpg,C:\Users\yasha\Desktop\IMG\right_2026_07_31_14_38_47_346.jpg,-0.1,1,0,30.19023
C:\Users\yasha\Desktop\IMG\center_2026_07_31_14_38_47_425.jpg,C:\Users\yasha\Desktop\IMG\left_2026_07_31_14_38_47_425.jpg,C:\Users\yasha\Desktop\IMG\right_2026_07_31_14_38_47_425.jpg,-0.3,1,0,30.17377
C:\Users\yasha\Desktop\IMG\center_2026_07_31_14_38_47_496.jpg,C:\Users\yasha\Desktop\IMG\left_2026_07_31_14_38_47_496.jpg,C:\Users\yasha\Desktop\IMG\right_2026_07_31_14_38_47_496.jpg,0,1,0,30.18876
C:\Users\yasha\Desktop\IMG\center_2026_07_31_14_38_47_569.jpg,C:\Users\yasha\Desktop\IMG\left_2026_07_31_14_38_47_569.jpg,C:\Users\yasha\Desktop\IMG\right_2026_07_31_14_38_47_569.jpg,-0.1,1,0,30.1903
C:\Users\yasha\Desktop\IMG\center_2026_07_31_14_38_47_643.jpg,C:\Users\yasha\Desktop\IMG\left_2026_07_31_14_38_47_643.jpg,C:\Users\yasha\Desktop\IMG\right_2026_07_31_14_38_47_643.jpg,-0.3,1,0,30.17403
C:\Users\yasha\Desktop\IMG\center_2026_07_31_14_38_47_727.jpg,C:\Users\yasha\Desktop\IMG\left_2026_07_31_14_38_47_727.jpg,C:\Users\yasha\Desktop\IMG\right_2026_07_31_14_38_47_727.jpg,0,1,0,30.18955
C:\Users\yasha\Desktop\IMG\center_2026_07_31_14_38_47_797.jpg,C:\Users\yasha\Desktop\IMG\left_2026_07_31_14_38_47_797.jpg,C:\Users\yasha\Desktop\IMG\right_2026_07_31_14_38_47_797.jpg,-0.15,1,0,30.18757
C:\Users\yasha\Desktop\IMG\center_2026_07_31_14_38_47_875.jpg,C:\Users\yasha\Desktop\IMG\left_2026_07_31_14_38_47_875.jpg,C:\Users\yasha\Desktop\IMG\right_2026_07_31_14_38_47_875.jpg,-0.35,1,0,30.16733
C:\Users\yasha\Desktop\IMG\center_2026_07_31_14_38_47_949.jpg,C:\Users\yasha\Desktop\IMG\left_2026_07_31_14_38_47_949.jpg,C:\Users\yasha\Desktop\IMG\right_2026_07_31_14_38_47_949.jpg,0,1,0,30.18935
C:\Users\yasha\Desktop\IMG\center_2026_07_31_14_38_48_017.jpg,C:\Users\yasha\Desktop\IMG\left_2026_07_31_14_38_48_017.jpg,C:\Users\yasha\Desktop\IMG\right_2026_07_31_14_38_48_017.jpg,0,1,0,30.19035
C:\Users\yasha\Desktop\IMG\center_2026_07_31_14_38_48_090.jpg,C:\Users\yasha\Desktop\IMG\left_2026_07_31_14_38_48_090.jpg,C:\Users\yasha\Desktop\IMG\right_2026_07_31_14_38_48_090.jpg,-0.2,1,0,30.18272
C:\Users\yasha\Desktop\IMG\center_2026_07_31_14_38_48_166.jpg,C:\Users\yasha\Desktop\IMG\left_2026_07_31_14_38_48_166.jpg,C:\Users\yasha\Desktop\IMG\right_2026_07_31_14_38_48_166.jpg,0,1,0,30.18397
C:\Users\yasha\Desktop\IMG\center_2026_07_31_14_38_48_234.jpg,C:\Users\yasha\Desktop\IMG\left_2026_07_31_14_38_48_234.jpg,C:\Users\yasha\Desktop\IMG\right_2026_07_31_14_38_48_234.jpg,0,1,0,30.18946
C:\Users\yasha\Desktop\IMG\center_2026_07_31_14_38_48_306.jpg,C:\Users\yasha\Desktop\IMG\left_2026_07_31_14_38_48_306.jpg,C:\Users\yasha\Desktop\IMG\right_2026_07_31_14_38_48_306.jpg,-0.2,1,0,30.18418
C:\Users\yasha\Desktop\IMG\center_2026_07_31_14_38_48_380.jpg,C:\Users\yasha\Desktop\IMG\left_2026_07_31_14_38_48_380.jpg,C:\Users\yasha\Desktop\IMG\right_2026_07_31_14_38_48_380.jpg,0,1,0,30.1859
C:\Users\yasha\Desktop\IMG\center_2026_07_31_14_38_48_460.jpg,C:\Users\yasha\Desktop\IMG\left_2026_07_31_14_38_48_460.jpg,C:\Users\yasha\Desktop\IMG\right_2026_07_31_14_38_48_460.jpg,0,1,0,30.19004
C:\Users\yasha\Desktop\IMG\center_2026_07_31_14_38_48_528.jpg,C:\Users\yasha\Desktop\IMG\left_2026_07_31_14_38_48_528.jpg,C:\Users\yasha\Desktop\IMG\right_2026_07_31_14_38_48_528.jpg,-0.2,1,0,30.18321
C:\Users\yasha\Desktop\IMG\center_2026_07_31_14_38_48_601.jpg,C:\Users\yasha\Desktop\IMG\left_2026_07_31_14_38_48_601.jpg,C:\Users\yasha\Desktop\IMG\right_2026_07_31_14_38_48_601.jpg,-0.4,1,0,30.16049
C:\Users\yasha\Desktop\IMG\center_2026_07_31_14_38_48_678.jpg,C:\Users\yasha\Desktop\IMG\left_2026_07_31_14_38_48_678.jpg,C:\Users\yasha\Desktop\IMG\right_2026_07_31_14_38_48_678.jpg,0,1,0,30.18818
C:\Users\yasha\Desktop\IMG\center_2026_07_31_14_38_48_747.jpg,C:\Users\yasha\Desktop\IMG\left_2026_07_31_14_38_48_747.jpg,C:\Users\yasha\Desktop\IMG\right_2026_07_31_14_38_48_747.jpg,-0.1,1,0,30.19031
C:\Users\yasha\Desktop\IMG\center_2026_07_31_14_38_48_828.jpg,C:\Users\yasha\Desktop\IMG\left_2026_07_31_14_38_48_828.jpg,C:\Users\yasha\Desktop\IMG\right_2026_07_31_14_38_48_828.jpg,-0.3,1,0,30.17392
C:\Users\yasha\Desktop\IMG\center_2026_07_31_14_38_48_908.jpg,C:\Users\yasha\Desktop\IMG\left_2026_07_31_14_38_48_908.jpg,C:\Users\yasha\Desktop\IMG\right_2026_07_31_14_38_48_908.jpg,0,1,0,30.18841
C:\Users\yasha\Desktop\IMG\center_2026_07_31_14_38_48_983.jpg,C:\Users\yasha\Desktop\IMG\left_2026_07_31_14_38_48_983.jpg,C:\Users\yasha\Desktop\IMG\right_2026_07_31_14_38_48_983.jpg,-0.05,1,0,30.1902
C:\Users\yasha\Desktop\IMG\center_2026_07_31_14_38_49_055.jpg,C:\Users\yasha\Desktop\IMG\left_2026_07_31_14_38_49_055.jpg,C:\Users\yasha\Desktop\IMG\right_2026_07_31_14_38_49_055.jpg,0,1,0,30.18941
C:\Users\yasha\Desktop\IMG\center_2026_07_31_14_38_49_125.jpg,C:\Users\yasha\Desktop\IMG\left_2026_07_31_14_38_49_125.jpg,C:\Users\yasha\Desktop\IMG\right_2026_07_31_14_38_49_125.jpg,0,1,0,30.18997
C:\Users\yasha\Desktop\IMG\center_2026_07_31_14_38_49_204.jpg,C:\Users\yasha\Desktop\IMG\left_2026_07_31_14_38_49_204.jpg,C:\Users\yasha\Desktop\IMG\right_2026_07_31_14_38_49_204.jpg,0,1,0,30.1903
C:\Users\yasha\Desktop\IMG\center_2026_07_31_14_38_49_279.jpg,C:\Users\yasha\Desktop\IMG\left_2026_07_31_14_38_49_279.jpg,C:\Users\yasha\Desktop\IMG\right_2026_07_31_14_38_49_279.jpg,0.05,1,0,30.18958
C:\Users\yasha\Desktop\IMG\center_2026_07_31_14_38_49_357.jpg,C:\Users\yasha\Desktop\IMG\left_2026_07_31_14_38_49_357.jpg,C:\Users\yasha\Desktop\IMG\right_2026_07_31_14_38_49_357.jpg,0.25,1,0,30.1734
C:\Users\yasha\Desktop\IMG\center_2026_07_31_14_38_49_439.jpg,C:\Users\yasha\Desktop\IMG\left_2026_07_31_14_38_49_439.jpg,C:\Users\yasha\Desktop\IMG\right_2026_07_31_14_38_49_439.jpg,0,1,0,30.1901
C:\Users\yasha\Desktop\IMG\center_2026_07_31_14_38_49_518.jpg,C:\Users\yasha\Desktop\IMG\left_2026_07_31_14_38_49_518.jpg,C:\Users\yasha\Desktop\IMG\right_2026_07_31_14_38_49_518.jpg,-0.1,1,0,30.18629
C:\Users\yasha\Desktop\IMG\center_2026_07_31_14_38_49_595.jpg,C:\Users\yasha\Desktop\IMG\left_2026_07_31_14_38_49_595.jpg,C:\Users\yasha\Desktop\IMG\right_2026_07_31_14_38_49_595.jpg,-0.3,1,0,30.16739
C:\Users\yasha\Desktop\IMG\center_2026_07_31_14_38_49_675.jpg,C:\Users\yasha\Desktop\IMG\left_2026_07_31_14_38_49_675.jpg,C:\Users\yasha\Desktop\IMG\right_2026_07_31_14_38_49_675.jpg,0,1,0,30.18966
C:\Users\yasha\Desktop\IMG\center_2026_07_31_14_38_49_753.jpg,C:\Users\yasha\Desktop\IMG\left_2026_07_31_14_38_49_753.jpg,C:\Users\yasha\Desktop\IMG\right_2026_07_31_14_38_49_753.jpg,-0.15,1,0,30.18856
C:\Users\yasha\Desktop\IMG\center_2026_07_31_14_38_49_837.jpg,C:\Users\yasha\Desktop\IMG\left_2026_07_31_14_38_49_837.jpg,C:\Users\yasha\Desktop\IMG\right_2026_07_31_14_38_49_837.jpg,0,1,0,30.18591
C:\Users\yasha\Desktop\IMG\center_2026_07_31_14_38_49_917.jpg,C:\Users\yasha\Desktop\IMG\left_2026_07_31_14_38_49_917.jpg,C:\Users\yasha\Desktop\IMG\right_2026_07_31_14_38_49_917.jpg,0,1,0,30.18964
C:\Users\yasha\Desktop\IMG\center_2026_07_31_14_38_49_998.jpg,C:\Users\yasha\Desktop\IMG\left_2026_07_31_14_38_49_998.jpg,C:\Users\yasha\Desktop\IMG\right_2026_07_31_14_38_49_998.jpg,0,1,0,30.19037
C:\Users\yasha\Desktop\IMG\center_2026_07_31_14_38_50_078.jpg,C:\Users\yasha\Desktop\IMG\left_2026_07_31_14_38_50_078.jpg,C:\Users\yasha\Desktop\IMG\right_2026_07_31_14_38_50_078.jpg,0,1,0,30.19028
C:\Users\yasha\Desktop\IMG\center_2026_07_31_14_38_50_158.jpg,C:\Users\yasha\Desktop\IMG\left_2026_07_31_14_38_50_158.jpg,C:\Users\yasha\Desktop\IMG\right_2026_07_31_14_38_50_158.jpg,0,1,0,30.19031
C:\Users\yasha\Desktop\IMG\center_2026_07_31_14_38_50_234.jpg,C:\Users\yasha\Desktop\IMG\left_2026_07_31_14_38_50_234.jpg,C:\Users\yasha\Desktop\IMG\right_2026_07_31_14_38_50_234.jpg,0,1,0,30.19033
C:\Users\yasha\Desktop\IMG\center_2026_07_31_14_38_50_318.jpg,C:\Users\yasha\Desktop\IMG\left_2026_07_31_14_38_50_318.jpg,C:\Users\yasha\Desktop\IMG\right_2026_07_31_14_38_50_318.jpg,0,1,0,30.19031
C:\Users\yasha\Desktop\IMG\center_2026_07_31_14_38_50_401.jpg,C:\Users\yasha\Desktop\IMG\left_2026_07_31_14_38_50_401.jpg,C:\Users\yasha\Desktop\IMG\right_2026_07_31_14_38_50_401.jpg,-0.25,1,0,30.17483
C:\Users\yasha\Desktop\IMG\center_2026_07_31_14_38_50_481.jpg,C:\Users\yasha\Desktop\IMG\left_2026_07_31_14_38_50_481.jpg,C:\Users\yasha\Desktop\IMG\right_2026_07_31_14_38_50_481.jpg,0,1,0,30.19004
C:\Users\yasha\Desktop\IMG\center_2026_07_31_14_38_50_548.jpg,C:\Users\yasha\Desktop\IMG\left_2026_07_31_14_38_50_548.jpg,C:\Users\yasha\Desktop\IMG\right_2026_07_31_14_38_50_548.jpg,0,1,0,30.18953
C:\Users\yasha\Desktop\IMG\center_2026_07_31_14_38_50_637.jpg,C:\Users\yasha\Desktop\IMG\left_2026_07_31_14_38_50_637.jpg,C:\Users\yasha\Desktop\IMG\right_2026_07_31_14_38_50_637.jpg,-0.2,1,0,30.18331
C:\Users\yasha\Desktop\IMG\center_2026_07_31_14_38_50_707.jpg,C:\Users\yasha\Desktop\IMG\left_2026_07_31_14_38_50_707.jpg,C:\Users\yasha\Desktop\IMG\right_2026_07_31_14_38_50_707.jpg,0,1,0,30.189
C:\Users\yasha\Desktop\IMG\center_2026_07_31_14_38_50_792.jpg,C:\Users\yasha\Desktop\IMG\left_2026_07_31_14_38_50_792.jpg,C:\Users\yasha\Desktop\IMG\right_2026_07_31_14_38_50_792.jpg,-0.05,1,0,30.19012
C:\Users\yasha\Desktop\IMG\center_2026_07_31_14_38_50_863.jpg,C:\Users\yasha\Desktop\IMG\left_2026_07_31_14_38_50_863.jpg,C:\Users\yasha\Desktop\IMG\right_2026_07_31_14_38_50_863.jpg,-0.25,1,0,30.17719
C:\Users\yasha\Desktop\IMG\center_2026_07_31_14_38_50_947.jpg,C:\Users\yasha\Desktop\IMG\left_2026_07_31_14_38_50_947.jpg,C:\Users\yasha\Desktop\IMG\right_2026_07_31_14_38_50_947.jpg,0,1,0,30.18892
C:\Users\yasha\Desktop\IMG\center_2026_07_31_14_38_51_028.jpg,C:\Users\yasha\Desktop\IMG\left_2026_07_31_14_38_51_028.jpg,C:\Users\yasha\Desktop\IMG\right_2026_07_31_14_38_51_028.jpg,-0.1,1,0,30.18952
C:\Users\yasha\Desktop\IMG\center_2026_07_31_14_38_51_097.jpg,C:\Users\yasha\Desktop\IMG\left_2026_07_31_14_38_51_097.jpg,C:\Users\yasha\Desktop\IMG\right_2026_07_31_14_38_51_097.jpg,-0.25,1,0,30.17792
C:\Users\yasha\Desktop\IMG\center_2026_07_31_14_38_51_171.jpg,C:\Users\yasha\Desktop\IMG\left_2026_07_31_14_38_51_171.jpg,C:\Users\yasha\Desktop\IMG\right_2026_07_31_14_38_51_171.jpg,0,1,0,30.18894
C:\Users\yasha\Desktop\IMG\center_2026_07_31_14_38_51_251.jpg,C:\Users\yasha\Desktop\IMG\left_2026_07_31_14_38_51_251.jpg,C:\Users\yasha\Desktop\IMG\right_2026_07_31_14_38_51_251.jpg,-0.1,1,0,30.18951
C:\Users\yasha\Desktop\IMG\center_2026_07_31_14_38_51_331.jpg,C:\Users\yasha\Desktop\IMG\left_2026_07_31_14_38_51_331.jpg,C:\Users\yasha\Desktop\IMG\right_2026_07_31_14_38_51_331.jpg,-0.3,1,0,30.17248
C:\Users\yasha\Desktop\IMG\center_2026_07_31_14_38_51_403.jpg,C:\Users\yasha\Desktop\IMG\left_2026_07_31_14_38_51_403.jpg,C:\Users\yasha\Desktop\IMG\right_2026_07_31_14_38_51_403.jpg,0,1,0,30.18865
C:\Users\yasha\Desktop\IMG\center_2026_07_31_14_38_51_473.jpg,C:\Users\yasha\Desktop\IMG\left_2026_07_31_14_38_51_473.jpg,C:\Users\yasha\Desktop\IMG\right_2026_07_31_14_38_51_473.jpg,-0.1,1,0,30.19023
C:\Users\yasha\Desktop\IMG\center_2026_07_31_14_38_51_544.jpg,C:\Users\yasha\Desktop\IMG\left_2026_07_31_14_38_51_544.jpg,C:\Users\yasha\Desktop\IMG\right_2026_07_31_14_38_51_544.jpg,-0.3,1,0,30.17385
C:\Users\yasha\Desktop\IMG\center_2026_07_31_14_38_51_624.jpg,C:\Users\yasha\Desktop\IMG\left_2026_07_31_14_38_51_624.jpg,C:\Users\yasha\Desktop\IMG\right_2026_07_31_14_38_51_624.jpg,0,1,0,30.18833
C:\Users\yasha\Desktop\IMG\center_2026_07_31_14_38_51_695.jpg,C:\Users\yasha\Desktop\IMG\left_2026_07_31_14_38_51_695.jpg,C:\Users\yasha\Desktop\IMG\right_2026_07_31_14_38_51_695.jpg,0,1,0,30.18987
C:\Users\yasha\Desktop\IMG\center_2026_07_31_14_38_51_765.jpg,C:\Users\yasha\Desktop\IMG\left_2026_07_31_14_38_51_765.jpg,C:\Users\yasha\Desktop\IMG\right_2026_07_31_14_38_51_765.jpg,0,1,0,30.1902
C:\Users\yasha\Desktop\IMG\center_2026_07_31_14_38_51_832.jpg,C:\Users\yasha\Desktop\IMG\left_2026_07_31_14_38_51_832.jpg,C:\Users\yasha\Desktop\IMG\right_2026_07_31_14_38_51_832.jpg,0,1,0,30.19028
C:\Users\yasha\Desktop\IMG\center_2026_07_31_14_38_51_904.jpg,C:\Users\yasha\Desktop\IMG\left_2026_07_31_14_38_51_904.jpg,C:\Users\yasha\Desktop\IMG\right_2026_07_31_14_38_51_904.jpg,0,1,0,30.19028
C:\Users\yasha\Desktop\IMG\center_2026_07_31_14_38_51_985.jpg,C:\Users\yasha\Desktop\IMG\left_2026_07_31_14_38_51_985.jpg,C:\Users\yasha\Desktop\IMG\right_2026_07_31_14_38_51_985.jpg,0,1,0,30.19049
C:\Users\yasha\Desktop\IMG\center_2026_07_31_14_38_52_060.jpg,C:\Users\yasha\Desktop\IMG\left_2026_07_31_14_38_52_060.jpg,C:\Users\yasha\Desktop\IMG\right_2026_07_31_14_38_52_060.jpg,0,1,0,30.19028
C:\Users\yasha\Desktop\IMG\center_2026_07_31_14_38_52_135.jpg,C:\Users\yasha\Desktop\IMG\left_2026_07_31_14_38_52_135.jpg,C:\Users\yasha\Desktop\IMG\right_2026_07_31_14_38_52_135.jpg,-0.2,1,0,30.17989
C:\Users\yasha\Desktop\IMG\center_2026_07_31_14_38_52_208.jpg,C:\Users\yasha\Desktop\IMG\left_2026_07_31_14_38_52_208.jpg,C:\Users\yasha\Desktop\IMG\right_2026_07_31_14_38_52_208.jpg,0,1,0,30.19082
C:\Users\yasha\Desktop\IMG\center_2026_07_31_14_38_52_284.jpg,C:\Users\yasha\Desktop\IMG\left_2026_07_31_14_38_52_284.jpg,C:\Users\yasha\Desktop\IMG\right_2026_07_31_14_38_52_284.jpg,0,1,0,30.19007
C:\Users\yasha\Desktop\IMG\center_2026_07_31_14_38_52_358.jpg,C:\Users\yasha\Desktop\IMG\left_2026_07_31_14_38_52_358.jpg,C:\Users\yasha\Desktop\IMG\right_2026_07_31_14_38_52_358.jpg,0,1,0,30.19027
C:\Users\yasha\Desktop\IMG\center_2026_07_31_14_38_52_442.jpg,C:\Users\yasha\Desktop\IMG\left_2026_07_31_14_38_52_442.jpg,C:\Users\yasha\Desktop\IMG\right_2026_07_31_14_38_52_442.jpg,0,1,0,30.19027
C:\Users\yasha\Desktop\IMG\center_2026_07_31_14_38_52_513.jpg,C:\Users\yasha\Desktop\IMG\left_2026_07_31_14_38_52_513.jpg,C:\Users\yasha\Desktop\IMG\right_2026_07_31_14_38_52_513.jpg,0.15,1,0,30.18367
C:\Users\yasha\Desktop\IMG\center_2026_07_31_14_38_52_583.jpg,C:\Users\yasha\Desktop\IMG\left_2026_07_31_14_38_52_583.jpg,C:\Users\yasha\Desktop\IMG\right_2026_07_31_14_38_52_583.jpg,0.35,1,0,30.1629
C:\Users\yasha\Desktop\IMG\center_2026_07_31_14_38_52_653.jpg,C:\Users\yasha\Desktop\IMG\left_2026_07_31_14_38_52_653.jpg,C:\Users\yasha\Desktop\IMG\right_2026_07_31_14_38_52_653.jpg,0,1,0,30.18807
C:\Users\yasha\Desktop\IMG\center_2026_07_31_14_38_52_724.jpg,C:\Users\yasha\Desktop\IMG\left_2026_07_31_14_38_52_724.jpg,C:\Users\yasha\Desktop\IMG\right_2026_07_31_14_38_52_724.jpg,0,1,0,30.18992
C:\Users\yasha\Desktop\IMG\center_2026_07_31_14_38_52_808.jpg,C:\Users\yasha\Desktop\IMG\left_2026_07_31_14_38_52_808.jpg,C:\Users\yasha\Desktop\IMG\right_2026_07_31_14_38_52_808.jpg,0.15,1,0,30.18618
C:\Users\yasha\Desktop\IMG\center_2026_07_31_14_38_52_885.jpg,C:\Users\yasha\Desktop\IMG\left_2026_07_31_14_38_52_885.jpg,C:\Users\yasha\Desktop\IMG\right_2026_07_31_14_38_52_885.jpg,0,1,0,30.19038
C:\Users\yasha\Desktop\IMG\center_2026_07_31_14_38_52_952.jpg,C:\Users\yasha\Desktop\IMG\left_2026_07_31_14_38_52_952.jpg,C:\Users\yasha\Desktop\IMG\right_2026_07_31_14_38_52_952.jpg,0,1,0,30.18981
C:\Users\yasha\Desktop\IMG\center_2026_07_31_14_38_53_022.jpg,C:\Users\yasha\Desktop\IMG\left_2026_07_31_14_38_53_022.jpg,C:\Users\yasha\Desktop\IMG\right_2026_07_31_14_38_53_022.jpg,0,1,0,30.19023
C:\Users\yasha\Desktop\IMG\center_2026_07_31_14_38_53_090.jpg,C:\Users\yasha\Desktop\IMG\left_2026_07_31_14_38_53_090.jpg,C:\Users\yasha\Desktop\IMG\right_2026_07_31_14_38_53_090.jpg,0,1,0,30.19029
C:\Users\yasha\Desktop\IMG\center_2026_07_31_14_38_53_159.jpg,C:\Users\yasha\Desktop\IMG\left_2026_07_31_14_38_53_159.jpg,C:\Users\yasha\Desktop\IMG\right_2026_07_31_14_38_53_159.jpg,-0.15,1,0,30.18355
C:\Users\yasha\Desktop\IMG\center_2026_07_31_14_38_53_234.jpg,C:\Users\yasha\Desktop\IMG\left_2026_07_31_14_38_53_234.jpg,C:\Users\yasha\Desktop\IMG\right_2026_07_31_14_38_53_234.jpg,-0.35,1,0,30.16274
C:\Users\yasha\Desktop\IMG\center_2026_07_31_14_38_53_311.jpg,C:\Users\yasha\Desktop\IMG\left_2026_07_31_14_38_53_311.jpg,C:\Users\yasha\Desktop\IMG\right_2026_07_31_14_38_53_311.jpg,0,1,0,30.18949
C:\Users\yasha\Desktop\IMG\center_2026_07_31_14_38_53_386.jpg,C:\Users\yasha\Desktop\IMG\left_2026_07_31_14_38_53_386.jpg,C:\Users\yasha\Desktop\IMG\right_2026_07_31_14_38_53_386.jpg,-0.2,1,0,30.18383
C:\Users\yasha\Desktop\IMG\center_2026_07_31_14_38_53_459.jpg,C:\Users\yasha\Desktop\IMG\left_2026_07_31_14_38_53_459.jpg,C:\Users\yasha\Desktop\IMG\right_2026_07_31_14_38_53_459.jpg,-0.35,1,0,30.16749
C:\Users\yasha\Desktop\IMG\center_2026_07_31_14_38_53_536.jpg,C:\Users\yasha\Desktop\IMG\left_2026_07_31_14_38_53_536.jpg,C:\Users\yasha\Desktop\IMG\right_2026_07_31_14_38_53_536.jpg,0,1,0,30.18922
C:\Users\yasha\Desktop\IMG\center_2026_07_31_14_38_53_621.jpg,C:\Users\yasha\Desktop\IMG\left_2026_07_31_14_38_53_621.jpg,C:\Users\yasha\Desktop\IMG\right_2026_07_31_14_38_53_621.jpg,-0.25,1,0,30.17962
C:\Users\yasha\Desktop\IMG\center_2026_07_31_14_38_53_694.jpg,C:\Users\yasha\Desktop\IMG\left_2026_07_31_14_38_53_694.jpg,C:\Users\yasha\Desktop\IMG\right_2026_07_31_14_38_53_694.jpg,0,1,0,30.18419
C:\Users\yasha\Desktop\IMG\center_2026_07_31_14_38_53_770.jpg,C:\Users\yasha\Desktop\IMG\left_2026_07_31_14_38_53_770.jpg,C:\Users\yasha\Desktop\IMG\right_2026_07_31_14_38_53_770.jpg,0,1,0,30.18949
C:\Users\yasha\Desktop\IMG\center_2026_07_31_14_38_53_846.jpg,C:\Users\yasha\Desktop\IMG\left_2026_07_31_14_38_53_846.jpg,C:\Users\yasha\Desktop\IMG\right_2026_07_31_14_38_53_846.jpg,0,1,0,30.19016
C:\Users\yasha\Desktop\IMG\center_2026_07_31_14_38_53_923.jpg,C:\Users\yasha\Desktop\IMG\left_2026_07_31_14_38_53_923.jpg,C:\Users\yasha\Desktop\IMG\right_2026_07_31_14_38_53_923.jpg,0,1,0,30.19028
C:\Users\yasha\Desktop\IMG\center_2026_07_31_14_38_54_012.jpg,C:\Users\yasha\Desktop\IMG\left_2026_07_31_14_38_54_012.jpg,C:\Users\yasha\Desktop\IMG\right_2026_07_31_14_38_54_012.jpg,0,1,0,30.19029
C:\Users\yasha\Desktop\IMG\center_2026_07_31_14_38_54_080.jpg,C:\Users\yasha\Desktop\IMG\left_2026_07_31_14_38_54_080.jpg,C:\Users\yasha\Desktop\IMG\right_2026_07_31_14_38_54_080.jpg,0,1,0,30.19031
C:\Users\yasha\Desktop\IMG\center_2026_07_31_14_38_54_146.jpg,C:\Users\yasha\Desktop\IMG\left_2026_07_31_14_38_54_146.jpg,C:\Users\yasha\Desktop\IMG\right_2026_07_31_14_38_54_146.jpg,0,1,0,30.19029
C:\Users\yasha\Desktop\IMG\center_2026_07_31_14_38_54_213.jpg,C:\Users\yasha\Desktop\IMG\left_2026_07_31_14_38_54_213.jpg,C:\Users\yasha\Desktop\IMG\right_2026_07_31_14_38_54_213.jpg,0,1,0,30.19028
C:\Users\yasha\Desktop\IMG\center_2026_07_31_14_38_54_300.jpg,C:\Users\yasha\Desktop\IMG\left_2026_07_31_14_38_54_300.jpg,C:\Users\yasha\Desktop\IMG\right_2026_07_31_14_38_54_300.jpg,0,1,0,30.19029
C:\Users\yasha\Desktop\IMG\center_2026_07_31_14_38_54_371.jpg,C:\Users\yasha\Desktop\IMG\left_2026_07_31_14_38_54_371.jpg,C:\Users\yasha\Desktop\IMG\right_2026_07_31_14_38_54_371.jpg,0.1,1,0,30.1875
C:\Users\yasha\Desktop\IMG\center_2026_07_31_14_38_54_446.jpg,C:\Users\yasha\Desktop\IMG\left_2026_07_31_14_38_54_446.jpg,C:\Users\yasha\Desktop\IMG\right_2026_07_31_14_38_54_446.jpg,0,1,0,30.18995
C:\Users\yasha\Desktop\IMG\center_2026_07_31_14_38_54_522.jpg,C:\Users\yasha\Desktop\IMG\left_2026_07_31_14_38_54_522.jpg,C:\Users\yasha\Desktop\IMG\right_2026_07_31_14_38_54_522.jpg,0,1,0,30.19028
C:\Users\yasha\Desktop\IMG\center_2026_07_31_14_38_54_593.jpg,C:\Users\yasha\Desktop\IMG\left_2026_07_31_14_38_54_593.jpg,C:\Users\yasha\Desktop\IMG\right_2026_07_31_14_38_54_593.jpg,0,1,0,30.19009
C:\Users\yasha\Desktop\IMG\center_2026_07_31_14_38_54_672.jpg,C:\Users\yasha\Desktop\IMG\left_2026_07_31_14_38_54_672.jpg,C:\Users\yasha\Desktop\IMG\right_2026_07_31_14_38_54_672.jpg,-0.05,1,0,30.18964
C:\Users\yasha\Desktop\IMG\center_2026_07_31_14_38_54_759.jpg,C:\Users\yasha\Desktop\IMG\left_2026_07_31_14_38_54_759.jpg,C:\Users\yasha\Desktop\IMG\right_2026_07_31_14_38_54_759.jpg,-0.25,1,0,30.17443
C:\Users\yasha\Desktop\IMG\center_2026_07_31_14_38_54_848.jpg,C:\Users\yasha\Desktop\IMG\left_2026_07_31_14_38_54_848.jpg,C:\Users\yasha\Desktop\IMG\right_2026_07_31_14_38_54_848.jpg,0,1,0,30.18819
C:\Users\yasha\Desktop\IMG\center_2026_07_31_14_38_54_924.jpg,C:\Users\yasha\Desktop\IMG\left_2026_07_31_14_38_54_924.jpg,C:\Users\yasha\Desktop\IMG\right_2026_07_31_14_38_54_924.jpg,0,1,0,30.18996
C:\Users\yasha\Desktop\IMG\center_2026_07_31_14_38_55_006.jpg,C:\Users\yasha\Desktop\IMG\left_2026_07_31_14_38_55_006.jpg,C:\Users\yasha\Desktop\IMG\right_2026_07_31_14_38_55_006.jpg,0,1,0,30.19023
C:\Users\yasha\Desktop\IMG\center_2026_07_31_14_38_55_075.jpg,C:\Users\yasha\Desktop\IMG\left_2026_07_31_14_38_55_075.jpg,C:\Users\yasha\Desktop\IMG\right_2026_07_31_14_38_55_075.jpg,0,1,0,30.19031
C:\Users\yasha\Desktop\IMG\center_2026_07_31_14_38_55_163.jpg,C:\Users\yasha\Desktop\IMG\left_2026_07_31_14_38_55_163.jpg,C:\Users\yasha\Desktop\IMG\right_2026_07_31_14_38_55_163.jpg,0,1,0,30.1903
C:\Users\yasha\Desktop\IMG\center_2026_07_31_14_38_55_248.jpg,C:\Users\yasha\Desktop\IMG\left_2026_07_31_14_38_55_248.jpg,C:\Users\yasha\Desktop\IMG\right_2026_07_31_14_38_55_248.jpg,0,1,0,30.19036
C:\Users\yasha\Desktop\IMG\center_2026_07_31_14_38_55_319.jpg,C:\Users\yasha\Desktop\IMG\left_2026_07_31_14_38_55_319.jpg,C:\Users\yasha\Desktop\IMG\right_2026_07_31_14_38_55_319.jpg,0,1,0,30.19028
C:\Users\yasha\Desktop\IMG\center_2026_07_31_14_38_55_386.jpg,C:\Users\yasha\Desktop\IMG\left_2026_07_31_14_38_55_386.jpg,C:\Users\yasha\Desktop\IMG\right_2026_07_31_14_38_55_386.jpg,0,1,0,30.19031
C:\Users\yasha\Desktop\IMG\center_2026_07_31_14_38_55_470.jpg,C:\Users\yasha\Desktop\IMG\left_2026_07_31_14_38_55_470.jpg,C:\Users\yasha\Desktop\IMG\right_2026_07_31_14_38_55_470.jpg,0,1,0,30.1903
C:\Users\yasha\Desktop\IMG\center_2026_07_31_14_38_55_550.jpg,C:\Users\yasha\Desktop\IMG\left_2026_07_31_14_38_55_550.jpg,C:\Users\yasha\Desktop\IMG\right_2026_07_31_14_38_55_550.jpg,0,1,0,30.1903
C:\Users\yasha\Desktop\IMG\center_2026_07_31_14_38_55_637.jpg,C:\Users\yasha\Desktop\IMG\left_2026_07_31_14_38_55_637.jpg,C:\Users\yasha\Desktop\IMG\right_2026_07_31_14_38_55_637.jpg,0,1,0,30.19032
C:\Users\yasha\Desktop\IMG\center_2026_07_31_14_38_55_712.jpg,C:\Users\yasha\Desktop\IMG\left_2026_07_31_14_38_55_712.jpg,C:\Users\yasha\Desktop\IMG\right_2026_07_31_14_38_55_712.jpg,0,1,0,30.1903
C:\Users\yasha\Desktop\IMG\center_2026_07_31_14_38_55_793.jpg,C:\Users\yasha\Desktop\IMG\left_2026_07_31_14_38_55_793.jpg,C:\Users\yasha\Desktop\IMG\right_2026_07_31_14_38_55_793.jpg,-0.05,1,0,30.18971
C:\Users\yasha\Desktop\IMG\center_2026_07_31_14_38_55_859.jpg,C:\Users\yasha\Desktop\IMG\left_2026_07_31_14_38_55_859.jpg,C:\Users\yasha\Desktop\IMG\right_2026_07_31_14_38_55_859.jpg,-0.2,1,0,30.17982
C:\Users\yasha\Desktop\IMG\center_2026_07_31_14_38_55_939.jpg,C:\Users\yasha\Desktop\IMG\left_2026_07_31_14_38_55_939.jpg,C:\Users\yasha\Desktop\IMG\right_2026_07_31_14_38_55_939.jpg,0,1,0,30.18932
C:\Users\yasha\Desktop\IMG\center_2026_07_31_14_38_56_007.jpg,C:\Users\yasha\Desktop\IMG\left_2026_07_31_14_38_56_007.jpg,C:\Users\yasha\Desktop\IMG\right_2026_07_31_14_38_56_007.jpg,0,1,0,30.19017
C:\Users\yasha\Desktop\IMG\center_2026_07_31_14_38_56_077.jpg,C:\Users\yasha\Desktop\IMG\left_2026_07_31_14_38_56_077.jpg,C:\Users\yasha\Desktop\IMG\right_2026_07_31_14_38_56_077.jpg,0,1,0,30.19025
C:\Users\yasha\Desktop\IMG\center_2026_07_31_14_38_56_148.jpg,C:\Users\yasha\Desktop\IMG\left_2026_07_31_14_38_56_148.jpg,C:\Users\yasha\Desktop\IMG\right_2026_07_31_14_38_56_148.jpg,0,1,0,30.19028
C:\Users\yasha\Desktop\IMG\center_2026_07_31_14_38_56_227.jpg,C:\Users\yasha\Desktop\IMG\left_2026_07_31_14_38_56_227.jpg,C:\Users\yasha\Desktop\IMG\right_2026_07_31_14_38_56_227.jpg,0,1,0,30.19029
C:\Users\yasha\Desktop\IMG\center_2026_07_31_14_38_56_302.jpg,C:\Users\yasha\Desktop\IMG\left_2026_07_31_14_38_56_302.jpg,C:\Users\yasha\Desktop\IMG\right_2026_07_31_14_38_56_302.jpg,0,1,0,30.19018
C:\Users\yasha\Desktop\IMG\center_2026_07_31_14_38_56_375.jpg,C:\Users\yasha\Desktop\IMG\left_2026_07_31_14_38_56_375.jpg,C:\Users\yasha\Desktop\IMG\right_2026_07_31_14_38_56_375.jpg,0,1,0,30.19028
C:\Users\yasha\Desktop\IMG\center_2026_07_31_14_38_56_457.jpg,C:\Users\yasha\Desktop\IMG\left_2026_07_31_14_38_56_457.jpg,C:\Users\yasha\Desktop\IMG\right_2026_07_31_14_38_56_457.jpg,0,1,0,30.19028
C:\Users\yasha\Desktop\IMG\center_2026_07_31_14_38_56_524.jpg,C:\Users\yasha\Desktop\IMG\left_2026_07_31_14_38_56_524.jpg,C:\Users\yasha\Desktop\IMG\right_2026_07_31_14_38_56_524.jpg,0,1,0,30.19027
C:\Users\yasha\Desktop\IMG\center_2026_07_31_14_38_56_594.jpg,C:\Users\yasha\Desktop\IMG\left_2026_07_31_14_38_56_594.jpg,C:\Users\yasha\Desktop\IMG\right_2026_07_31_14_38_56_594.jpg,0,1,0,30.19028
C:\Users\yasha\Desktop\IMG\center_2026_07_31_14_38_56_676.jpg,C:\Users\yasha\Desktop\IMG\left_2026_07_31_14_38_56_676.jpg,C:\Users\yasha\Desktop\IMG\right_2026_07_31_14_38_56_676.jpg,-0.05,1,0,30.18972
C:\Users\yasha\Desktop\IMG\center_2026_07_31_14_38_56_758.jpg,C:\Users\yasha\Desktop\IMG\left_2026_07_31_14_38_56_758.jpg,C:\Users\yasha\Desktop\IMG\right_2026_07_31_14_38_56_758.jpg,-0.25,1,0,30.17475
C:\Users\yasha\Desktop\IMG\center_2026_07_31_14_38_56_843.jpg,C:\Users\yasha\Desktop\IMG\left_2026_07_31_14_38_56_843.jpg,C:\Users\yasha\Desktop\IMG\right_2026_07_31_14_38_56_843.jpg,0,1,0,30.18822
C:\Users\yasha\Desktop\IMG\center_2026_07_31_14_38_56_918.jpg,C:\Users\yasha\Desktop\IMG\left_2026_07_31_14_38_56_918.jpg,C:\Users\yasha\Desktop\IMG\right_2026_07_31_14_38_56_918.jpg,0,1,0,30.18985
C:\Users\yasha\Desktop\IMG\center_2026_07_31_14_38_56_987.jpg,C:\Users\yasha\Desktop\IMG\left_2026_07_31_14_38_56_987.jpg,C:\Users\yasha\Desktop\IMG\right_2026_07_31_14_38_56_987.jpg,0,1,0,30.19008
C:\Users\yasha\Desktop\IMG\center_2026_07_31_14_38_57_071.jpg,C:\Users\yasha\Desktop\IMG\left_2026_07_31_14_38_57_071.jpg,C:\Users\yasha\Desktop\IMG\right_2026_07_31_14_38_57_071.jpg,0,1,0,30.19028
C:\Users\yasha\Desktop\IMG\center_2026_07_31_14_38_57_145.jpg,C:\Users\yasha\Desktop\IMG\left_2026_07_31_14_38_57_145.jpg,C:\Users\yasha\Desktop\IMG\right_2026_07_31_14_38_57_145.jpg,0,1,0,30.19028
C:\Users\yasha\Desktop\IMG\center_2026_07_31_14_38_57_225.jpg,C:\Users\yasha\Desktop\IMG\left_2026_07_31_14_38_57_225.jpg,C:\Users\yasha\Desktop\IMG\right_2026_07_31_14_38_57_225.jpg,0,1,0,30.19033
C:\Users\yasha\Desktop\IMG\center_2026_07_31_14_38_57_296.jpg,C:\Users\yasha\Desktop\IMG\left_2026_07_31_14_38_57_296.jpg,C:\Users\yasha\Desktop\IMG\right_2026_07_31_14_38_57_296.jpg,0,1,0,30.1903
C:\Users\yasha\Desktop\IMG\center_2026_07_31_14_38_57_380.jpg,C:\Users\yasha\Desktop\IMG\left_2026_07_31_14_38_57_380.jpg,C:\Users\yasha\Desktop\IMG\right_2026_07_31_14_38_57_380.jpg,0,1,0,30.19031
C:\Users\yasha\Desktop\IMG\center_2026_07_31_14_38_57_449.jpg,C:\Users\yasha\Desktop\IMG\left_2026_07_31_14_38_57_449.jpg,C:\Users\yasha\Desktop\IMG\right_2026_07_31_14_38_57_449.jpg,0,1,0,30.19031
C:\Users\yasha\Desktop\IMG\center_2026_07_31_14_38_57_529.jpg,C:\Users\yasha\Desktop\IMG\left_2026_07_31_14_38_57_529.jpg,C:\Users\yasha\Desktop\IMG\right_2026_07_31_14_38_57_529.jpg,0,1,0,30.19029
C:\Users\yasha\Desktop\IMG\center_2026_07_31_14_38_57_615.jpg,C:\Users\yasha\Desktop\IMG\left_2026_07_31_14_38_57_615.jpg,C:\Users\yasha\Desktop\IMG\right_2026_07_31_14_38_57_615.jpg,0,1,0,30.19028
C:\Users\yasha\Desktop\IMG\center_2026_07_31_14_38_57_681.jpg,C:\Users\yasha\Desktop\IMG\left_2026_07_31_14_38_57_681.jpg,C:\Users\yasha\Desktop\IMG\right_2026_07_31_14_38_57_681.jpg,0,1,0,30.07487
C:\Users\yasha\Desktop\IMG\center_2026_07_31_14_38_57_768.jpg,C:\Users\yasha\Desktop\IMG\left_2026_07_31_14_38_57_768.jpg,C:\Users\yasha\Desktop\IMG\right_2026_07_31_14_38_57_768.jpg,0,1,0,30.15289
C:\Users\yasha\Desktop\IMG\center_2026_07_31_14_38_57_858.jpg,C:\Users\yasha\Desktop\IMG\left_2026_07_31_14_38_57_858.jpg,C:\Users\yasha\Desktop\IMG\right_2026_07_31_14_38_57_858.jpg,0,1,0,30.18391
C:\Users\yasha\Desktop\IMG\center_2026_07_31_14_38_57_927.jpg,C:\Users\yasha\Desktop\IMG\left_2026_07_31_14_38_57_927.jpg,C:\Users\yasha\Desktop\IMG\right_2026_07_31_14_38_57_927.jpg,0,1,0,30.34424
C:\Users\yasha\Desktop\IMG\center_2026_07_31_14_38_58_014.jpg,C:\Users\yasha\Desktop\IMG\left_2026_07_31_14_38_58_014.jpg,C:\Users\yasha\Desktop\IMG\right_2026_07_31_14_38_58_014.jpg,0,1,0,30.19041
C:\Users\yasha\Desktop\IMG\center_2026_07_31_14_38_58_101.jpg,C:\Users\yasha\Desktop\IMG\left_2026_07_31_14_38_58_101.jpg,C:\Users\yasha\Desktop\IMG\right_2026_07_31_14_38_58_101.jpg,0,1,0,30.18896
C:\Users\yasha\Desktop\IMG\center_2026_07_31_14_38_58_169.jpg,C:\Users\yasha\Desktop\IMG\left_2026_07_31_14_38_58_169.jpg,C:\Users\yasha\Desktop\IMG\right_2026_07_31_14_38_58_169.jpg,0,1,0,30.18961
C:\Users\yasha\Desktop\IMG\center_2026_07_31_14_38_58_237.jpg,C:\Users\yasha\Desktop\IMG\left_2026_07_31_14_38_58_237.jpg,C:\Users\yasha\Desktop\IMG\right_2026_07_31_14_38_58_237.jpg,0,1,0,30.18982
C:\Users\yasha\Desktop\IMG\center_2026_07_31_14_38_58_310.jpg,C:\Users\yasha\Desktop\IMG\left_2026_07_31_14_38_58_310.jpg,C:\Users\yasha\Desktop\IMG\right_2026_07_31_14_38_58_310.jpg,-0.15,1,0,30.18393
C:\Users\yasha\Desktop\IMG\center_2026_07_31_14_38_58_388.jpg,C:\Users\yasha\Desktop\IMG\left_2026_07_31_14_38_58_388.jpg,C:\Users\yasha\Desktop\IMG\right_2026_07_31_14_38_58_388.jpg,0,1,0,30.18411
C:\Users\yasha\Desktop\IMG\center_2026_07_31_14_38_58_459.jpg,C:\Users\yasha\Desktop\IMG\left_2026_07_31_14_38_58_459.jpg,C:\Users\yasha\Desktop\IMG\right_2026_07_31_14_38_58_459.jpg,0,1,0,30.18948
C:\Users\yasha\Desktop\IMG\center_2026_07_31_14_38_58_543.jpg,C:\Users\yasha\Desktop\IMG\left_2026_07_31_14_38_58_543.jpg,C:\Users\yasha\Desktop\IMG\right_2026_07_31_14_38_58_543.jpg,0,1,0,30.18985
C:\Users\yasha\Desktop\IMG\center_2026_07_31_14_38_58_621.jpg,C:\Users\yasha\Desktop\IMG\left_2026_07_31_14_38_58_621.jpg,C:\Users\yasha\Desktop\IMG\right_2026_07_31_14_38_58_621.jpg,0,1,0,30.18992
C:\Users\yasha\Desktop\IMG\center_2026_07_31_14_38_58_710.jpg,C:\Users\yasha\Desktop\IMG\left_2026_07_31_14_38_58_710.jpg,C:\Users\yasha\Desktop\IMG\right_2026_07_31_14_38_58_710.jpg,0.2,1,0,30.17852
C:\Users\yasha\Desktop\IMG\center_2026_07_31_14_38_58_788.jpg,C:\Users\yasha\Desktop\IMG\left_2026_07_31_14_38_58_788.jpg,C:\Users\yasha\Desktop\IMG\right_2026_07_31_14_38_58_788.jpg,0,1,0,30.18887
C:\Users\yasha\Desktop\IMG\center_2026_07_31_14_38_58_870.jpg,C:\Users\yasha\Desktop\IMG\left_2026_07_31_14_38_58_870.jpg,C:\Users\yasha\Desktop\IMG\right_2026_07_31_14_38_58_870.jpg,0,1,0,30.18977
C:\Users\yasha\Desktop\IMG\center_2026_07_31_14_38_58_948.jpg,C:\Users\yasha\Desktop\IMG\left_2026_07_31_14_38_58_948.jpg,C:\Users\yasha\Desktop\IMG\right_2026_07_31_14_38_58_948.jpg,0,1,0,30.18989
C:\Users\yasha\Desktop\IMG\center_2026_07_31_14_38_59_023.jpg,C:\Users\yasha\Desktop\IMG\left_2026_07_31_14_38_59_023.jpg,C:\Users\yasha\Desktop\IMG\right_2026_07_31_14_38_59_023.jpg,0,1,0,30.1899
C:\Users\yasha\Desktop\IMG\center_2026_07_31_14_38_59_096.jpg,C:\Users\yasha\Desktop\IMG\left_2026_07_31_14_38_59_096.jpg,C:\Users\yasha\Desktop\IMG\right_2026_07_31_14_38_59_096.jpg,-0.1,1,0,30.18703
C:\Users\yasha\Desktop\IMG\center_2026_07_31_14_38_59_171.jpg,C:\Users\yasha\Desktop\IMG\left_2026_07_31_14_38_59_171.jpg,C:\Users\yasha\Desktop\IMG\right_2026_07_31_14_38_59_171.jpg,-0.3,1,0,30.16867
C:\Users\yasha\Desktop\IMG\center_2026_07_31_14_38_59_246.jpg,C:\Users\yasha\Desktop\IMG\left_2026_07_31_14_38_59_246.jpg,C:\Users\yasha\Desktop\IMG\right_2026_07_31_14_38_59_246.jpg,0,1,0,30.18951
C:\Users\yasha\Desktop\IMG\center_2026_07_31_14_38_59_322.jpg,C:\Users\yasha\Desktop\IMG\left_2026_07_31_14_38_59_322.jpg,C:\Users\yasha\Desktop\IMG\right_2026_07_31_14_38_59_322.jpg,0,1,0,30.18978
C:\Users\yasha\Desktop\IMG\center_2026_07_31_14_38_59_397.jpg,C:\Users\yasha\Desktop\IMG\left_2026_07_31_14_38_59_397.jpg,C:\Users\yasha\Desktop\IMG\right_2026_07_31_14_38_59_397.jpg,0,1,0,30.18991
C:\Users\yasha\Desktop\IMG\center_2026_07_31_14_38_59_475.jpg,C:\Users\yasha\Desktop\IMG\left_2026_07_31_14_38_59_475.jpg,C:\Users\yasha\Desktop\IMG\right_2026_07_31_14_38_59_475.jpg,0.05,1,0,30.18917
C:\Users\yasha\Desktop\IMG\center_2026_07_31_14_38_59_558.jpg,C:\Users\yasha\Desktop\IMG\left_2026_07_31_14_38_59_558.jpg,C:\Users\yasha\Desktop\IMG\right_2026_07_31_14_38_59_558.jpg,0.25,1,0,30.17356
C:\Users\yasha\Desktop\IMG\center_2026_07_31_14_38_59_634.jpg,C:\Users\yasha\Desktop\IMG\left_2026_07_31_14_38_59_634.jpg,C:\Users\yasha\Desktop\IMG\right_2026_07_31_14_38_59_634.jpg,0,1,0,30.18998
C:\Users\yasha\Desktop\IMG\center_2026_07_31_14_38_59_706.jpg,C:\Users\yasha\Desktop\IMG\left_2026_07_31_14_38_59_706.jpg,C:\Users\yasha\Desktop\IMG\right_2026_07_31_14_38_59_706.jpg,0,1,0,30.18943
C:\Users\yasha\Desktop\IMG\center_2026_07_31_14_38_59_781.jpg,C:\Users\yasha\Desktop\IMG\left_2026_07_31_14_38_59_781.jpg,C:\Users\yasha\Desktop\IMG\right_2026_07_31_14_38_59_781.jpg,0,1,0,30.18977
C:\Users\yasha\Desktop\IMG\center_2026_07_31_14_38_59_855.jpg,C:\Users\yasha\Desktop\IMG\left_2026_07_31_14_38_59_855.jpg,C:\Users\yasha\Desktop\IMG\right_2026_07_31_14_38_59_855.jpg,0,1,0,30.18987
C:\Users\yasha\Desktop\IMG\center_2026_07_31_14_38_59_934.jpg,C:\Users\yasha\Desktop\IMG\left_2026_07_31_14_38_59_934.jpg,C:\Users\yasha\Desktop\IMG\right_2026_07_31_14_38_59_934.jpg,0,1,0,30.18987
C:\Users\yasha\Desktop\IMG\center_2026_07_31_14_39_00_015.jpg,C:\Users\yasha\Desktop\IMG\left_2026_07_31_14_39_00_015.jpg,C:\Users\yasha\Desktop\IMG\right_2026_07_31_14_39_00_015.jpg,0,1,0,30.18987
C:\Users\yasha\Desktop\IMG\center_2026_07_31_14_39_00_096.jpg,C:\Users\yasha\Desktop\IMG\left_2026_07_31_14_39_00_096.jpg,C:\Users\yasha\Desktop\IMG\right_2026_07_31_14_39_00_096.jpg,0,1,0,30.18989
C:\Users\yasha\Desktop\IMG\center_2026_07_31_14_39_00_179.jpg,C:\Users\yasha\Desktop\IMG\left_2026_07_31_14_39_00_179.jpg,C:\Users\yasha\Desktop\IMG\right_2026_07_31_14_39_00_179.jpg,0,1,0,30.18987
C:\Users\yasha\Desktop\IMG\center_2026_07_31_14_39_00_255.jpg,C:\Users\yasha\Desktop\IMG\left_2026_07_31_14_39_00_255.jpg,C:\Users\yasha\Desktop\IMG\right_2026_07_31_14_39_00_255.jpg,-0.2,1,0,30.17953
C:\Users\yasha\Desktop\IMG\center_2026_07_31_14_39_00_331.jpg,C:\Users\yasha\Desktop\IMG\left_2026_07_31_14_39_00_331.jpg,C:\Users\yasha\Desktop\IMG\right_2026_07_31_14_39_00_331.jpg,0,1,0,30.18242
C:\Users\yasha\Desktop\IMG\center_2026_07_31_14_39_00_409.jpg,C:\Users\yasha\Desktop\IMG\left_2026_07_31_14_39_00_409.jpg,C:\Users\yasha\Desktop\IMG\right_2026_07_31_14_39_00_409.jpg,0,1,0,30.18909
C:\Users\yasha\Desktop\IMG\center_2026_07_31_14_39_00_491.jpg,C:\Users\yasha\Desktop\IMG\left_2026_07_31_14_39_00_491.jpg,C:\Users\yasha\Desktop\IMG\right_2026_07_31_14_39_00_491.jpg,0,1,0,30.18976
C:\Users\yasha\Desktop\IMG\center_2026_07_31_14_39_00_580.jpg,C:\Users\yasha\Desktop\IMG\left_2026_07_31_14_39_00_580.jpg,C:\Users\yasha\Desktop\IMG\right_2026_07_31_14_39_00_580.jpg,0,1,0,30.18991
C:\Users\yasha\Desktop\IMG\center_2026_07_31_14_39_00_655.jpg,C:\Users\yasha\Desktop\IMG\left_2026_07_31_14_39_00_655.jpg,C:\Users\yasha\Desktop\IMG\right_2026_07_31_14_39_00_655.jpg,0,1,0,30.18993
C:\Users\yasha\Desktop\IMG\center_2026_07_31_14_39_00_727.jpg,C:\Users\yasha\Desktop\IMG\left_2026_07_31_14_39_00_727.jpg,C:\Users\yasha\Desktop\IMG\right_2026_07_31_14_39_00_727.jpg,0.2,1,0,30.17884
C:\Users\yasha\Desktop\IMG\center_2026_07_31_14_39_00_808.jpg,C:\Users\yasha\Desktop\IMG\left_2026_07_31_14_39_00_808.jpg,C:\Users\yasha\Desktop\IMG\right_2026_07_31_14_39_00_808.jpg,0,1,0,30.1889
C:\Users\yasha\Desktop\IMG\center_2026_07_31_14_39_00_877.jpg,C:\Users\yasha\Desktop\IMG\left_2026_07_31_14_39_00_877.jpg,C:\Users\yasha\Desktop\IMG\right_2026_07_31_14_39_00_877.jpg,0,1,0,30.18979
C:\Users\yasha\Desktop\IMG\center_2026_07_31_14_39_00_960.jpg,C:\Users\yasha\Desktop\IMG\left_2026_07_31_14_39_00_960.jpg,C:\Users\yasha\Desktop\IMG\right_2026_07_31_14_39_00_960.jpg,0,1,0,30.18991
C:\Users\yasha\Desktop\IMG\center_2026_07_31_14_39_01_048.jpg,C:\Users\yasha\Desktop\IMG\left_2026_07_31_14_39_01_048.jpg,C:\Users\yasha\Desktop\IMG\right_2026_07_31_14_39_01_048.jpg,0,1,0,30.18991
C:\Users\yasha\Desktop\IMG\center_2026_07_31_14_39_01_126.jpg,C:\Users\yasha\Desktop\IMG\left_2026_07_31_14_39_01_126.jpg,C:\Users\yasha\Desktop\IMG\right_2026_07_31_14_39_01_126.jpg,0,1,0,30.18992
C:\Users\yasha\Desktop\IMG\center_2026_07_31_14_39_01_199.jpg,C:\Users\yasha\Desktop\IMG\left_2026_07_31_14_39_01_199.jpg,C:\Users\yasha\Desktop\IMG\right_2026_07_31_14_39_01_199.jpg,0,1,0,30.18992
C:\Users\yasha\Desktop\IMG\center_2026_07_31_14_39_01_274.jpg,C:\Users\yasha\Desktop\IMG\left_2026_07_31_14_39_01_274.jpg,C:\Users\yasha\Desktop\IMG\right_2026_07_31_14_39_01_274.jpg,-0.2,1,0,30.17945
C:\Users\yasha\Desktop\IMG\center_2026_07_31_14_39_01_358.jpg,C:\Users\yasha\Desktop\IMG\left_2026_07_31_14_39_01_358.jpg,C:\Users\yasha\Desktop\IMG\right_2026_07_31_14_39_01_358.jpg,0,1,0,30.19029
C:\Users\yasha\Desktop\IMG\center_2026_07_31_14_39_01_431.jpg,C:\Users\yasha\Desktop\IMG\left_2026_07_31_14_39_01_431.jpg,C:\Users\yasha\Desktop\IMG\right_2026_07_31_14_39_01_431.jpg,0,1,0,30.18966
C:\Users\yasha\Desktop\IMG\center_2026_07_31_14_39_01_509.jpg,C:\Users\yasha\Desktop\IMG\left_2026_07_31_14_39_01_509.jpg,C:\Users\yasha\Desktop\IMG\right_2026_07_31_14_39_01_509.jpg,0,1,0,30.1899
C:\Users\yasha\Desktop\IMG\center_2026_07_31_14_39_01_594.jpg,C:\Users\yasha\Desktop\IMG\left_2026_07_31_14_39_01_594.jpg,C:\Users\yasha\Desktop\IMG\right_2026_07_31_14_39_01_594.jpg,0.2,1,0,30.178
C:\Users\yasha\Desktop\IMG\center_2026_07_31_14_39_01_671.jpg,C:\Users\yasha\Desktop\IMG\left_2026_07_31_14_39_01_671.jpg,C:\Users\yasha\Desktop\IMG\right_2026_07_31_14_39_01_671.jpg,0,1,0,30.19003
C:\Users\yasha\Desktop\IMG\center_2026_07_31_14_39_01_752.jpg,C:\Users\yasha\Desktop\IMG\left_2026_07_31_14_39_01_752.jpg,C:\Users\yasha\Desktop\IMG\right_2026_07_31_14_39_01_752.jpg,0,1,0,30.18991
C:\Users\yasha\Desktop\IMG\center_2026_07_31_14_39_01_826.jpg,C:\Users\yasha\Desktop\IMG\left_2026_07_31_14_39_01_826.jpg,C:\Users\yasha\Desktop\IMG\right_2026_07_31_14_39_01_826.jpg,0,1,0,30.18993
C:\Users\yasha\Desktop\IMG\center_2026_07_31_14_39_01_906.jpg,C:\Users\yasha\Desktop\IMG\left_2026_07_31_14_39_01_906.jpg,C:\Users\yasha\Desktop\IMG\right_2026_07_31_14_39_01_906.jpg,0,1,0,30.18995
C:\Users\yasha\Desktop\IMG\center_2026_07_31_14_39_01_988.jpg,C:\Users\yasha\Desktop\IMG\left_2026_07_31_14_39_01_988.jpg,C:\Users\yasha\Desktop\IMG\right_2026_07_31_14_39_01_988.jpg,0,1,0,30.18995
C:\Users\yasha\Desktop\IMG\center_2026_07_31_14_39_02_063.jpg,C:\Users\yasha\Desktop\IMG\left_2026_07_31_14_39_02_063.jpg,C:\Users\yasha\Desktop\IMG\right_2026_07_31_14_39_02_063.jpg,0,1,0,30.18995
C:\Users\yasha\Desktop\IMG\center_2026_07_31_14_39_02_136.jpg,C:\Users\yasha\Desktop\IMG\left_2026_07_31_14_39_02_136.jpg,C:\Users\yasha\Desktop\IMG\right_2026_07_31_14_39_02_136.jpg,0,1,0,30.18997
C:\Users\yasha\Desktop\IMG\center_2026_07_31_14_39_02_210.jpg,C:\Users\yasha\Desktop\IMG\left_2026_07_31_14_39_02_210.jpg,C:\Users\yasha\Desktop\IMG\right_2026_07_31_14_39_02_210.jpg,0,1,0,30.18993
C:\Users\yasha\Desktop\IMG\center_2026_07_31_14_39_02_291.jpg,C:\Users\yasha\Desktop\IMG\left_2026_07_31_14_39_02_291.jpg,C:\Users\yasha\Desktop\IMG\right_2026_07_31_14_39_02_291.jpg,0,1,0,30.18996
C:\Users\yasha\Desktop\IMG\center_2026_07_31_14_39_02_369.jpg,C:\Users\yasha\Desktop\IMG\left_2026_07_31_14_39_02_369.jpg,C:\Users\yasha\Desktop\IMG\right_2026_07_31_14_39_02_369.jpg,0,1,0,30.18996
C:\Users\yasha\Desktop\IMG\center_2026_07_31_14_39_02_441.jpg,C:\Users\yasha\Desktop\IMG\left_2026_07_31_14_39_02_441.jpg,C:\Users\yasha\Desktop\IMG\right_2026_07_31_14_39_02_441.jpg,0,1,0,30.18994
C:\Users\yasha\Desktop\IMG\center_2026_07_31_14_39_02_521.jpg,C:\Users\yasha\Desktop\IMG\left_2026_07_31_14_39_02_521.jpg,C:\Users\yasha\Desktop\IMG\right_2026_07_31_14_39_02_521.jpg,0,1,0,30.18994
C:\Users\yasha\Desktop\IMG\center_2026_07_31_14_39_02_596.jpg,C:\Users\yasha\Desktop\IMG\left_2026_07_31_14_39_02_596.jpg,C:\Users\yasha\Desktop\IMG\right_2026_07_31_14_39_02_596.jpg,0,1,0,30.18995
C:\Users\yasha\Desktop\IMG\center_2026_07_31_14_39_02_675.jpg,C:\Users\yasha\Desktop\IMG\left_2026_07_31_14_39_02_675.jpg,C:\Users\yasha\Desktop\IMG\right_2026_07_31_14_39_02_675.jpg,0,1,0,30.18997
C:\Users\yasha\Desktop\IMG\center_2026_07_31_14_39_02_752.jpg,C:\Users\yasha\Desktop\IMG\left_2026_07_31_14_39_02_752.jpg,C:\Users\yasha\Desktop\IMG\right_2026_07_31_14_39_02_752.jpg,0,1,0,30.18995
C:\Users\yasha\Desktop\IMG\center_2026_07_31_14_39_02_832.jpg,C:\Users\yasha\Desktop\IMG\left_2026_07_31_14_39_02_832.jpg,C:\Users\yasha\Desktop\IMG\right_2026_07_31_14_39_02_832.jpg,0,1,0,30.18995
C:\Users\yasha\Desktop\IMG\center_2026_07_31_14_39_02_906.jpg,C:\Users\yasha\Desktop\IMG\left_2026_07_31_14_39_02_906.jpg,C:\Users\yasha\Desktop\IMG\right_2026_07_31_14_39_02_906.jpg,0,1,0,30.18995
C:\Users\yasha\Desktop\IMG\center_2026_07_31_14_39_02_982.jpg,C:\Users\yasha\Desktop\IMG\left_2026_07_31_14_39_02_982.jpg,C:\Users\yasha\Desktop\IMG\right_2026_07_31_14_39_02_982.jpg,0,1,0,30.18996
C:\Users\yasha\Desktop\IMG\center_2026_07_31_14_39_03_061.jpg,C:\Users\yasha\Desktop\IMG\left_2026_07_31_14_39_03_061.jpg,C:\Users\yasha\Desktop\IMG\right_2026_07_31_14_39_03_061.jpg,0,1,0,30.18994
C:\Users\yasha\Desktop\IMG\center_2026_07_31_14_39_03_147.jpg,C:\Users\yasha\Desktop\IMG\left_2026_07_31_14_39_03_147.jpg,C:\Users\yasha\Desktop\IMG\right_2026_07_31_14_39_03_147.jpg,0,1,0,30.18995
C:\Users\yasha\Desktop\IMG\center_2026_07_31_14_39_03_217.jpg,C:\Users\yasha\Desktop\IMG\left_2026_07_31_14_39_03_217.jpg,C:\Users\yasha\Desktop\IMG\right_2026_07_31_14_39_03_217.jpg,0,1,0,30.18996
C:\Users\yasha\Desktop\IMG\center_2026_07_31_14_39_03_288.jpg,C:\Users\yasha\Desktop\IMG\left_2026_07_31_14_39_03_288.jpg,C:\Users\yasha\Desktop\IMG\right_2026_07_31_14_39_03_288.jpg,0,1,0,30.18994
C:\Users\yasha\Desktop\IMG\center_2026_07_31_14_39_03_361.jpg,C:\Users\yasha\Desktop\IMG\left_2026_07_31_14_39_03_361.jpg,C:\Users\yasha\Desktop\IMG\right_2026_07_31_14_39_03_361.jpg,0,1,0,30.18996
C:\Users\yasha\Desktop\IMG\center_2026_07_31_14_39_03_445.jpg,C:\Users\yasha\Desktop\IMG\left_2026_07_31_14_39_03_445.jpg,C:\Users\yasha\Desktop\IMG\right_2026_07_31_14_39_03_445.jpg,0,1,0,30.18994
C:\Users\yasha\Desktop\IMG\center_2026_07_31_14_39_03_530.jpg,C:\Users\yasha\Desktop\IMG\left_2026_07_31_14_39_03_530.jpg,C:\Users\yasha\Desktop\IMG\right_2026_07_31_14_39_03_530.jpg,0,1,0,30.18996
C:\Users\yasha\Desktop\IMG\center_2026_07_31_14_39_03_625.jpg,C:\Users\yasha\Desktop\IMG\left_2026_07_31_14_39_03_625.jpg,C:\Users\yasha\Desktop\IMG\right_2026_07_31_14_39_03_625.jpg,0,1,0,30.18997
C:\Users\yasha\Desktop\IMG\center_2026_07_31_14_39_03_693.jpg,C:\Users\yasha\Desktop\IMG\left_2026_07_31_14_39_03_693.jpg,C:\Users\yasha\Desktop\IMG\right_2026_07_31_14_39_03_693.jpg,0,1,0,30.18997
C:\Users\yasha\Desktop\IMG\center_2026_07_31_14_39_03_784.jpg,C:\Users\yasha\Desktop\IMG\left_2026_07_31_14_39_03_784.jpg,C:\Users\yasha\Desktop\IMG\right_2026_07_31_14_39_03_784.jpg,0,1,0,30.18996
C:\Users\yasha\Desktop\IMG\center_2026_07_31_14_39_03_867.jpg,C:\Users\yasha\Desktop\IMG\left_2026_07_31_14_39_03_867.jpg,C:\Users\yasha\Desktop\IMG\right_2026_07_31_14_39_03_867.jpg,0,1,0,30.18995
C:\Users\yasha\Desktop\IMG\center_2026_07_31_14_39_03_955.jpg,C:\Users\yasha\Desktop\IMG\left_2026_07_31_14_39_03_955.jpg,C:\Users\yasha\Desktop\IMG\right_2026_07_31_14_39_03_955.jpg,0,1,0,30.18995
C:\Users\yasha\Desktop\IMG\center_2026_07_31_14_39_04_043.jpg,C:\Users\yasha\Desktop\IMG\left_2026_07_31_14_39_04_043.jpg,C:\Users\yasha\Desktop\IMG\right_2026_07_31_14_39_04_043.jpg,0,1,0,30.18997
C:\Users\yasha\Desktop\IMG\center_2026_07_31_14_39_04_128.jpg,C:\Users\yasha\Desktop\IMG\left_2026_07_31_14_39_04_128.jpg,C:\Users\yasha\Desktop\IMG\right_2026_07_31_14_39_04_128.jpg,0,1,0,30.18995
C:\Users\yasha\Desktop\IMG\center_2026_07_31_14_39_04_219.jpg,C:\Users\yasha\Desktop\IMG\left_2026_07_31_14_39_04_219.jpg,C:\Users\yasha\Desktop\IMG\right_2026_07_31_14_39_04_219.jpg,0,1,0,30.18996
C:\Users\yasha\Desktop\IMG\center_2026_07_31_14_39_04_307.jpg,C:\Users\yasha\Desktop\IMG\left_2026_07_31_14_39_04_307.jpg,C:\Users\yasha\Desktop\IMG\right_2026_07_31_14_39_04_307.jpg,0,1,0,30.18993
C:\Users\yasha\Desktop\IMG\center_2026_07_31_14_39_04_391.jpg,C:\Users\yasha\Desktop\IMG\left_2026_07_31_14_39_04_391.jpg,C:\Users\yasha\Desktop\IMG\right_2026_07_31_14_39_04_391.jpg,0,1,0,30.18995
C:\Users\yasha\Desktop\IMG\center_2026_07_31_14_39_04_472.jpg,C:\Users\yasha\Desktop\IMG\left_2026_07_31_14_39_04_472.jpg,C:\Users\yasha\Desktop\IMG\right_2026_07_31_14_39_04_472.jpg,0,1,0,30.18994
C:\Users\yasha\Desktop\IMG\center_2026_07_31_14_39_04_556.jpg,C:\Users\yasha\Desktop\IMG\left_2026_07_31_14_39_04_556.jpg,C:\Users\yasha\Desktop\IMG\right_2026_07_31_14_39_04_556.jpg,0,1,0,30.18995
C:\Users\yasha\Desktop\IMG\center_2026_07_31_14_39_04_647.jpg,C:\Users\yasha\Desktop\IMG\left_2026_07_31_14_39_04_647.jpg,C:\Users\yasha\Desktop\IMG\right_2026_07_31_14_39_04_647.jpg,-0.15,1,0,30.18399
C:\Users\yasha\Desktop\IMG\center_2026_07_31_14_39_04_726.jpg,C:\Users\yasha\Desktop\IMG\left_2026_07_31_14_39_04_726.jpg,C:\Users\yasha\Desktop\IMG\right_2026_07_31_14_39_04_726.jpg,0,1,0,30.18932
C:\Users\yasha\Desktop\IMG\center_2026_07_31_14_39_04_804.jpg,C:\Users\yasha\Desktop\IMG\left_2026_07_31_14_39_04_804.jpg,C:\Users\yasha\Desktop\IMG\right_2026_07_31_14_39_04_804.jpg,0,1,0,30.1899
C:\Users\yasha\Desktop\IMG\center_2026_07_31_14_39_04_871.jpg,C:\Users\yasha\Desktop\IMG\left_2026_07_31_14_39_04_871.jpg,C:\Users\yasha\Desktop\IMG\right_2026_07_31_14_39_04_871.jpg,0,1,0,30.18995
C:\Users\yasha\Desktop\IMG\center_2026_07_31_14_39_04_959.jpg,C:\Users\yasha\Desktop\IMG\left_2026_07_31_14_39_04_959.jpg,C:\Users\yasha\Desktop\IMG\right_2026_07_31_14_39_04_959.jpg,0,1,0,30.18997
C:\Users\yasha\Desktop\IMG\center_2026_07_31_14_39_05_045.jpg,C:\Users\yasha\Desktop\IMG\left_2026_07_31_14_39_05_045.jpg,C:\Users\yasha\Desktop\IMG\right_2026_07_31_14_39_05_045.jpg,0,1,0,30.18997
C:\Users\yasha\Desktop\IMG\center_2026_07_31_14_39_05_138.jpg,C:\Users\yasha\Desktop\IMG\left_2026_07_31_14_39_05_138.jpg,C:\Users\yasha\Desktop\IMG\right_2026_07_31_14_39_05_138.jpg,0,1,0,30.18998
C:\Users\yasha\Desktop\IMG\center_2026_07_31_14_39_05_228.jpg,C:\Users\yasha\Desktop\IMG\left_2026_07_31_14_39_05_228.jpg,C:\Users\yasha\Desktop\IMG\right_2026_07_31_14_39_05_228.jpg,0,1,0,30.18999
C:\Users\yasha\Desktop\IMG\center_2026_07_31_14_39_05_308.jpg,C:\Users\yasha\Desktop\IMG\left_2026_07_31_14_39_05_308.jpg,C:\Users\yasha\Desktop\IMG\right_2026_07_31_14_39_05_308.jpg,0,1,0,30.18997
C:\Users\yasha\Desktop\IMG\center_2026_07_31_14_39_05_390.jpg,C:\Users\yasha\Desktop\IMG\left_2026_07_31_14_39_05_390.jpg,C:\Users\yasha\Desktop\IMG\right_2026_07_31_14_39_05_390.jpg,0,1,0,30.19
C:\Users\yasha\Desktop\IMG\center_2026_07_31_14_39_05_456.jpg,C:\Users\yasha\Desktop\IMG\left_2026_07_31_14_39_05_456.jpg,C:\Users\yasha\Desktop\IMG\right_2026_07_31_14_39_05_456.jpg,-0.1,1,0,30.18743
C:\Users\yasha\Desktop\IMG\center_2026_07_31_14_39_05_535.jpg,C:\Users\yasha\Desktop\IMG\left_2026_07_31_14_39_05_535.jpg,C:\Users\yasha\Desktop\IMG\right_2026_07_31_14_39_05_535.jpg,-0.3,1,0,30.16913
C:\Users\yasha\Desktop\IMG\center_2026_07_31_14_39_05_620.jpg,C:\Users\yasha\Desktop\IMG\left_2026_07_31_14_39_05_620.jpg,C:\Users\yasha\Desktop\IMG\right_2026_07_31_14_39_05_620.jpg,0,1,0,30.18959
C:\Users\yasha\Desktop\IMG\center_2026_07_31_14_39_05_698.jpg,C:\Users\yasha\Desktop\IMG\left_2026_07_31_14_39_05_698.jpg,C:\Users\yasha\Desktop\IMG\right_2026_07_31_14_39_05_698.jpg,0,1,0,30.18989
C:\Users\yasha\Desktop\IMG\center_2026_07_31_14_39_05_787.jpg,C:\Users\yasha\Desktop\IMG\left_2026_07_31_14_39_05_787.jpg,C:\Users\yasha\Desktop\IMG\right_2026_07_31_14_39_05_787.jpg,0,1,0,30.06567
C:\Users\yasha\Desktop\IMG\center_2026_07_31_14_39_05_868.jpg,C:\Users\yasha\Desktop\IMG\left_2026_07_31_14_39_05_868.jpg,C:\Users\yasha\Desktop\IMG\right_2026_07_31_14_39_05_868.jpg,0,1,0,29.72515
C:\Users\yasha\Desktop\IMG\center_2026_07_31_14_39_05_948.jpg,C:\Users\yasha\Desktop\IMG\left_2026_07_31_14_39_05_948.jpg,C:\Users\yasha\Desktop\IMG\right_2026_07_31_14_39_05_948.jpg,0,1,0,30.05395
C:\Users\yasha\Desktop\IMG\center_2026_07_31_14_39_06_025.jpg,C:\Users\yasha\Desktop\IMG\left_2026_07_31_14_39_06_025.jpg,C:\Users\yasha\Desktop\IMG\right_2026_07_31_14_39_06_025.jpg,0,1,0,30.32382
C:\Users\yasha\Desktop\IMG\center_2026_07_31_14_39_06_094.jpg,C:\Users\yasha\Desktop\IMG\left_2026_07_31_14_39_06_094.jpg,C:\Users\yasha\Desktop\IMG\right_2026_07_31_14_39_06_094.jpg,0,1,0,30.31095
C:\Users\yasha\Desktop\IMG\center_2026_07_31_14_39_06_188.jpg,C:\Users\yasha\Desktop\IMG\left_2026_07_31_14_39_06_188.jpg,C:\Users\yasha\Desktop\IMG\right_2026_07_31_14_39_06_188.jpg,0,1,0,30.18716
C:\Users\yasha\Desktop\IMG\center_2026_07_31_14_39_06_277.jpg,C:\Users\yasha\Desktop\IMG\left_2026_07_31_14_39_06_277.jpg,C:\Users\yasha\Desktop\IMG\right_2026_07_31_14_39_06_277.jpg,0,1,0,30.19031
C:\Users\yasha\Desktop\IMG\center_2026_07_31_14_39_06_367.jpg,C:\Users\yasha\Desktop\IMG\left_2026_07_31_14_39_06_367.jpg,C:\Users\yasha\Desktop\IMG\right_2026_07_31_14_39_06_367.jpg,0,1,0,30.19072
C:\Users\yasha\Desktop\IMG\center_2026_07_31_14_39_06_450.jpg,C:\Users\yasha\Desktop\IMG\left_2026_07_31_14_39_06_450.jpg,C:\Users\yasha\Desktop\IMG\right_2026_07_31_14_39_06_450.jpg,0,1,0,30.19048
C:\Users\yasha\Desktop\IMG\center_2026_07_31_14_39_06_524.jpg,C:\Users\yasha\Desktop\IMG\left_2026_07_31_14_39_06_524.jpg,C:\Users\yasha\Desktop\IMG\right_2026_07_31_14_39_06_524.jpg,0,1,0,30.19037
C:\Users\yasha\Desktop\IMG\center_2026_07_31_14_39_06_613.jpg,C:\Users\yasha\Desktop\IMG\left_2026_07_31_14_39_06_613.jpg,C:\Users\yasha\Desktop\IMG\right_2026_07_31_14_39_06_613.jpg,0,1,0,30.1903
C:\Users\yasha\Desktop\IMG\center_2026_07_31_14_39_06_700.jpg,C:\Users\yasha\Desktop\IMG\left_2026_07_31_14_39_06_700.jpg,C:\Users\yasha\Desktop\IMG\right_2026_07_31_14_39_06_700.jpg,0,1,0,30.19031
C:\Users\yasha\Desktop\IMG\center_2026_07_31_14_39_06_789.jpg,C:\Users\yasha\Desktop\IMG\left_2026_07_31_14_39_06_789.jpg,C:\Users\yasha\Desktop\IMG\right_2026_07_31_14_39_06_789.jpg,0,1,0,30.19028
C:\Users\yasha\Desktop\IMG\center_2026_07_31_14_39_06_878.jpg,C:\Users\yasha\Desktop\IMG\left_2026_07_31_14_39_06_878.jpg,C:\Users\yasha\Desktop\IMG\right_2026_07_31_14_39_06_878.jpg,0,1,0,30.19031
C:\Users\yasha\Desktop\IMG\center_2026_07_31_14_39_06_968.jpg,C:\Users\yasha\Desktop\IMG\left_2026_07_31_14_39_06_968.jpg,C:\Users\yasha\Desktop\IMG\right_2026_07_31_14_39_06_968.jpg,-0.25,1,0,30.17475
C:\Users\yasha\Desktop\IMG\center_2026_07_31_14_39_07_062.jpg,C:\Users\yasha\Desktop\IMG\left_2026_07_31_14_39_07_062.jpg,C:\Users\yasha\Desktop\IMG\right_2026_07_31_14_39_07_062.jpg,0,1,0,30.18993
C:\Users\yasha\Desktop\IMG\center_2026_07_31_14_39_07_151.jpg,C:\Users\yasha\Desktop\IMG\left_2026_07_31_14_39_07_151.jpg,C:\Users\yasha\Desktop\IMG\right_2026_07_31_14_39_07_151.jpg,0,1,0,30.19023
C:\Users\yasha\Desktop\IMG\center_2026_07_31_14_39_07_238.jpg,C:\Users\yasha\Desktop\IMG\left_2026_07_31_14_39_07_238.jpg,C:\Users\yasha\Desktop\IMG\right_2026_07_31_14_39_07_238.jpg,0,1,0,30.19028
C:\Users\yasha\Desktop\IMG\center_2026_07_31_14_39_07_324.jpg,C:\Users\yasha\Desktop\IMG\left_2026_07_31_14_39_07_324.jpg,C:\Users\yasha\Desktop\IMG\right_2026_07_31_14_39_07_324.jpg,0,1,0,30.19029
C:\Users\yasha\Desktop\IMG\center_2026_07_31_14_39_07_421.jpg,C:\Users\yasha\Desktop\IMG\left_2026_07_31_14_39_07_421.jpg,C:\Users\yasha\Desktop\IMG\right_2026_07_31_14_39_07_421.jpg,0,1,0,30.19031
C:\Users\yasha\Desktop\IMG\center_2026_07_31_14_39_07_506.jpg,C:\Users\yasha\Desktop\IMG\left_2026_07_31_14_39_07_506.jpg,C:\Users\yasha\Desktop\IMG\right_2026_07_31_14_39_07_506.jpg,-0.1,1,0,30.18774
C:\Users\yasha\Desktop\IMG\center_2026_07_31_14_39_07_587.jpg,C:\Users\yasha\Desktop\IMG\left_2026_07_31_14_39_07_587.jpg,C:\Users\yasha\Desktop\IMG\right_2026_07_31_14_39_07_587.jpg,-0.3,1,0,30.16931
C:\Users\yasha\Desktop\IMG\center_2026_07_31_14_39_07_670.jpg,C:\Users\yasha\Desktop\IMG\left_2026_07_31_14_39_07_670.jpg,C:\Users\yasha\Desktop\IMG\right_2026_07_31_14_39_07_670.jpg,0,1,0,30.18839
C:\Users\yasha\Desktop\IMG\center_2026_07_31_14_39_07_759.jpg,C:\Users\yasha\Desktop\IMG\left_2026_07_31_14_39_07_759.jpg,C:\Users\yasha\Desktop\IMG\right_2026_07_31_14_39_07_759.jpg,0,1,0,30.18997
C:\Users\yasha\Desktop\IMG\center_2026_07_31_14_39_07_830.jpg,C:\Users\yasha\Desktop\IMG\left_2026_07_31_14_39_07_830.jpg,C:\Users\yasha\Desktop\IMG\right_2026_07_31_14_39_07_830.jpg,-0.1,1,0,30.18892
C:\Users\yasha\Desktop\IMG\center_2026_07_31_14_39_07_919.jpg,C:\Users\yasha\Desktop\IMG\left_2026_07_31_14_39_07_919.jpg,C:\Users\yasha\Desktop\IMG\right_2026_07_31_14_39_07_919.jpg,0,1,0,30.18659
C:\Users\yasha\Desktop\IMG\center_2026_07_31_14_39_08_007.jpg,C:\Users\yasha\Desktop\IMG\left_2026_07_31_14_39_08_007.jpg,C:\Users\yasha\Desktop\IMG\right_2026_07_31_14_39_08_007.jpg,0,1,0,30.19012
C:\Users\yasha\Desktop\IMG\center_2026_07_31_14_39_08_095.jpg,C:\Users\yasha\Desktop\IMG\left_2026_07_31_14_39_08_095.jpg,C:\Users\yasha\Desktop\IMG\right_2026_07_31_14_39_08_095.jpg,0,1,0,30.19029
C:\Users\yasha\Desktop\IMG\center_2026_07_31_14_39_08_183.jpg,C:\Users\yasha\Desktop\IMG\left_2026_07_31_14_39_08_183.jpg,C:\Users\yasha\Desktop\IMG\right_2026_07_31_14_39_08_183.jpg,0,1,0,30.1903
C:\Users\yasha\Desktop\IMG\center_2026_07_31_14_39_08_271.jpg,C:\Users\yasha\Desktop\IMG\left_2026_07_31_14_39_08_271.jpg,C:\Users\yasha\Desktop\IMG\right_2026_07_31_14_39_08_271.jpg,0,1,0,30.19034
C:\Users\yasha\Desktop\IMG\center_2026_07_31_14_39_08_365.jpg,C:\Users\yasha\Desktop\IMG\left_2026_07_31_14_39_08_365.jpg,C:\Users\yasha\Desktop\IMG\right_2026_07_31_14_39_08_365.jpg,0,1,0,30.19028
C:\Users\yasha\Desktop\IMG\center_2026_07_31_14_39_08_444.jpg,C:\Users\yasha\Desktop\IMG\left_2026_07_31_14_39_08_444.jpg,C:\Users\yasha\Desktop\IMG\right_2026_07_31_14_39_08_444.jpg,-0.15,1,0,30.18437
C:\Users\yasha\Desktop\IMG\center_2026_07_31_14_39_08_517.jpg,C:\Users\yasha\Desktop\IMG\left_2026_07_31_14_39_08_517.jpg,C:\Users\yasha\Desktop\IMG\right_2026_07_31_14_39_08_517.jpg,-0.3,1,0,30.16927
C:\Users\yasha\Desktop\IMG\center_2026_07_31_14_39_08_595.jpg,C:\Users\yasha\Desktop\IMG\left_2026_07_31_14_39_08_595.jpg,C:\Users\yasha\Desktop\IMG\right_2026_07_31_14_39_08_595.jpg,0,1,0,30.18824
C:\Users\yasha\Desktop\IMG\center_2026_07_31_14_39_08_678.jpg,C:\Users\yasha\Desktop\IMG\left_2026_07_31_14_39_08_678.jpg,C:\Users\yasha\Desktop\IMG\right_2026_07_31_14_39_08_678.jpg,-0.2,1,0,30.18445
C:\Users\yasha\Desktop\IMG\center_2026_07_31_14_39_08_762.jpg,C:\Users\yasha\Desktop\IMG\left_2026_07_31_14_39_08_762.jpg,C:\Users\yasha\Desktop\IMG\right_2026_07_31_14_39_08_762.jpg,0,1,0,30.18868
C:\Users\yasha\Desktop\IMG\center_2026_07_31_14_39_08_846.jpg,C:\Users\yasha\Desktop\IMG\left_2026_07_31_14_39_08_846.jpg,C:\Users\yasha\Desktop\IMG\right_2026_07_31_14_39_08_846.jpg,-0.05,1,0,30.19015
C:\Users\yasha\Desktop\IMG\center_2026_07_31_14_39_08_920.jpg,C:\Users\yasha\Desktop\IMG\left_2026_07_31_14_39_08_920.jpg,C:\Users\yasha\Desktop\IMG\right_2026_07_31_14_39_08_920.jpg,-0.2,1,0,30.1828
C:\Users\yasha\Desktop\IMG\center_2026_07_31_14_39_09_003.jpg,C:\Users\yasha\Desktop\IMG\left_2026_07_31_14_39_09_003.jpg,C:\Users\yasha\Desktop\IMG\right_2026_07_31_14_39_09_003.jpg,-0.45,1,0,30.15384
C:\Users\yasha\Desktop\IMG\center_2026_07_31_14_39_09_082.jpg,C:\Users\yasha\Desktop\IMG\left_2026_07_31_14_39_09_082.jpg,C:\Users\yasha\Desktop\IMG\right_2026_07_31_14_39_09_082.jpg,0,1,0,30.18285
C:\Users\yasha\Desktop\IMG\center_2026_07_31_14_39_09_168.jpg,C:\Users\yasha\Desktop\IMG\left_2026_07_31_14_39_09_168.jpg,C:\Users\yasha\Desktop\IMG\right_2026_07_31_14_39_09_168.jpg,-0.1,1,0,30.19118
C:\Users\yasha\Desktop\IMG\center_2026_07_31_14_39_09_262.jpg,C:\Users\yasha\Desktop\IMG\left_2026_07_31_14_39_09_262.jpg,C:\Users\yasha\Desktop\IMG\right_2026_07_31_14_39_09_262.jpg,-0.35,1,0,30.17139
C:\Users\yasha\Desktop\IMG\center_2026_07_31_14_39_09_341.jpg,C:\Users\yasha\Desktop\IMG\left_2026_07_31_14_39_09_341.jpg,C:\Users\yasha\Desktop\IMG\right_2026_07_31_14_39_09_341.jpg,0,1,0,30.18896
C:\Users\yasha\Desktop\IMG\center_2026_07_31_14_39_09_424.jpg,C:\Users\yasha\Desktop\IMG\left_2026_07_31_14_39_09_424.jpg,C:\Users\yasha\Desktop\IMG\right_2026_07_31_14_39_09_424.jpg,0,1,0,30.19006
C:\Users\yasha\Desktop\IMG\center_2026_07_31_14_39_09_514.jpg,C:\Users\yasha\Desktop\IMG\left_2026_07_31_14_39_09_514.jpg,C:\Users\yasha\Desktop\IMG\right_2026_07_31_14_39_09_514.jpg,0,1,0,30.19028
C:\Users\yasha\Desktop\IMG\center_2026_07_31_14_39_09_599.jpg,C:\Users\yasha\Desktop\IMG\left_2026_07_31_14_39_09_599.jpg,C:\Users\yasha\Desktop\IMG\right_2026_07_31_14_39_09_599.jpg,0,1,0,30.19013
C:\Users\yasha\Desktop\IMG\center_2026_07_31_14_39_09_683.jpg,C:\Users\yasha\Desktop\IMG\left_2026_07_31_14_39_09_683.jpg,C:\Users\yasha\Desktop\IMG\right_2026_07_31_14_39_09_683.jpg,0,1,0,30.19029
C:\Users\yasha\Desktop\IMG\center_2026_07_31_14_39_09_767.jpg,C:\Users\yasha\Desktop\IMG\left_2026_07_31_14_39_09_767.jpg,C:\Users\yasha\Desktop\IMG\right_2026_07_31_14_39_09_767.jpg,-0.15,1,0,30.18436
C:\Users\yasha\Desktop\IMG\center_2026_07_31_14_39_09_839.jpg,C:\Users\yasha\Desktop\IMG\left_2026_07_31_14_39_09_839.jpg,C:\Users\yasha\Desktop\IMG\right_2026_07_31_14_39_09_839.jpg,-0.3,1,0,30.16939
C:\Users\yasha\Desktop\IMG\center_2026_07_31_14_39_09_931.jpg,C:\Users\yasha\Desktop\IMG\left_2026_07_31_14_39_09_931.jpg,C:\Users\yasha\Desktop\IMG\right_2026_07_31_14_39_09_931.jpg,-0.1,1,0,30.1896
C:\Users\yasha\Desktop\IMG\center_2026_07_31_14_39_10_015.jpg,C:\Users\yasha\Desktop\IMG\left_2026_07_31_14_39_10_015.jpg,C:\Users\yasha\Desktop\IMG\right_2026_07_31_14_39_10_015.jpg,-0.3,1,0,30.17332
C:\Users\yasha\Desktop\IMG\center_2026_07_31_14_39_10_101.jpg,C:\Users\yasha\Desktop\IMG\left_2026_07_31_14_39_10_101.jpg,C:\Users\yasha\Desktop\IMG\right_2026_07_31_14_39_10_101.jpg,0,1,0,30.18683
C:\Users\yasha\Desktop\IMG\center_2026_07_31_14_39_10_181.jpg,C:\Users\yasha\Desktop\IMG\left_2026_07_31_14_39_10_181.jpg,C:\Users\yasha\Desktop\IMG\right_2026_07_31_14_39_10_181.jpg,-0.15,1,0,30.19007
C:\Users\yasha\Desktop\IMG\center_2026_07_31_14_39_10_265.jpg,C:\Users\yasha\Desktop\IMG\left_2026_07_31_14_39_10_265.jpg,C:\Users\yasha\Desktop\IMG\right_2026_07_31_14_39_10_265.jpg,0,1,0,30.18634
C:\Users\yasha\Desktop\IMG\center_2026_07_31_14_39_10_333.jpg,C:\Users\yasha\Desktop\IMG\left_2026_07_31_14_39_10_333.jpg,C:\Users\yasha\Desktop\IMG\right_2026_07_31_14_39_10_333.jpg,-0.05,1,0,30.19094
C:\Users\yasha\Desktop\IMG\center_2026_07_31_14_39_10_420.jpg,C:\Users\yasha\Desktop\IMG\left_2026_07_31_14_39_10_420.jpg,C:\Users\yasha\Desktop\IMG\right_2026_07_31_14_39_10_420.jpg,-0.25,1,0,30.17982
C:\Users\yasha\Desktop\IMG\center_2026_07_31_14_39_10_491.jpg,C:\Users\yasha\Desktop\IMG\left_2026_07_31_14_39_10_491.jpg,C:\Users\yasha\Desktop\IMG\right_2026_07_31_14_39_10_491.jpg,0,1,0,30.18891
C:\Users\yasha\Desktop\IMG\center_2026_07_31_14_39_10_586.jpg,C:\Users\yasha\Desktop\IMG\left_2026_07_31_14_39_10_586.jpg,C:\Users\yasha\Desktop\IMG\right_2026_07_31_14_39_10_586.jpg,-0.25,1,0,30.17918
C:\Users\yasha\Desktop\IMG\center_2026_07_31_14_39_10_669.jpg,C:\Users\yasha\Desktop\IMG\left_2026_07_31_14_39_10_669.jpg,C:\Users\yasha\Desktop\IMG\right_2026_07_31_14_39_10_669.jpg,0,1,0,30.18881
C:\Users\yasha\Desktop\IMG\center_2026_07_31_14_39_10_735.jpg,C:\Users\yasha\Desktop\IMG\left_2026_07_31_14_39_10_735.jpg,C:\Users\yasha\Desktop\IMG\right_2026_07_31_14_39_10_735.jpg,-0.1,1,0,30.18985
C:\Users\yasha\Desktop\IMG\center_2026_07_31_14_39_10_810.jpg,C:\Users\yasha\Desktop\IMG\left_2026_07_31_14_39_10_810.jpg,C:\Users\yasha\Desktop\IMG\right_2026_07_31_14_39_10_810.jpg,-0.3,1,0,30.1726
C:\Users\yasha\Desktop\IMG\center_2026_07_31_14_39_10_897.jpg,C:\Users\yasha\Desktop\IMG\left_2026_07_31_14_39_10_897.jpg,C:\Users\yasha\Desktop\IMG\right_2026_07_31_14_39_10_897.jpg,-0.5000001,1,0,30.14806
C:\Users\yasha\Desktop\IMG\center_2026_07_31_14_39_10_976.jpg,C:\Users\yasha\Desktop\IMG\left_2026_07_31_14_39_10_976.jpg,C:\Users\yasha\Desktop\IMG\right_2026_07_31_14_39_10_976.jpg,-0.7,1,0,30.12223
C:\Users\yasha\Desktop\IMG\center_2026_07_31_14_39_11_064.jpg,C:\Users\yasha\Desktop\IMG\left_2026_07_31_14_39_11_064.jpg,C:\Users\yasha\Desktop\IMG\right_2026_07_31_14_39_11_064.jpg,-0.9500002,1,0,30.09754
C:\Users\yasha\Desktop\IMG\center_2026_07_31_14_39_11_154.jpg,C:\Users\yasha\Desktop\IMG\left_2026_07_31_14_39_11_154.jpg,C:\Users\yasha\Desktop\IMG\right_2026_07_31_14_39_11_154.jpg,-1,1,0,30.10735
C:\Users\yasha\Desktop\IMG\center_2026_07_31_14_39_11_247.jpg,C:\Users\yasha\Desktop\IMG\left_2026_07_31_14_39_11_247.jpg,C:\Users\yasha\Desktop\IMG\right_2026_07_31_14_39_11_247.jpg,-1,1,0,30.1325
C:\Users\yasha\Desktop\IMG\center_2026_07_31_14_39_11_325.jpg,C:\Users\yasha\Desktop\IMG\left_2026_07_31_14_39_11_325.jpg,C:\Users\yasha\Desktop\IMG\right_2026_07_31_14_39_11_325.jpg,0,1,0,30.14248
C:\Users\yasha\Desktop\IMG\center_2026_07_31_14_39_11_400.jpg,C:\Users\yasha\Desktop\IMG\left_2026_07_31_14_39_11_400.jpg,C:\Users\yasha\Desktop\IMG\right_2026_07_31_14_39_11_400.jpg,0,1,0,30.17496
C:\Users\yasha\Desktop\IMG\center_2026_07_31_14_39_11_496.jpg,C:\Users\yasha\Desktop\IMG\left_2026_07_31_14_39_11_496.jpg,C:\Users\yasha\Desktop\IMG\right_2026_07_31_14_39_11_496.jpg,0.05,1,0,30.18296
C:\Users\yasha\Desktop\IMG\center_2026_07_31_14_39_11_591.jpg,C:\Users\yasha\Desktop\IMG\left_2026_07_31_14_39_11_591.jpg,C:\Users\yasha\Desktop\IMG\right_2026_07_31_14_39_11_591.jpg,0.3,1,0,30.15869
C:\Users\yasha\Desktop\IMG\center_2026_07_31_14_39_11_684.jpg,C:\Users\yasha\Desktop\IMG\left_2026_07_31_14_39_11_684.jpg,C:\Users\yasha\Desktop\IMG\right_2026_07_31_14_39_11_684.jpg,0.5500001,1,0,30.13242
C:\Users\yasha\Desktop\IMG\center_2026_07_31_14_39_11_751.jpg,C:\Users\yasha\Desktop\IMG\left_2026_07_31_14_39_11_751.jpg,C:\Users\yasha\Desktop\IMG\right_2026_07_31_14_39_11_751.jpg,0.7,1,0,30.11567
C:\Users\yasha\Desktop\IMG\center_2026_07_31_14_39_11_827.jpg,C:\Users\yasha\Desktop\IMG\left_2026_07_31_14_39_11_827.jpg,C:\Users\yasha\Desktop\IMG\right_2026_07_31_14_39_11_827.jpg,0,1,0,30.18144
C:\Users\yasha\Desktop\IMG\center_2026_07_31_14_39_11_914.jpg,C:\Users\yasha\Desktop\IMG\left_2026_07_31_14_39_11_914.jpg,C:\Users\yasha\Desktop\IMG\right_2026_07_31_14_39_11_914.jpg,0,1,0,30.18877
C:\Users\yasha\Desktop\IMG\center_2026_07_31_14_39_12_003.jpg,C:\Users\yasha\Desktop\IMG\left_2026_07_31_14_39_12_003.jpg,C:\Users\yasha\Desktop\IMG\right_2026_07_31_14_39_12_003.jpg,0,1,0,30.19012
C:\Users\yasha\Desktop\IMG\center_2026_07_31_14_39_12_097.jpg,C:\Users\yasha\Desktop\IMG\left_2026_07_31_14_39_12_097.jpg,C:\Users\yasha\Desktop\IMG\right_2026_07_31_14_39_12_097.jpg,-0.05,1,0,30.19053
C:\Users\yasha\Desktop\IMG\center_2026_07_31_14_39_12_184.jpg,C:\Users\yasha\Desktop\IMG\left_2026_07_31_14_39_12_184.jpg,C:\Users\yasha\Desktop\IMG\right_2026_07_31_14_39_12_184.jpg,-0.3,1,0,30.1683
C:\Users\yasha\Desktop\IMG\center_2026_07_31_14_39_12_271.jpg,C:\Users\yasha\Desktop\IMG\left_2026_07_31_14_39_12_271.jpg,C:\Users\yasha\Desktop\IMG\right_2026_07_31_14_39_12_271.jpg,-0.5000001,1,0,30.14417
C:\Users\yasha\Desktop\IMG\center_2026_07_31_14_39_12_361.jpg,C:\Users\yasha\Desktop\IMG\left_2026_07_31_14_39_12_361.jpg,C:\Users\yasha\Desktop\IMG\right_2026_07_31_14_39_12_361.jpg,0,1,0,30.18262
C:\Users\yasha\Desktop\IMG\center_2026_07_31_14_39_12_454.jpg,C:\Users\yasha\Desktop\IMG\left_2026_07_31_14_39_12_454.jpg,C:\Users\yasha\Desktop\IMG\right_2026_07_31_14_39_12_454.jpg,0,1,0,30.18937
C:\Users\yasha\Desktop\IMG\center_2026_07_31_14_39_12_536.jpg,C:\Users\yasha\Desktop\IMG\left_2026_07_31_14_39_12_536.jpg,C:\Users\yasha\Desktop\IMG\right_2026_07_31_14_39_12_536.jpg,-0.05,1,0,30.18968
C:\Users\yasha\Desktop\IMG\center_2026_07_31_14_39_12_628.jpg,C:\Users\yasha\Desktop\IMG\left_2026_07_31_14_39_12_628.jpg,C:\Users\yasha\Desktop\IMG\right_2026_07_31_14_39_12_628.jpg,-0.3,1,0,30.17264
C:\Users\yasha\Desktop\IMG\center_2026_07_31_14_39_12_718.jpg,C:\Users\yasha\Desktop\IMG\left_2026_07_31_14_39_12_718.jpg,C:\Users\yasha\Desktop\IMG\right_2026_07_31_14_39_12_718.jpg,0,1,0,30.19003
C:\Users\yasha\Desktop\IMG\center_2026_07_31_14_39_12_812.jpg,C:\Users\yasha\Desktop\IMG\left_2026_07_31_14_39_12_812.jpg,C:\Users\yasha\Desktop\IMG\right_2026_07_31_14_39_12_812.jpg,0,1,0,30.19076
C:\Users\yasha\Desktop\IMG\center_2026_07_31_14_39_12_889.jpg,C:\Users\yasha\Desktop\IMG\left_2026_07_31_14_39_12_889.jpg,C:\Users\yasha\Desktop\IMG\right_2026_07_31_14_39_12_889.jpg,-0.05,1,0,30.18964
C:\Users\yasha\Desktop\IMG\center_2026_07_31_14_39_12_964.jpg,C:\Users\yasha\Desktop\IMG\left_2026_07_31_14_39_12_964.jpg,C:\Users\yasha\Desktop\IMG\right_2026_07_31_14_39_12_964.jpg,-0.25,1,0,30.17607
C:\Users\yasha\Desktop\IMG\center_2026_07_31_14_39_13_033.jpg,C:\Users\yasha\Desktop\IMG\left_2026_07_31_14_39_13_033.jpg,C:\Users\yasha\Desktop\IMG\right_2026_07_31_14_39_13_033.jpg,0,1,0,30.18936
C:\Users\yasha\Desktop\IMG\center_2026_07_31_14_39_13_125.jpg,C:\Users\yasha\Desktop\IMG\left_2026_07_31_14_39_13_125.jpg,C:\Users\yasha\Desktop\IMG\right_2026_07_31_14_39_13_125.jpg,0,1,0,30.19071
C:\Users\yasha\Desktop\IMG\center_2026_07_31_14_39_13_193.jpg,C:\Users\yasha\Desktop\IMG\left_2026_07_31_14_39_13_193.jpg,C:\Users\yasha\Desktop\IMG\right_2026_07_31_14_39_13_193.jpg,-0.1,1,0,30.18856
C:\Users\yasha\Desktop\IMG\center_2026_07_31_14_39_13_281.jpg,C:\Users\yasha\Desktop\IMG\left_2026_07_31_14_39_13_281.jpg,C:\Users\yasha\Desktop\IMG\right_2026_07_31_14_39_13_281.jpg,-0.35,1,0,30.16423
C:\Users\yasha\Desktop\IMG\center_2026_07_31_14_39_13_372.jpg,C:\Users\yasha\Desktop\IMG\left_2026_07_31_14_39_13_372.jpg,C:\Users\yasha\Desktop\IMG\right_2026_07_31_14_39_13_372.jpg,0,1,0,30.18751
C:\Users\yasha\Desktop\IMG\center_2026_07_31_14_39_13_461.jpg,C:\Users\yasha\Desktop\IMG\left_2026_07_31_14_39_13_461.jpg,C:\Users\yasha\Desktop\IMG\right_2026_07_31_14_39_13_461.jpg,-0.25,1,0,30.18089
C:\Users\yasha\Desktop\IMG\center_2026_07_31_14_39_13_551.jpg,C:\Users\yasha\Desktop\IMG\left_2026_07_31_14_39_13_551.jpg,C:\Users\yasha\Desktop\IMG\right_2026_07_31_14_39_13_551.jpg,0,1,0,30.18817
C:\Users\yasha\Desktop\IMG\center_2026_07_31_14_39_13_636.jpg,C:\Users\yasha\Desktop\IMG\left_2026_07_31_14_39_13_636.jpg,C:\Users\yasha\Desktop\IMG\right_2026_07_31_14_39_13_636.jpg,-0.15,1,0,30.18873
C:\Users\yasha\Desktop\IMG\center_2026_07_31_14_39_13_724.jpg,C:\Users\yasha\Desktop\IMG\left_2026_07_31_14_39_13_724.jpg,C:\Users\yasha\Desktop\IMG\right_2026_07_31_14_39_13_724.jpg,-0.4,1,0,30.16279
C:\Users\yasha\Desktop\IMG\center_2026_07_31_14_39_13_809.jpg,C:\Users\yasha\Desktop\IMG\left_2026_07_31_14_39_13_809.jpg,C:\Users\yasha\Desktop\IMG\right_2026_07_31_14_39_13_809.jpg,0,1,0,30.18864
C:\Users\yasha\Desktop\IMG\center_2026_07_31_14_39_13_878.jpg,C:\Users\yasha\Desktop\IMG\left_2026_07_31_14_39_13_878.jpg,C:\Users\yasha\Desktop\IMG\right_2026_07_31_14_39_13_878.jpg,0,1,0,30.18987
C:\Users\yasha\Desktop\IMG\center_2026_07_31_14_39_13_969.jpg,C:\Users\yasha\Desktop\IMG\left_2026_07_31_14_39_13_969.jpg,C:\Users\yasha\Desktop\IMG\right_2026_07_31_14_39_13_969.jpg,0,1,0,30.19027
C:\Users\yasha\Desktop\IMG\center_2026_07_31_14_39_14_063.jpg,C:\Users\yasha\Desktop\IMG\left_2026_07_31_14_39_14_063.jpg,C:\Users\yasha\Desktop\IMG\right_2026_07_31_14_39_14_063.jpg,0,1,0,30.1903
C:\Users\yasha\Desktop\IMG\center_2026_07_31_14_39_14_146.jpg,C:\Users\yasha\Desktop\IMG\left_2026_07_31_14_39_14_146.jpg,C:\Users\yasha\Desktop\IMG\right_2026_07_31_14_39_14_146.jpg,0.2,1,0,30.17927
C:\Users\yasha\Desktop\IMG\center_2026_07_31_14_39_14_223.jpg,C:\Users\yasha\Desktop\IMG\left_2026_07_31_14_39_14_223.jpg,C:\Users\yasha\Desktop\IMG\right_2026_07_31_14_39_14_223.jpg,0,1,0,30.19074
C:\Users\yasha\Desktop\IMG\center_2026_07_31_14_39_14_304.jpg,C:\Users\yasha\Desktop\IMG\left_2026_07_31_14_39_14_304.jpg,C:\Users\yasha\Desktop\IMG\right_2026_07_31_14_39_14_304.jpg,0,1,0,30.18997
C:\Users\yasha\Desktop\IMG\center_2026_07_31_14_39_14_391.jpg,C:\Users\yasha\Desktop\IMG\left_2026_07_31_14_39_14_391.jpg,C:\Users\yasha\Desktop\IMG\right_2026_07_31_14_39_14_391.jpg,0,1,0,30.1902
C:\Users\yasha\Desktop\IMG\center_2026_07_31_14_39_14_476.jpg,C:\Users\yasha\Desktop\IMG\left_2026_07_31_14_39_14_476.jpg,C:\Users\yasha\Desktop\IMG\right_2026_07_31_14_39_14_476.jpg,0,1,0,30.1903
C:\Users\yasha\Desktop\IMG\center_2026_07_31_14_39_14_559.jpg,C:\Users\yasha\Desktop\IMG\left_2026_07_31_14_39_14_559.jpg,C:\Users\yasha\Desktop\IMG\right_2026_07_31_14_39_14_559.jpg,-0.05,1,0,30.18958
C:\Users\yasha\Desktop\IMG\center_2026_07_31_14_39_14_631.jpg,C:\Users\yasha\Desktop\IMG\left_2026_07_31_14_39_14_631.jpg,C:\Users\yasha\Desktop\IMG\right_2026_07_31_14_39_14_631.jpg,-0.25,1,0,30.17428
C:\Users\yasha\Desktop\IMG\center_2026_07_31_14_39_14_722.jpg,C:\Users\yasha\Desktop\IMG\left_2026_07_31_14_39_14_722.jpg,C:\Users\yasha\Desktop\IMG\right_2026_07_31_14_39_14_722.jpg,0,1,0,30.18914
C:\Users\yasha\Desktop\IMG\center_2026_07_31_14_39_14_813.jpg,C:\Users\yasha\Desktop\IMG\left_2026_07_31_14_39_14_813.jpg,C:\Users\yasha\Desktop\IMG\right_2026_07_31_14_39_14_813.jpg,0,1,0,30.18959
C:\Users\yasha\Desktop\IMG\center_2026_07_31_14_39_14_893.jpg,C:\Users\yasha\Desktop\IMG\left_2026_07_31_14_39_14_893.jpg,C:\Users\yasha\Desktop\IMG\right_2026_07_31_14_39_14_893.jpg,0,1,0,30.19013
C:\Users\yasha\Desktop\IMG\center_2026_07_31_14_39_14_967.jpg,C:\Users\yasha\Desktop\IMG\left_2026_07_31_14_39_14_967.jpg,C:\Users\yasha\Desktop\IMG\right_2026_07_31_14_39_14_967.jpg,0,1,0,30.19027
C:\Users\yasha\Desktop\IMG\center_2026_07_31_14_39_15_051.jpg,C:\Users\yasha\Desktop\IMG\left_2026_07_31_14_39_15_051.jpg,C:\Users\yasha\Desktop\IMG\right_2026_07_31_14_39_15_051.jpg,0,1,0,30.19029
C:\Users\yasha\Desktop\IMG\center_2026_07_31_14_39_15_136.jpg,C:\Users\yasha\Desktop\IMG\left_2026_07_31_14_39_15_136.jpg,C:\Users\yasha\Desktop\IMG\right_2026_07_31_14_39_15_136.jpg,0,1,0,30.19029
C:\Users\yasha\Desktop\IMG\center_2026_07_31_14_39_15_221.jpg,C:\Users\yasha\Desktop\IMG\left_2026_07_31_14_39_15_221.jpg,C:\Users\yasha\Desktop\IMG\right_2026_07_31_14_39_15_221.jpg,0,1,0,30.19028
C:\Users\yasha\Desktop\IMG\center_2026_07_31_14_39_15_288.jpg,C:\Users\yasha\Desktop\IMG\left_2026_07_31_14_39_15_288.jpg,C:\Users\yasha\Desktop\IMG\right_2026_07_31_14_39_15_288.jpg,-0.15,1,0,30.1843
C:\Users\yasha\Desktop\IMG\center_2026_07_31_14_39_15_365.jpg,C:\Users\yasha\Desktop\IMG\left_2026_07_31_14_39_15_365.jpg,C:\Users\yasha\Desktop\IMG\right_2026_07_31_14_39_15_365.jpg,0,1,0,30.18461
C:\Users\yasha\Desktop\IMG\center_2026_07_31_14_39_15_439.jpg,C:\Users\yasha\Desktop\IMG\left_2026_07_31_14_39_15_439.jpg,C:\Users\yasha\Desktop\IMG\right_2026_07_31_14_39_15_439.jpg,0,1,0,30.18993
C:\Users\yasha\Desktop\IMG\center_2026_07_31_14_39_15_530.jpg,C:\Users\yasha\Desktop\IMG\left_2026_07_31_14_39_15_530.jpg,C:\Users\yasha\Desktop\IMG\right_2026_07_31_14_39_15_530.jpg,0,1,0,30.19021
C:\Users\yasha\Desktop\IMG\center_2026_07_31_14_39_15_621.jpg,C:\Users\yasha\Desktop\IMG\left_2026_07_31_14_39_15_621.jpg,C:\Users\yasha\Desktop\IMG\right_2026_07_31_14_39_15_621.jpg,0,1,0,30.19031
C:\Users\yasha\Desktop\IMG\center_2026_07_31_14_39_15_713.jpg,C:\Users\yasha\Desktop\IMG\left_2026_07_31_14_39_15_713.jpg,C:\Users\yasha\Desktop\IMG\right_2026_07_31_14_39_15_713.jpg,0,1,0,30.19027
C:\Users\yasha\Desktop\IMG\center_2026_07_31_14_39_15_796.jpg,C:\Users\yasha\Desktop\IMG\left_2026_07_31_14_39_15_796.jpg,C:\Users\yasha\Desktop\IMG\right_2026_07_31_14_39_15_796.jpg,0,1,0,30.19032
C:\Users\yasha\Desktop\IMG\center_2026_07_31_14_39_15_878.jpg,C:\Users\yasha\Desktop\IMG\left_2026_07_31_14_39_15_878.jpg,C:\Users\yasha\Desktop\IMG\right_2026_07_31_14_39_15_878.jpg,0,1,0,30.1903
C:\Users\yasha\Desktop\IMG\center_2026_07_31_14_39_15_960.jpg,C:\Users\yasha\Desktop\IMG\left_2026_07_31_14_39_15_960.jpg,C:\Users\yasha\Desktop\IMG\right_2026_07_31_14_39_15_960.jpg,0,1,0,30.19029
C:\Users\yasha\Desktop\IMG\center_2026_07_31_14_39_16_027.jpg,C:\Users\yasha\Desktop\IMG\left_2026_07_31_14_39_16_027.jpg,C:\Users\yasha\Desktop\IMG\right_2026_07_31_14_39_16_027.jpg,0,1,0,30.19031
C:\Users\yasha\Desktop\IMG\center_2026_07_31_14_39_16_106.jpg,C:\Users\yasha\Desktop\IMG\left_2026_07_31_14_39_16_106.jpg,C:\Users\yasha\Desktop\IMG\right_2026_07_31_14_39_16_106.jpg,0,1,0,30.19029
C:\Users\yasha\Desktop\IMG\center_2026_07_31_14_39_16_174.jpg,C:\Users\yasha\Desktop\IMG\left_2026_07_31_14_39_16_174.jpg,C:\Users\yasha\Desktop\IMG\right_2026_07_31_14_39_16_174.jpg,0,1,0,30.19028
C:\Users\yasha\Desktop\IMG\center_2026_07_31_14_39_16_266.jpg,C:\Users\yasha\Desktop\IMG\left_2026_07_31_14_39_16_266.jpg,C:\Users\yasha\Desktop\IMG\right_2026_07_31_14_39_16_266.jpg,0,1,0,30.1903
C:\Users\yasha\Desktop\IMG\center_2026_07_31_14_39_16_348.jpg,C:\Users\yasha\Desktop\IMG\left_2026_07_31_14_39_16_348.jpg,C:\Users\yasha\Desktop\IMG\right_2026_07_31_14_39_16_348.jpg,0,1,0,30.19029
C:\Users\yasha\Desktop\IMG\center_2026_07_31_14_39_16_435.jpg,C:\Users\yasha\Desktop\IMG\left_2026_07_31_14_39_16_435.jpg,C:\Users\yasha\Desktop\IMG\right_2026_07_31_14_39_16_435.jpg,0,1,0,30.19029
C:\Users\yasha\Desktop\IMG\center_2026_07_31_14_39_16_516.jpg,C:\Users\yasha\Desktop\IMG\left_2026_07_31_14_39_16_516.jpg,C:\Users\yasha\Desktop\IMG\right_2026_07_31_14_39_16_516.jpg,0,1,0,30.19029
C:\Users\yasha\Desktop\IMG\center_2026_07_31_14_39_16_584.jpg,C:\Users\yasha\Desktop\IMG\left_2026_07_31_14_39_16_584.jpg,C:\Users\yasha\Desktop\IMG\right_2026_07_31_14_39_16_584.jpg,0,1,0,30.19025
C:\Users\yasha\Desktop\IMG\center_2026_07_31_14_39_16_655.jpg,C:\Users\yasha\Desktop\IMG\left_2026_07_31_14_39_16_655.jpg,C:\Users\yasha\Desktop\IMG\right_2026_07_31_14_39_16_655.jpg,0,1,0,30.19035
C:\Users\yasha\Desktop\IMG\center_2026_07_31_14_39_16_734.jpg,C:\Users\yasha\Desktop\IMG\left_2026_07_31_14_39_16_734.jpg,C:\Users\yasha\Desktop\IMG\right_2026_07_31_14_39_16_734.jpg,0,1,0,30.19013
C:\Users\yasha\Desktop\IMG\center_2026_07_31_14_39_16_806.jpg,C:\Users\yasha\Desktop\IMG\left_2026_07_31_14_39_16_806.jpg,C:\Users\yasha\Desktop\IMG\right_2026_07_31_14_39_16_806.jpg,-0.1,1,0,30.18769
C:\Users\yasha\Desktop\IMG\center_2026_07_31_14_39_16_880.jpg,C:\Users\yasha\Desktop\IMG\left_2026_07_31_14_39_16_880.jpg,C:\Users\yasha\Desktop\IMG\right_2026_07_31_14_39_16_880.jpg,-0.25,1,0,30.17513
C:\Users\yasha\Desktop\IMG\center_2026_07_31_14_39_16_954.jpg,C:\Users\yasha\Desktop\IMG\left_2026_07_31_14_39_16_954.jpg,C:\Users\yasha\Desktop\IMG\right_2026_07_31_14_39_16_954.jpg,0,1,0,30.18977
C:\Users\yasha\Desktop\IMG\center_2026_07_31_14_39_17_023.jpg,C:\Users\yasha\Desktop\IMG\left_2026_07_31_14_39_17_023.jpg,C:\Users\yasha\Desktop\IMG\right_2026_07_31_14_39_17_023.jpg,0,1,0,30.18977
C:\Users\yasha\Desktop\IMG\center_2026_07_31_14_39_17_098.jpg,C:\Users\yasha\Desktop\IMG\left_2026_07_31_14_39_17_098.jpg,C:\Users\yasha\Desktop\IMG\right_2026_07_31_14_39_17_098.jpg,0,1,0,30.1901
C:\Users\yasha\Desktop\IMG\center_2026_07_31_14_39_17_166.jpg,C:\Users\yasha\Desktop\IMG\left_2026_07_31_14_39_17_166.jpg,C:\Users\yasha\Desktop\IMG\right_2026_07_31_14_39_17_166.jpg,0,1,0,30.19026
C:\Users\yasha\Desktop\IMG\center_2026_07_31_14_39_17_254.jpg,C:\Users\yasha\Desktop\IMG\left_2026_07_31_14_39_17_254.jpg,C:\Users\yasha\Desktop\IMG\right_2026_07_31_14_39_17_254.jpg,0,1,0,30.19031
C:\Users\yasha\Desktop\IMG\center_2026_07_31_14_39_17_331.jpg,C:\Users\yasha\Desktop\IMG\left_2026_07_31_14_39_17_331.jpg,C:\Users\yasha\Desktop\IMG\right_2026_07_31_14_39_17_331.jpg,0.05,1,0,30.1896
C:\Users\yasha\Desktop\IMG\center_2026_07_31_14_39_17_412.jpg,C:\Users\yasha\Desktop\IMG\left_2026_07_31_14_39_17_412.jpg,C:\Users\yasha\Desktop\IMG\right_2026_07_31_14_39_17_412.jpg,0.25,1,0,30.17416
C:\Users\yasha\Desktop\IMG\center_2026_07_31_14_39_17_496.jpg,C:\Users\yasha\Desktop\IMG\left_2026_07_31_14_39_17_496.jpg,C:\Users\yasha\Desktop\IMG\right_2026_07_31_14_39_17_496.jpg,0,1,0,30.19018
C:\Users\yasha\Desktop\IMG\center_2026_07_31_14_39_17_567.jpg,C:\Users\yasha\Desktop\IMG\left_2026_07_31_14_39_17_567.jpg,C:\Users\yasha\Desktop\IMG\right_2026_07_31_14_39_17_567.jpg,0,1,0,30.19017
C:\Users\yasha\Desktop\IMG\center_2026_07_31_14_39_17_639.jpg,C:\Users\yasha\Desktop\IMG\left_2026_07_31_14_39_17_639.jpg,C:\Users\yasha\Desktop\IMG\right_2026_07_31_14_39_17_639.jpg,0,1,0,30.19029
C:\Users\yasha\Desktop\IMG\center_2026_07_31_14_39_17_710.jpg,C:\Users\yasha\Desktop\IMG\left_2026_07_31_14_39_17_710.jpg,C:\Users\yasha\Desktop\IMG\right_2026_07_31_14_39_17_710.jpg,0,1,0,30.19026
C:\Users\yasha\Desktop\IMG\center_2026_07_31_14_39_17_778.jpg,C:\Users\yasha\Desktop\IMG\left_2026_07_31_14_39_17_778.jpg,C:\Users\yasha\Desktop\IMG\right_2026_07_31_14_39_17_778.jpg,0,1,0,30.19025
C:\Users\yasha\Desktop\IMG\center_2026_07_31_14_39_17_847.jpg,C:\Users\yasha\Desktop\IMG\left_2026_07_31_14_39_17_847.jpg,C:\Users\yasha\Desktop\IMG\right_2026_07_31_14_39_17_847.jpg,0,1,0,30.19023
C:\Users\yasha\Desktop\IMG\center_2026_07_31_14_39_17_925.jpg,C:\Users\yasha\Desktop\IMG\left_2026_07_31_14_39_17_925.jpg,C:\Users\yasha\Desktop\IMG\right_2026_07_31_14_39_17_925.jpg,0,1,0,30.19023
C:\Users\yasha\Desktop\IMG\center_2026_07_31_14_39_18_016.jpg,C:\Users\yasha\Desktop\IMG\left_2026_07_31_14_39_18_016.jpg,C:\Users\yasha\Desktop\IMG\right_2026_07_31_14_39_18_016.jpg,0,1,0,30.19035
C:\Users\yasha\Desktop\IMG\center_2026_07_31_14_39_18_096.jpg,C:\Users\yasha\Desktop\IMG\left_2026_07_31_14_39_18_096.jpg,C:\Users\yasha\Desktop\IMG\right_2026_07_31_14_39_18_096.jpg,0,1,0,30.19031
C:\Users\yasha\Desktop\IMG\center_2026_07_31_14_39_18_183.jpg,C:\Users\yasha\Desktop\IMG\left_2026_07_31_14_39_18_183.jpg,C:\Users\yasha\Desktop\IMG\right_2026_07_31_14_39_18_183.jpg,0.15,1,0,30.18388
C:\Users\yasha\Desktop\IMG\center_2026_07_31_14_39_18_254.jpg,C:\Users\yasha\Desktop\IMG\left_2026_07_31_14_39_18_254.jpg,C:\Users\yasha\Desktop\IMG\right_2026_07_31_14_39_18_254.jpg,0.3,1,0,30.16887
C:\Users\yasha\Desktop\IMG\center_2026_07_31_14_39_18_323.jpg,C:\Users\yasha\Desktop\IMG\left_2026_07_31_14_39_18_323.jpg,C:\Users\yasha\Desktop\IMG\right_2026_07_31_14_39_18_323.jpg,0,1,0,30.18994
C:\Users\yasha\Desktop\IMG\center_2026_07_31_14_39_18_403.jpg,C:\Users\yasha\Desktop\IMG\left_2026_07_31_14_39_18_403.jpg,C:\Users\yasha\Desktop\IMG\right_2026_07_31_14_39_18_403.jpg,0,1,0,30.1901
C:\Users\yasha\Desktop\IMG\center_2026_07_31_14_39_18_491.jpg,C:\Users\yasha\Desktop\IMG\left_2026_07_31_14_39_18_491.jpg,C:\Users\yasha\Desktop\IMG\right_2026_07_31_14_39_18_491.jpg,0.15,1,0,30.18519
C:\Users\yasha\Desktop\IMG\center_2026_07_31_14_39_18_570.jpg,C:\Users\yasha\Desktop\IMG\left_2026_07_31_14_39_18_570.jpg,C:\Users\yasha\Desktop\IMG\right_2026_07_31_14_39_18_570.jpg,0,1,0,30.19082
C:\Users\yasha\Desktop\IMG\center_2026_07_31_14_39_18_660.jpg,C:\Users\yasha\Desktop\IMG\left_2026_07_31_14_39_18_660.jpg,C:\Users\yasha\Desktop\IMG\right_2026_07_31_14_39_18_660.jpg,0,1,0,30.19017
C:\Users\yasha\Desktop\IMG\center_2026_07_31_14_39_18_736.jpg,C:\Users\yasha\Desktop\IMG\left_2026_07_31_14_39_18_736.jpg,C:\Users\yasha\Desktop\IMG\right_2026_07_31_14_39_18_736.jpg,0,1,0,30.18986
C:\Users\yasha\Desktop\IMG\center_2026_07_31_14_39_18_816.jpg,C:\Users\yasha\Desktop\IMG\left_2026_07_31_14_39_18_816.jpg,C:\Users\yasha\Desktop\IMG\right_2026_07_31_14_39_18_816.jpg,0,1,0,30.19043
C:\Users\yasha\Desktop\IMG\center_2026_07_31_14_39_18_903.jpg,C:\Users\yasha\Desktop\IMG\left_2026_07_31_14_39_18_903.jpg,C:\Users\yasha\Desktop\IMG\right_2026_07_31_14_39_18_903.jpg,0.1,1,0,30.18771
C:\Users\yasha\Desktop\IMG\center_2026_07_31_14_39_18_979.jpg,C:\Users\yasha\Desktop\IMG\left_2026_07_31_14_39_18_979.jpg,C:\Users\yasha\Desktop\IMG\right_2026_07_31_14_39_18_979.jpg,0,1,0,30.19085
C:\Users\yasha\Desktop\IMG\center_2026_07_31_14_39_19_054.jpg,C:\Users\yasha\Desktop\IMG\left_2026_07_31_14_39_19_054.jpg,C:\Users\yasha\Desktop\IMG\right_2026_07_31_14_39_19_054.jpg,0,1,0,30.18942
C:\Users\yasha\Desktop\IMG\center_2026_07_31_14_39_19_130.jpg,C:\Users\yasha\Desktop\IMG\left_2026_07_31_14_39_19_130.jpg,C:\Users\yasha\Desktop\IMG\right_2026_07_31_14_39_19_130.jpg,0,1,0,30.1906
C:\Users\yasha\Desktop\IMG\center_2026_07_31_14_39_19_202.jpg,C:\Users\yasha\Desktop\IMG\left_2026_07_31_14_39_19_202.jpg,C:\Users\yasha\Desktop\IMG\right_2026_07_31_14_39_19_202.jpg,0.2,1,0,30.18005
C:\Users\yasha\Desktop\IMG\center_2026_07_31_14_39_19_271.jpg,C:\Users\yasha\Desktop\IMG\left_2026_07_31_14_39_19_271.jpg,C:\Users\yasha\Desktop\IMG\right_2026_07_31_14_39_19_271.jpg,0.35,1,0,30.16191
C:\Users\yasha\Desktop\IMG\center_2026_07_31_14_39_19_342.jpg,C:\Users\yasha\Desktop\IMG\left_2026_07_31_14_39_19_342.jpg,C:\Users\yasha\Desktop\IMG\right_2026_07_31_14_39_19_342.jpg,0.5500001,1,0,30.13906
C:\Users\yasha\Desktop\IMG\center_2026_07_31_14_39_19_418.jpg,C:\Users\yasha\Desktop\IMG\left_2026_07_31_14_39_19_418.jpg,C:\Users\yasha\Desktop\IMG\right_2026_07_31_14_39_19_418.jpg,0.7,1,0,30.12024
C:\Users\yasha\Desktop\IMG\center_2026_07_31_14_39_19_493.jpg,C:\Users\yasha\Desktop\IMG\left_2026_07_31_14_39_19_493.jpg,C:\Users\yasha\Desktop\IMG\right_2026_07_31_14_39_19_493.jpg,0,1,0,30.17293
C:\Users\yasha\Desktop\IMG\center_2026_07_31_14_39_19_564.jpg,C:\Users\yasha\Desktop\IMG\left_2026_07_31_14_39_19_564.jpg,C:\Users\yasha\Desktop\IMG\right_2026_07_31_14_39_19_564.jpg,0,1,0,30.18631
C:\Users\yasha\Desktop\IMG\center_2026_07_31_14_39_19_646.jpg,C:\Users\yasha\Desktop\IMG\left_2026_07_31_14_39_19_646.jpg,C:\Users\yasha\Desktop\IMG\right_2026_07_31_14_39_19_646.jpg,0,1,0,30.18929
C:\Users\yasha\Desktop\IMG\center_2026_07_31_14_39_19_714.jpg,C:\Users\yasha\Desktop\IMG\left_2026_07_31_14_39_19_714.jpg,C:\Users\yasha\Desktop\IMG\right_2026_07_31_14_39_19_714.jpg,0,1,0,30.18969
C:\Users\yasha\Desktop\IMG\center_2026_07_31_14_39_19_796.jpg,C:\Users\yasha\Desktop\IMG\left_2026_07_31_14_39_19_796.jpg,C:\Users\yasha\Desktop\IMG\right_2026_07_31_14_39_19_796.jpg,0,1,0,30.19112
C:\Users\yasha\Desktop\IMG\center_2026_07_31_14_39_19_877.jpg,C:\Users\yasha\Desktop\IMG\left_2026_07_31_14_39_19_877.jpg,C:\Users\yasha\Desktop\IMG\right_2026_07_31_14_39_19_877.jpg,0,1,0,30.19016
C:\Users\yasha\Desktop\IMG\center_2026_07_31_14_39_19_955.jpg,C:\Users\yasha\Desktop\IMG\left_2026_07_31_14_39_19_955.jpg,C:\Users\yasha\Desktop\IMG\right_2026_07_31_14_39_19_955.jpg,0,1,0,30.18998
C:\Users\yasha\Desktop\IMG\center_2026_07_31_14_39_20_033.jpg,C:\Users\yasha\Desktop\IMG\left_2026_07_31_14_39_20_033.jpg,C:\Users\yasha\Desktop\IMG\right_2026_07_31_14_39_20_033.jpg,0,1,0,30.19072
C:\Users\yasha\Desktop\IMG\center_2026_07_31_14_39_20_107.jpg,C:\Users\yasha\Desktop\IMG\left_2026_07_31_14_39_20_107.jpg,C:\Users\yasha\Desktop\IMG\right_2026_07_31_14_39_20_107.jpg,0,1,0,30.19045
C:\Users\yasha\Desktop\IMG\center_2026_07_31_14_39_20_180.jpg,C:\Users\yasha\Desktop\IMG\left_2026_07_31_14_39_20_180.jpg,C:\Users\yasha\Desktop\IMG\right_2026_07_31_14_39_20_180.jpg,0.05,1,0,30.18963
C:\Users\yasha\Desktop\IMG\center_2026_07_31_14_39_20_257.jpg,C:\Users\yasha\Desktop\IMG\left_2026_07_31_14_39_20_257.jpg,C:\Users\yasha\Desktop\IMG\right_2026_07_31_14_39_20_257.jpg,0.25,1,0,30.17524
C:\Users\yasha\Desktop\IMG\center_2026_07_31_14_39_20_326.jpg,C:\Users\yasha\Desktop\IMG\left_2026_07_31_14_39_20_326.jpg,C:\Users\yasha\Desktop\IMG\right_2026_07_31_14_39_20_326.jpg,0.45,1,0,30.15106
C:\Users\yasha\Desktop\IMG\center_2026_07_31_14_39_20_396.jpg,C:\Users\yasha\Desktop\IMG\left_2026_07_31_14_39_20_396.jpg,C:\Users\yasha\Desktop\IMG\right_2026_07_31_14_39_20_396.jpg,0.6000001,1,0,30.13378
C:\Users\yasha\Desktop\IMG\center_2026_07_31_14_39_20_477.jpg,C:\Users\yasha\Desktop\IMG\left_2026_07_31_14_39_20_477.jpg,C:\Users\yasha\Desktop\IMG\right_2026_07_31_14_39_20_477.jpg,0.8000001,1,0,30.10992
C:\Users\yasha\Desktop\IMG\center_2026_07_31_14_39_20_544.jpg,C:\Users\yasha\Desktop\IMG\left_2026_07_31_14_39_20_544.jpg,C:\Users\yasha\Desktop\IMG\right_2026_07_31_14_39_20_544.jpg,1,1,0,30.09183
C:\Users\yasha\Desktop\IMG\center_2026_07_31_14_39_20_627.jpg,C:\Users\yasha\Desktop\IMG\left_2026_07_31_14_39_20_627.jpg,C:\Users\yasha\Desktop\IMG\right_2026_07_31_14_39_20_627.jpg,0,1,0,30.17963
C:\Users\yasha\Desktop\IMG\center_2026_07_31_14_39_20_697.jpg,C:\Users\yasha\Desktop\IMG\left_2026_07_31_14_39_20_697.jpg,C:\Users\yasha\Desktop\IMG\right_2026_07_31_14_39_20_697.jpg,0,1,0,30.1869
C:\Users\yasha\Desktop\IMG\center_2026_07_31_14_39_20_778.jpg,C:\Users\yasha\Desktop\IMG\left_2026_07_31_14_39_20_778.jpg,C:\Users\yasha\Desktop\IMG\right_2026_07_31_14_39_20_778.jpg,0,1,0,30.18637
C:\Users\yasha\Desktop\IMG\center_2026_07_31_14_39_20_867.jpg,C:\Users\yasha\Desktop\IMG\left_2026_07_31_14_39_20_867.jpg,C:\Users\yasha\Desktop\IMG\right_2026_07_31_14_39_20_867.jpg,0,1,0,30.19082
C:\Users\yasha\Desktop\IMG\center_2026_07_31_14_39_20_950.jpg,C:\Users\yasha\Desktop\IMG\left_2026_07_31_14_39_20_950.jpg,C:\Users\yasha\Desktop\IMG\right_2026_07_31_14_39_20_950.jpg,0,1,0,30.19047
C:\Users\yasha\Desktop\IMG\center_2026_07_31_14_39_21_034.jpg,C:\Users\yasha\Desktop\IMG\left_2026_07_31_14_39_21_034.jpg,C:\Users\yasha\Desktop\IMG\right_2026_07_31_14_39_21_034.jpg,0.15,1,0,30.18616
C:\Users\yasha\Desktop\IMG\center_2026_07_31_14_39_21_120.jpg,C:\Users\yasha\Desktop\IMG\left_2026_07_31_14_39_21_120.jpg,C:\Users\yasha\Desktop\IMG\right_2026_07_31_14_39_21_120.jpg,0.35,1,0,30.16402
C:\Users\yasha\Desktop\IMG\center_2026_07_31_14_39_21_188.jpg,C:\Users\yasha\Desktop\IMG\left_2026_07_31_14_39_21_188.jpg,C:\Users\yasha\Desktop\IMG\right_2026_07_31_14_39_21_188.jpg,0.5500001,1,0,30.14044
C:\Users\yasha\Desktop\IMG\center_2026_07_31_14_39_21_261.jpg,C:\Users\yasha\Desktop\IMG\left_2026_07_31_14_39_21_261.jpg,C:\Users\yasha\Desktop\IMG\right_2026_07_31_14_39_21_261.jpg,0,1,0,30.17982
C:\Users\yasha\Desktop\IMG\center_2026_07_31_14_39_21_340.jpg,C:\Users\yasha\Desktop\IMG\left_2026_07_31_14_39_21_340.jpg,C:\Users\yasha\Desktop\IMG\right_2026_07_31_14_39_21_340.jpg,0.05,1,0,30.18827
C:\Users\yasha\Desktop\IMG\center_2026_07_31_14_39_21_415.jpg,C:\Users\yasha\Desktop\IMG\left_2026_07_31_14_39_21_415.jpg,C:\Users\yasha\Desktop\IMG\right_2026_07_31_14_39_21_415.jpg,0.25,1,0,30.18552
C:\Users\yasha\Desktop\IMG\center_2026_07_31_14_39_21_488.jpg,C:\Users\yasha\Desktop\IMG\left_2026_07_31_14_39_21_488.jpg,C:\Users\yasha\Desktop\IMG\right_2026_07_31_14_39_21_488.jpg,0.45,1,0,30.16211
C:\Users\yasha\Desktop\IMG\center_2026_07_31_14_39_21_566.jpg,C:\Users\yasha\Desktop\IMG\left_2026_07_31_14_39_21_566.jpg,C:\Users\yasha\Desktop\IMG\right_2026_07_31_14_39_21_566.jpg,0.6500001,1,0,30.13211
C:\Users\yasha\Desktop\IMG\center_2026_07_31_14_39_21_649.jpg,C:\Users\yasha\Desktop\IMG\left_2026_07_31_14_39_21_649.jpg,C:\Users\yasha\Desktop\IMG\right_2026_07_31_14_39_21_649.jpg,0.8500001,1,0,30.10781
C:\Users\yasha\Desktop\IMG\center_2026_07_31_14_39_21_731.jpg,C:\Users\yasha\Desktop\IMG\left_2026_07_31_14_39_21_731.jpg,C:\Users\yasha\Desktop\IMG\right_2026_07_31_14_39_21_731.jpg,0,1,0,30.17441
C:\Users\yasha\Desktop\IMG\center_2026_07_31_14_39_21_799.jpg,C:\Users\yasha\Desktop\IMG\left_2026_07_31_14_39_21_799.jpg,C:\Users\yasha\Desktop\IMG\right_2026_07_31_14_39_21_799.jpg,0,1,0,30.18241
C:\Users\yasha\Desktop\IMG\center_2026_07_31_14_39_21_889.jpg,C:\Users\yasha\Desktop\IMG\left_2026_07_31_14_39_21_889.jpg,C:\Users\yasha\Desktop\IMG\right_2026_07_31_14_39_21_889.jpg,0.05,1,0,30.19046
C:\Users\yasha\Desktop\IMG\center_2026_07_31_14_39_21_973.jpg,C:\Users\yasha\Desktop\IMG\left_2026_07_31_14_39_21_973.jpg,C:\Users\yasha\Desktop\IMG\right_2026_07_31_14_39_21_973.jpg,0.25,1,0,30.18104
C:\Users\yasha\Desktop\IMG\center_2026_07_31_14_39_22_058.jpg,C:\Users\yasha\Desktop\IMG\left_2026_07_31_14_39_22_058.jpg,C:\Users\yasha\Desktop\IMG\right_2026_07_31_14_39_22_058.jpg,0,1,0,30.19024
C:\Users\yasha\Desktop\IMG\center_2026_07_31_14_39_22_134.jpg,C:\Users\yasha\Desktop\IMG\left_2026_07_31_14_39_22_134.jpg,C:\Users\yasha\Desktop\IMG\right_2026_07_31_14_39_22_134.jpg,0,1,0,30.19029
C:\Users\yasha\Desktop\IMG\center_2026_07_31_14_39_22_208.jpg,C:\Users\yasha\Desktop\IMG\left_2026_07_31_14_39_22_208.jpg,C:\Users\yasha\Desktop\IMG\right_2026_07_31_14_39_22_208.jpg,0,1,0,30.19054
C:\Users\yasha\Desktop\IMG\center_2026_07_31_14_39_22_283.jpg,C:\Users\yasha\Desktop\IMG\left_2026_07_31_14_39_22_283.jpg,C:\Users\yasha\Desktop\IMG\right_2026_07_31_14_39_22_283.jpg,0.1,1,0,30.18807
C:\Users\yasha\Desktop\IMG\center_2026_07_31_14_39_22_363.jpg,C:\Users\yasha\Desktop\IMG\left_2026_07_31_14_39_22_363.jpg,C:\Users\yasha\Desktop\IMG\right_2026_07_31_14_39_22_363.jpg,0.3,1,0,30.16969
C:\Users\yasha\Desktop\IMG\center_2026_07_31_14_39_22_436.jpg,C:\Users\yasha\Desktop\IMG\left_2026_07_31_14_39_22_436.jpg,C:\Users\yasha\Desktop\IMG\right_2026_07_31_14_39_22_436.jpg,0.45,1,0,30.15177
C:\Users\yasha\Desktop\IMG\center_2026_07_31_14_39_22_511.jpg,C:\Users\yasha\Desktop\IMG\left_2026_07_31_14_39_22_511.jpg,C:\Users\yasha\Desktop\IMG\right_2026_07_31_14_39_22_511.jpg,0,1,0,30.17336
C:\Users\yasha\Desktop\IMG\center_2026_07_31_14_39_22_582.jpg,C:\Users\yasha\Desktop\IMG\left_2026_07_31_14_39_22_582.jpg,C:\Users\yasha\Desktop\IMG\right_2026_07_31_14_39_22_582.jpg,0,1,0,30.18716
C:\Users\yasha\Desktop\IMG\center_2026_07_31_14_39_22_651.jpg,C:\Users\yasha\Desktop\IMG\left_2026_07_31_14_39_22_651.jpg,C:\Users\yasha\Desktop\IMG\right_2026_07_31_14_39_22_651.jpg,0,1,0,30.18942
C:\Users\yasha\Desktop\IMG\center_2026_07_31_14_39_22_720.jpg,C:\Users\yasha\Desktop\IMG\left_2026_07_31_14_39_22_720.jpg,C:\Users\yasha\Desktop\IMG\right_2026_07_31_14_39_22_720.jpg,0,1,0,30.19017
C:\Users\yasha\Desktop\IMG\center_2026_07_31_14_39_22_794.jpg,C:\Users\yasha\Desktop\IMG\left_2026_07_31_14_39_22_794.jpg,C:\Users\yasha\Desktop\IMG\right_2026_07_31_14_39_22_794.jpg,0,1,0,30.1903
C:\Users\yasha\Desktop\IMG\center_2026_07_31_14_39_22_878.jpg,C:\Users\yasha\Desktop\IMG\left_2026_07_31_14_39_22_878.jpg,C:\Users\yasha\Desktop\IMG\right_2026_07_31_14_39_22_878.jpg,0,1,0,30.19031
C:\Users\yasha\Desktop\IMG\center_2026_07_31_14_39_22_950.jpg,C:\Users\yasha\Desktop\IMG\left_2026_07_31_14_39_22_950.jpg,C:\Users\yasha\Desktop\IMG\right_2026_07_31_14_39_22_950.jpg,0,1,0,30.19028
C:\Users\yasha\Desktop\IMG\center_2026_07_31_14_39_23_021.jpg,C:\Users\yasha\Desktop\IMG\left_2026_07_31_14_39_23_021.jpg,C:\Users\yasha\Desktop\IMG\right_2026_07_31_14_39_23_021.jpg,0,1,0,30.1903
C:\Users\yasha\Desktop\IMG\center_2026_07_31_14_39_23_089.jpg,C:\Users\yasha\Desktop\IMG\left_2026_07_31_14_39_23_089.jpg,C:\Users\yasha\Desktop\IMG\right_2026_07_31_14_39_23_089.jpg,0,1,0,30.19005
C:\Users\yasha\Desktop\IMG\center_2026_07_31_14_39_23_168.jpg,C:\Users\yasha\Desktop\IMG\left_2026_07_31_14_39_23_168.jpg,C:\Users\yasha\Desktop\IMG\right_2026_07_31_14_39_23_168.jpg,0,1,0,30.19032
C:\Users\yasha\Desktop\IMG\center_2026_07_31_14_39_23_239.jpg,C:\Users\yasha\Desktop\IMG\left_2026_07_31_14_39_23_239.jpg,C:\Users\yasha\Desktop\IMG\right_2026_07_31_14_39_23_239.jpg,0,1,0,30.1903
C:\Users\yasha\Desktop\IMG\center_2026_07_31_14_39_23_306.jpg,C:\Users\yasha\Desktop\IMG\left_2026_07_31_14_39_23_306.jpg,C:\Users\yasha\Desktop\IMG\right_2026_07_31_14_39_23_306.jpg,0,1,0,30.19018
C:\Users\yasha\Desktop\IMG\center_2026_07_31_14_39_23_380.jpg,C:\Users\yasha\Desktop\IMG\left_2026_07_31_14_39_23_380.jpg,C:\Users\yasha\Desktop\IMG\right_2026_07_31_14_39_23_380.jpg,0,1,0,30.19032
C:\Users\yasha\Desktop\IMG\center_2026_07_31_14_39_23_447.jpg,C:\Users\yasha\Desktop\IMG\left_2026_07_31_14_39_23_447.jpg,C:\Users\yasha\Desktop\IMG\right_2026_07_31_14_39_23_447.jpg,0,1,0,30.19031
C:\Users\yasha\Desktop\IMG\center_2026_07_31_14_39_23_535.jpg,C:\Users\yasha\Desktop\IMG\left_2026_07_31_14_39_23_535.jpg,C:\Users\yasha\Desktop\IMG\right_2026_07_31_14_39_23_535.jpg,0.05,1,0,30.1897
C:\Users\yasha\Desktop\IMG\center_2026_07_31_14_39_23_622.jpg,C:\Users\yasha\Desktop\IMG\left_2026_07_31_14_39_23_622.jpg,C:\Users\yasha\Desktop\IMG\right_2026_07_31_14_39_23_622.jpg,0.3,1,0,30.16925
C:\Users\yasha\Desktop\IMG\center_2026_07_31_14_39_23_707.jpg,C:\Users\yasha\Desktop\IMG\left_2026_07_31_14_39_23_707.jpg,C:\Users\yasha\Desktop\IMG\right_2026_07_31_14_39_23_707.jpg,0,1,0,30.1899
C:\Users\yasha\Desktop\IMG\center_2026_07_31_14_39_23_778.jpg,C:\Users\yasha\Desktop\IMG\left_2026_07_31_14_39_23_778.jpg,C:\Users\yasha\Desktop\IMG\right_2026_07_31_14_39_23_778.jpg,0,1,0,30.19007
C:\Users\yasha\Desktop\IMG\center_2026_07_31_14_39_23_847.jpg,C:\Users\yasha\Desktop\IMG\left_2026_07_31_14_39_23_847.jpg,C:\Users\yasha\Desktop\IMG\right_2026_07_31_14_39_23_847.jpg,0,1,0,30.19027
C:\Users\yasha\Desktop\IMG\center_2026_07_31_14_39_23_935.jpg,C:\Users\yasha\Desktop\IMG\left_2026_07_31_14_39_23_935.jpg,C:\Users\yasha\Desktop\IMG\right_2026_07_31_14_39_23_935.jpg,0,1,0,30.19028
C:\Users\yasha\Desktop\IMG\center_2026_07_31_14_39_24_019.jpg,C:\Users\yasha\Desktop\IMG\left_2026_07_31_14_39_24_019.jpg,C:\Users\yasha\Desktop\IMG\right_2026_07_31_14_39_24_019.jpg,0,1,0,30.1903
C:\Users\yasha\Desktop\IMG\center_2026_07_31_14_39_24_106.jpg,C:\Users\yasha\Desktop\IMG\left_2026_07_31_14_39_24_106.jpg,C:\Users\yasha\Desktop\IMG\right_2026_07_31_14_39_24_106.jpg,0,1,0,30.1903
C:\Users\yasha\Desktop\IMG\center_2026_07_31_14_39_24_173.jpg,C:\Users\yasha\Desktop\IMG\left_2026_07_31_14_39_24_173.jpg,C:\Users\yasha\Desktop\IMG\right_2026_07_31_14_39_24_173.jpg,0,1,0,30.19033
C:\Users\yasha\Desktop\IMG\center_2026_07_31_14_39_24_248.jpg,C:\Users\yasha\Desktop\IMG\left_2026_07_31_14_39_24_248.jpg,C:\Users\yasha\Desktop\IMG\right_2026_07_31_14_39_24_248.jpg,0,1,0,30.19031
C:\Users\yasha\Desktop\IMG\center_2026_07_31_14_39_24_335.jpg,C:\Users\yasha\Desktop\IMG\left_2026_07_31_14_39_24_335.jpg,C:\Users\yasha\Desktop\IMG\right_2026_07_31_14_39_24_335.jpg,0,1,0,30.1903
C:\Users\yasha\Desktop\IMG\center_2026_07_31_14_39_24_426.jpg,C:\Users\yasha\Desktop\IMG\left_2026_07_31_14_39_24_426.jpg,C:\Users\yasha\Desktop\IMG\right_2026_07_31_14_39_24_426.jpg,0,1,0,30.19029
C:\Users\yasha\Desktop\IMG\center_2026_07_31_14_39_24_495.jpg,C:\Users\yasha\Desktop\IMG\left_2026_07_31_14_39_24_495.jpg,C:\Users\yasha\Desktop\IMG\right_2026_07_31_14_39_24_495.jpg,0,1,0,30.19024
C:\Users\yasha\Desktop\IMG\center_2026_07_31_14_39_24_561.jpg,C:\Users\yasha\Desktop\IMG\left_2026_07_31_14_39_24_561.jpg,C:\Users\yasha\Desktop\IMG\right_2026_07_31_14_39_24_561.jpg,0,1,0,30.19031
C:\Users\yasha\Desktop\IMG\center_2026_07_31_14_39_24_648.jpg,C:\Users\yasha\Desktop\IMG\left_2026_07_31_14_39_24_648.jpg,C:\Users\yasha\Desktop\IMG\right_2026_07_31_14_39_24_648.jpg,0,1,0,30.19031
C:\Users\yasha\Desktop\IMG\center_2026_07_31_14_39_24_739.jpg,C:\Users\yasha\Desktop\IMG\left_2026_07_31_14_39_24_739.jpg,C:\Users\yasha\Desktop\IMG\right_2026_07_31_14_39_24_739.jpg,0,1,0,30.19032
C:\Users\yasha\Desktop\IMG\center_2026_07_31_14_39_24_818.jpg,C:\Users\yasha\Desktop\IMG\left_2026_07_31_14_39_24_818.jpg,C:\Users\yasha\Desktop\IMG\right_2026_07_31_14_39_24_818.jpg,0,1,0,30.1903
C:\Users\yasha\Desktop\IMG\center_2026_07_31_14_39_24_885.jpg,C:\Users\yasha\Desktop\IMG\left_2026_07_31_14_39_24_885.jpg,C:\Users\yasha\Desktop\IMG\right_2026_07_31_14_39_24_885.jpg,0.05,1,0,30.18972
C:\Users\yasha\Desktop\IMG\center_2026_07_31_14_39_24_954.jpg,C:\Users\yasha\Desktop\IMG\left_2026_07_31_14_39_24_954.jpg,C:\Users\yasha\Desktop\IMG\right_2026_07_31_14_39_24_954.jpg,0.2,1,0,30.17982
C:\Users\yasha\Desktop\IMG\center_2026_07_31_14_39_25_028.jpg,C:\Users\yasha\Desktop\IMG\left_2026_07_31_14_39_25_028.jpg,C:\Users\yasha\Desktop\IMG\right_2026_07_31_14_39_25_028.jpg,0,1,0,30.19073
C:\Users\yasha\Desktop\IMG\center_2026_07_31_14_39_25_115.jpg,C:\Users\yasha\Desktop\IMG\left_2026_07_31_14_39_25_115.jpg,C:\Users\yasha\Desktop\IMG\right_2026_07_31_14_39_25_115.jpg,0,1,0,30.19006
C:\Users\yasha\Desktop\IMG\center_2026_07_31_14_39_25_185.jpg,C:\Users\yasha\Desktop\IMG\left_2026_07_31_14_39_25_185.jpg,C:\Users\yasha\Desktop\IMG\right_2026_07_31_14_39_25_185.jpg,0,1,0,30.19024
C:\Users\yasha\Desktop\IMG\center_2026_07_31_14_39_25_254.jpg,C:\Users\yasha\Desktop\IMG\left_2026_07_31_14_39_25_254.jpg,C:\Users\yasha\Desktop\IMG\right_2026_07_31_14_39_25_254.jpg,0,1,0,30.19026
C:\Users\yasha\Desktop\IMG\center_2026_07_31_14_39_25_321.jpg,C:\Users\yasha\Desktop\IMG\left_2026_07_31_14_39_25_321.jpg,C:\Users\yasha\Desktop\IMG\right_2026_07_31_14_39_25_321.jpg,0,1,0,30.1903
C:\Users\yasha\Desktop\IMG\center_2026_07_31_14_39_25_410.jpg,C:\Users\yasha\Desktop\IMG\left_2026_07_31_14_39_25_410.jpg,C:\Users\yasha\Desktop\IMG\right_2026_07_31_14_39_25_410.jpg,0,1,0,30.19031
C:\Users\yasha\Desktop\IMG\center_2026_07_31_14_39_25_497.jpg,C:\Users\yasha\Desktop\IMG\left_2026_07_31_14_39_25_497.jpg,C:\Users\yasha\Desktop\IMG\right_2026_07_31_14_39_25_497.jpg,0,1,0,30.19029
C:\Users\yasha\Desktop\IMG\center_2026_07_31_14_39_25_566.jpg,C:\Users\yasha\Desktop\IMG\left_2026_07_31_14_39_25_566.jpg,C:\Users\yasha\Desktop\IMG\right_2026_07_31_14_39_25_566.jpg,0,1,0,30.19034
C:\Users\yasha\Desktop\IMG\center_2026_07_31_14_39_25_635.jpg,C:\Users\yasha\Desktop\IMG\left_2026_07_31_14_39_25_635.jpg,C:\Users\yasha\Desktop\IMG\right_2026_07_31_14_39_25_635.jpg,0,1,0,30.19029
C:\Users\yasha\Desktop\IMG\center_2026_07_31_14_39_25_717.jpg,C:\Users\yasha\Desktop\IMG\left_2026_07_31_14_39_25_717.jpg,C:\Users\yasha\Desktop\IMG\right_2026_07_31_14_39_25_717.jpg,0,1,0,30.19032
C:\Users\yasha\Desktop\IMG\center_2026_07_31_14_39_25_803.jpg,C:\Users\yasha\Desktop\IMG\left_2026_07_31_14_39_25_803.jpg,C:\Users\yasha\Desktop\IMG\right_2026_07_31_14_39_25_803.jpg,0,1,0,30.19026
C:\Users\yasha\Desktop\IMG\center_2026_07_31_14_39_25_887.jpg,C:\Users\yasha\Desktop\IMG\left_2026_07_31_14_39_25_887.jpg,C:\Users\yasha\Desktop\IMG\right_2026_07_31_14_39_25_887.jpg,0,1,0,30.19029
C:\Users\yasha\Desktop\IMG\center_2026_07_31_14_39_25_969.jpg,C:\Users\yasha\Desktop\IMG\left_2026_07_31_14_39_25_969.jpg,C:\Users\yasha\Desktop\IMG\right_2026_07_31_14_39_25_969.jpg,0,1,0,30.19031
C:\Users\yasha\Desktop\IMG\center_2026_07_31_14_39_26_051.jpg,C:\Users\yasha\Desktop\IMG\left_2026_07_31_14_39_26_051.jpg,C:\Users\yasha\Desktop\IMG\right_2026_07_31_14_39_26_051.jpg,0,1,0,30.19029
C:\Users\yasha\Desktop\IMG\center_2026_07_31_14_39_26_118.jpg,C:\Users\yasha\Desktop\IMG\left_2026_07_31_14_39_26_118.jpg,C:\Users\yasha\Desktop\IMG\right_2026_07_31_14_39_26_118.jpg,0,1,0,30.19031
C:\Users\yasha\Desktop\IMG\center_2026_07_31_14_39_26_205.jpg,C:\Users\yasha\Desktop\IMG\left_2026_07_31_14_39_26_205.jpg,C:\Users\yasha\Desktop\IMG\right_2026_07_31_14_39_26_205.jpg,0,1,0,30.19038
C:\Users\yasha\Desktop\IMG\center_2026_07_31_14_39_26_294.jpg,C:\Users\yasha\Desktop\IMG\left_2026_07_31_14_39_26_294.jpg,C:\Users\yasha\Desktop\IMG\right_2026_07_31_14_39_26_294.jpg,0,1,0,30.19027
C:\Users\yasha\Desktop\IMG\center_2026_07_31_14_39_26_367.jpg,C:\Users\yasha\Desktop\IMG\left_2026_07_31_14_39_26_367.jpg,C:\Users\yasha\Desktop\IMG\right_2026_07_31_14_39_26_367.jpg,0,1,0,30.1903
C:\Users\yasha\Desktop\IMG\center_2026_07_31_14_39_26_446.jpg,C:\Users\yasha\Desktop\IMG\left_2026_07_31_14_39_26_446.jpg,C:\Users\yasha\Desktop\IMG\right_2026_07_31_14_39_26_446.jpg,0,1,0,30.1903
C:\Users\yasha\Desktop\IMG\center_2026_07_31_14_39_26_526.jpg,C:\Users\yasha\Desktop\IMG\left_2026_07_31_14_39_26_526.jpg,C:\Users\yasha\Desktop\IMG\right_2026_07_31_14_39_26_526.jpg,0,1,0,30.19031
C:\Users\yasha\Desktop\IMG\center_2026_07_31_14_39_26_605.jpg,C:\Users\yasha\Desktop\IMG\left_2026_07_31_14_39_26_605.jpg,C:\Users\yasha\Desktop\IMG\right_2026_07_31_14_39_26_605.jpg,0,1,0,30.19029
C:\Users\yasha\Desktop\IMG\center_2026_07_31_14_39_26_681.jpg,C:\Users\yasha\Desktop\IMG\left_2026_07_31_14_39_26_681.jpg,C:\Users\yasha\Desktop\IMG\right_2026_07_31_14_39_26_681.jpg,0,1,0,30.1903
C:\Users\yasha\Desktop\IMG\center_2026_07_31_14_39_26_760.jpg,C:\Users\yasha\Desktop\IMG\left_2026_07_31_14_39_26_760.jpg,C:\Users\yasha\Desktop\IMG\right_2026_07_31_14_39_26_760.jpg,0,1,0,30.19029
C:\Users\yasha\Desktop\IMG\center_2026_07_31_14_39_26_841.jpg,C:\Users\yasha\Desktop\IMG\left_2026_07_31_14_39_26_841.jpg,C:\Users\yasha\Desktop\IMG\right_2026_07_31_14_39_26_841.jpg,0,1,0,30.1903
C:\Users\yasha\Desktop\IMG\center_2026_07_31_14_39_26_908.jpg,C:\Users\yasha\Desktop\IMG\left_2026_07_31_14_39_26_908.jpg,C:\Users\yasha\Desktop\IMG\right_2026_07_31_14_39_26_908.jpg,-0.15,1,0,30.18427
C:\Users\yasha\Desktop\IMG\center_2026_07_31_14_39_26_984.jpg,C:\Users\yasha\Desktop\IMG\left_2026_07_31_14_39_26_984.jpg,C:\Users\yasha\Desktop\IMG\right_2026_07_31_14_39_26_984.jpg,-0.35,1,0,30.16348
C:\Users\yasha\Desktop\IMG\center_2026_07_31_14_39_27_054.jpg,C:\Users\yasha\Desktop\IMG\left_2026_07_31_14_39_27_054.jpg,C:\Users\yasha\Desktop\IMG\right_2026_07_31_14_39_27_054.jpg,0,1,0,30.18805
C:\Users\yasha\Desktop\IMG\center_2026_07_31_14_39_27_129.jpg,C:\Users\yasha\Desktop\IMG\left_2026_07_31_14_39_27_129.jpg,C:\Users\yasha\Desktop\IMG\right_2026_07_31_14_39_27_129.jpg,0,1,0,30.18997
C:\Users\yasha\Desktop\IMG\center_2026_07_31_14_39_27_206.jpg,C:\Users\yasha\Desktop\IMG\left_2026_07_31_14_39_27_206.jpg,C:\Users\yasha\Desktop\IMG\right_2026_07_31_14_39_27_206.jpg,0,1,0,30.19024
C:\Users\yasha\Desktop\IMG\center_2026_07_31_14_39_27_277.jpg,C:\Users\yasha\Desktop\IMG\left_2026_07_31_14_39_27_277.jpg,C:\Users\yasha\Desktop\IMG\right_2026_07_31_14_39_27_277.jpg,0,1,0,30.19026
C:\Users\yasha\Desktop\IMG\center_2026_07_31_14_39_27_361.jpg,C:\Users\yasha\Desktop\IMG\left_2026_07_31_14_39_27_361.jpg,C:\Users\yasha\Desktop\IMG\right_2026_07_31_14_39_27_361.jpg,0,1,0,30.19031
C:\Users\yasha\Desktop\IMG\center_2026_07_31_14_39_27_433.jpg,C:\Users\yasha\Desktop\IMG\left_2026_07_31_14_39_27_433.jpg,C:\Users\yasha\Desktop\IMG\right_2026_07_31_14_39_27_433.jpg,0,1,0,30.1903
C:\Users\yasha\Desktop\IMG\center_2026_07_31_14_39_27_504.jpg,C:\Users\yasha\Desktop\IMG\left_2026_07_31_14_39_27_504.jpg,C:\Users\yasha\Desktop\IMG\right_2026_07_31_14_39_27_504.jpg,0,1,0,30.19021
C:\Users\yasha\Desktop\IMG\center_2026_07_31_14_39_27_581.jpg,C:\Users\yasha\Desktop\IMG\left_2026_07_31_14_39_27_581.jpg,C:\Users\yasha\Desktop\IMG\right_2026_07_31_14_39_27_581.jpg,0,1,0,30.19028
C:\Users\yasha\Desktop\IMG\center_2026_07_31_14_39_27_650.jpg,C:\Users\yasha\Desktop\IMG\left_2026_07_31_14_39_27_650.jpg,C:\Users\yasha\Desktop\IMG\right_2026_07_31_14_39_27_650.jpg,0,1,0,30.1903
C:\Users\yasha\Desktop\IMG\center_2026_07_31_14_39_27_724.jpg,C:\Users\yasha\Desktop\IMG\left_2026_07_31_14_39_27_724.jpg,C:\Users\yasha\Desktop\IMG\right_2026_07_31_14_39_27_724.jpg,0,1,0,30.19023
C:\Users\yasha\Desktop\IMG\center_2026_07_31_14_39_27_797.jpg,C:\Users\yasha\Desktop\IMG\left_2026_07_31_14_39_27_797.jpg,C:\Users\yasha\Desktop\IMG\right_2026_07_31_14_39_27_797.jpg,0,1,0,30.19028
C:\Users\yasha\Desktop\IMG\center_2026_07_31_14_39_27_866.jpg,C:\Users\yasha\Desktop\IMG\left_2026_07_31_14_39_27_866.jpg,C:\Users\yasha\Desktop\IMG\right_2026_07_31_14_39_27_866.jpg,-0.05,1,0,30.18971
C:\Users\yasha\Desktop\IMG\center_2026_07_31_14_39_27_944.jpg,C:\Users\yasha\Desktop\IMG\left_2026_07_31_14_39_27_944.jpg,C:\Users\yasha\Desktop\IMG\right_2026_07_31_14_39_27_944.jpg,-0.25,1,0,30.17474
C:\Users\yasha\Desktop\IMG\center_2026_07_31_14_39_28_026.jpg,C:\Users\yasha\Desktop\IMG\left_2026_07_31_14_39_28_026.jpg,C:\Users\yasha\Desktop\IMG\right_2026_07_31_14_39_28_026.jpg,0,1,0,30.18881
C:\Users\yasha\Desktop\IMG\center_2026_07_31_14_39_28_095.jpg,C:\Users\yasha\Desktop\IMG\left_2026_07_31_14_39_28_095.jpg,C:\Users\yasha\Desktop\IMG\right_2026_07_31_14_39_28_095.jpg,0,1,0,30.18999
C:\Users\yasha\Desktop\IMG\center_2026_07_31_14_39_28_164.jpg,C:\Users\yasha\Desktop\IMG\left_2026_07_31_14_39_28_164.jpg,C:\Users\yasha\Desktop\IMG\right_2026_07_31_14_39_28_164.jpg,0,1,0,30.19022
C:\Users\yasha\Desktop\IMG\center_2026_07_31_14_39_28_235.jpg,C:\Users\yasha\Desktop\IMG\left_2026_07_31_14_39_28_235.jpg,C:\Users\yasha\Desktop\IMG\right_2026_07_31_14_39_28_235.jpg,0,1,0,30.19025
C:\Users\yasha\Desktop\IMG\center_2026_07_31_14_39_28_309.jpg,C:\Users\yasha\Desktop\IMG\left_2026_07_31_14_39_28_309.jpg,C:\Users\yasha\Desktop\IMG\right_2026_07_31_14_39_28_309.jpg,-0.2,1,0,30.18079
C:\Users\yasha\Desktop\IMG\center_2026_07_31_14_39_28_390.jpg,C:\Users\yasha\Desktop\IMG\left_2026_07_31_14_39_28_390.jpg,C:\Users\yasha\Desktop\IMG\right_2026_07_31_14_39_28_390.jpg,0,1,0,30.19052
C:\Users\yasha\Desktop\IMG\center_2026_07_31_14_39_28_464.jpg,C:\Users\yasha\Desktop\IMG\left_2026_07_31_14_39_28_464.jpg,C:\Users\yasha\Desktop\IMG\right_2026_07_31_14_39_28_464.jpg,-0.05,1,0,30.19014
C:\Users\yasha\Desktop\IMG\center_2026_07_31_14_39_28_535.jpg,C:\Users\yasha\Desktop\IMG\left_2026_07_31_14_39_28_535.jpg,C:\Users\yasha\Desktop\IMG\right_2026_07_31_14_39_28_535.jpg,-0.2,1,0,30.18268
C:\Users\yasha\Desktop\IMG\center_2026_07_31_14_39_28_607.jpg,C:\Users\yasha\Desktop\IMG\left_2026_07_31_14_39_28_607.jpg,C:\Users\yasha\Desktop\IMG\right_2026_07_31_14_39_28_607.jpg,0,1,0,30.18373
C:\Users\yasha\Desktop\IMG\center_2026_07_31_14_39_28_688.jpg,C:\Users\yasha\Desktop\IMG\left_2026_07_31_14_39_28_688.jpg,C:\Users\yasha\Desktop\IMG\right_2026_07_31_14_39_28_688.jpg,-0.05,1,0,30.19034
C:\Users\yasha\Desktop\IMG\center_2026_07_31_14_39_28_755.jpg,C:\Users\yasha\Desktop\IMG\left_2026_07_31_14_39_28_755.jpg,C:\Users\yasha\Desktop\IMG\right_2026_07_31_14_39_28_755.jpg,-0.2,1,0,30.18425
C:\Users\yasha\Desktop\IMG\center_2026_07_31_14_39_28_835.jpg,C:\Users\yasha\Desktop\IMG\left_2026_07_31_14_39_28_835.jpg,C:\Users\yasha\Desktop\IMG\right_2026_07_31_14_39_28_835.jpg,0,1,0,30.18417
C:\Users\yasha\Desktop\IMG\center_2026_07_31_14_39_28_914.jpg,C:\Users\yasha\Desktop\IMG\left_2026_07_31_14_39_28_914.jpg,C:\Users\yasha\Desktop\IMG\right_2026_07_31_14_39_28_914.jpg,0,1,0,30.19012
C:\Users\yasha\Desktop\IMG\center_2026_07_31_14_39_28_991.jpg,C:\Users\yasha\Desktop\IMG\left_2026_07_31_14_39_28_991.jpg,C:\Users\yasha\Desktop\IMG\right_2026_07_31_14_39_28_991.jpg,-0.2,1,0,30.18381
C:\Users\yasha\Desktop\IMG\center_2026_07_31_14_39_29_074.jpg,C:\Users\yasha\Desktop\IMG\left_2026_07_31_14_39_29_074.jpg,C:\Users\yasha\Desktop\IMG\right_2026_07_31_14_39_29_074.jpg,-0.4,1,0,30.16109
C:\Users\yasha\Desktop\IMG\center_2026_07_31_14_39_29_141.jpg,C:\Users\yasha\Desktop\IMG\left_2026_07_31_14_39_29_141.jpg,C:\Users\yasha\Desktop\IMG\right_2026_07_31_14_39_29_141.jpg,0,1,0,30.18882
C:\Users\yasha\Desktop\IMG\center_2026_07_31_14_39_29_224.jpg,C:\Users\yasha\Desktop\IMG\left_2026_07_31_14_39_29_224.jpg,C:\Users\yasha\Desktop\IMG\right_2026_07_31_14_39_29_224.jpg,-0.2,1,0,30.18474
C:\Users\yasha\Desktop\IMG\center_2026_07_31_14_39_29_301.jpg,C:\Users\yasha\Desktop\IMG\left_2026_07_31_14_39_29_301.jpg,C:\Users\yasha\Desktop\IMG\right_2026_07_31_14_39_29_301.jpg,-0.4,1,0,30.16233
C:\Users\yasha\Desktop\IMG\center_2026_07_31_14_39_29_378.jpg,C:\Users\yasha\Desktop\IMG\left_2026_07_31_14_39_29_378.jpg,C:\Users\yasha\Desktop\IMG\right_2026_07_31_14_39_29_378.jpg,0,1,0,30.18755
C:\Users\yasha\Desktop\IMG\center_2026_07_31_14_39_29_461.jpg,C:\Users\yasha\Desktop\IMG\left_2026_07_31_14_39_29_461.jpg,C:\Users\yasha\Desktop\IMG\right_2026_07_31_14_39_29_461.jpg,0,1,0,30.19071
C:\Users\yasha\Desktop\IMG\center_2026_07_31_14_39_29_538.jpg,C:\Users\yasha\Desktop\IMG\left_2026_07_31_14_39_29_538.jpg,C:\Users\yasha\Desktop\IMG\right_2026_07_31_14_39_29_538.jpg,-0.15,1,0,30.18665
C:\Users\yasha\Desktop\IMG\center_2026_07_31_14_39_29_613.jpg,C:\Users\yasha\Desktop\IMG\left_2026_07_31_14_39_29_613.jpg,C:\Users\yasha\Desktop\IMG\right_2026_07_31_14_39_29_613.jpg,-0.35,1,0,30.16615
C:\Users\yasha\Desktop\IMG\center_2026_07_31_14_39_29_692.jpg,C:\Users\yasha\Desktop\IMG\left_2026_07_31_14_39_29_692.jpg,C:\Users\yasha\Desktop\IMG\right_2026_07_31_14_39_29_692.jpg,0,1,0,30.18946
C:\Users\yasha\Desktop\IMG\center_2026_07_31_14_39_29_769.jpg,C:\Users\yasha\Desktop\IMG\left_2026_07_31_14_39_29_769.jpg,C:\Users\yasha\Desktop\IMG\right_2026_07_31_14_39_29_769.jpg,-0.15,1,0,30.18713
C:\Users\yasha\Desktop\IMG\center_2026_07_31_14_39_29_845.jpg,C:\Users\yasha\Desktop\IMG\left_2026_07_31_14_39_29_845.jpg,C:\Users\yasha\Desktop\IMG\right_2026_07_31_14_39_29_845.jpg,0,1,0,30.18986
C:\Users\yasha\Desktop\IMG\center_2026_07_31_14_39_29_928.jpg,C:\Users\yasha\Desktop\IMG\left_2026_07_31_14_39_29_928.jpg,C:\Users\yasha\Desktop\IMG\right_2026_07_31_14_39_29_928.jpg,-0.05,1,0,30.19015
C:\Users\yasha\Desktop\IMG\center_2026_07_31_14_39_30_005.jpg,C:\Users\yasha\Desktop\IMG\left_2026_07_31_14_39_30_005.jpg,C:\Users\yasha\Desktop\IMG\right_2026_07_31_14_39_30_005.jpg,-0.25,1,0,30.17781
C:\Users\yasha\Desktop\IMG\center_2026_07_31_14_39_30_073.jpg,C:\Users\yasha\Desktop\IMG\left_2026_07_31_14_39_30_073.jpg,C:\Users\yasha\Desktop\IMG\right_2026_07_31_14_39_30_073.jpg,0,1,0,30.18385
C:\Users\yasha\Desktop\IMG\center_2026_07_31_14_39_30_143.jpg,C:\Users\yasha\Desktop\IMG\left_2026_07_31_14_39_30_143.jpg,C:\Users\yasha\Desktop\IMG\right_2026_07_31_14_39_30_143.jpg,-0.05,1,0,30.19004
C:\Users\yasha\Desktop\IMG\center_2026_07_31_14_39_30_222.jpg,C:\Users\yasha\Desktop\IMG\left_2026_07_31_14_39_30_222.jpg,C:\Users\yasha\Desktop\IMG\right_2026_07_31_14_39_30_222.jpg,-0.25,1,0,30.17928
C:\Users\yasha\Desktop\IMG\center_2026_07_31_14_39_30_298.jpg,C:\Users\yasha\Desktop\IMG\left_2026_07_31_14_39_30_298.jpg,C:\Users\yasha\Desktop\IMG\right_2026_07_31_14_39_30_298.jpg,-0.4,1,0,30.16215
C:\Users\yasha\Desktop\IMG\center_2026_07_31_14_39_30_377.jpg,C:\Users\yasha\Desktop\IMG\left_2026_07_31_14_39_30_377.jpg,C:\Users\yasha\Desktop\IMG\right_2026_07_31_14_39_30_377.jpg,-0.6000001,1,0,30.1356
C:\Users\yasha\Desktop\IMG\center_2026_07_31_14_39_30_459.jpg,C:\Users\yasha\Desktop\IMG\left_2026_07_31_14_39_30_459.jpg,C:\Users\yasha\Desktop\IMG\right_2026_07_31_14_39_30_459.jpg,0,1,0,30.17493
C:\Users\yasha\Desktop\IMG\center_2026_07_31_14_39_30_545.jpg,C:\Users\yasha\Desktop\IMG\left_2026_07_31_14_39_30_545.jpg,C:\Users\yasha\Desktop\IMG\right_2026_07_31_14_39_30_545.jpg,-0.05,1,0,30.1896
C:\Users\yasha\Desktop\IMG\center_2026_07_31_14_39_30_619.jpg,C:\Users\yasha\Desktop\IMG\left_2026_07_31_14_39_30_619.jpg,C:\Users\yasha\Desktop\IMG\right_2026_07_31_14_39_30_619.jpg,-0.2,1,0,30.18749
C:\Users\yasha\Desktop\IMG\center_2026_07_31_14_39_30_698.jpg,C:\Users\yasha\Desktop\IMG\left_2026_07_31_14_39_30_698.jpg,C:\Users\yasha\Desktop\IMG\right_2026_07_31_14_39_30_698.jpg,0,1,0,30.18826
C:\Users\yasha\Desktop\IMG\center_2026_07_31_14_39_30_776.jpg,C:\Users\yasha\Desktop\IMG\left_2026_07_31_14_39_30_776.jpg,C:\Users\yasha\Desktop\IMG\right_2026_07_31_14_39_30_776.jpg,0,1,0,30.18972
C:\Users\yasha\Desktop\IMG\center_2026_07_31_14_39_30_858.jpg,C:\Users\yasha\Desktop\IMG\left_2026_07_31_14_39_30_858.jpg,C:\Users\yasha\Desktop\IMG\right_2026_07_31_14_39_30_858.jpg,0,1,0,30.19025
C:\Users\yasha\Desktop\IMG\center_2026_07_31_14_39_30_926.jpg,C:\Users\yasha\Desktop\IMG\left_2026_07_31_14_39_30_926.jpg,C:\Users\yasha\Desktop\IMG\right_2026_07_31_14_39_30_926.jpg,-0.05,1,0,30.18988
C:\Users\yasha\Desktop\IMG\center_2026_07_31_14_39_30_997.jpg,C:\Users\yasha\Desktop\IMG\left_2026_07_31_14_39_30_997.jpg,C:\Users\yasha\Desktop\IMG\right_2026_07_31_14_39_30_997.jpg,-0.2,1,0,30.18016
C:\Users\yasha\Desktop\IMG\center_2026_07_31_14_39_31_076.jpg,C:\Users\yasha\Desktop\IMG\left_2026_07_31_14_39_31_076.jpg,C:\Users\yasha\Desktop\IMG\right_2026_07_31_14_39_31_076.jpg,0,1,0,30.18345
C:\Users\yasha\Desktop\IMG\center_2026_07_31_14_39_31_160.jpg,C:\Users\yasha\Desktop\IMG\left_2026_07_31_14_39_31_160.jpg,C:\Users\yasha\Desktop\IMG\right_2026_07_31_14_39_31_160.jpg,-0.2,1,0,30.18633
C:\Users\yasha\Desktop\IMG\center_2026_07_31_14_39_31_243.jpg,C:\Users\yasha\Desktop\IMG\left_2026_07_31_14_39_31_243.jpg,C:\Users\yasha\Desktop\IMG\right_2026_07_31_14_39_31_243.jpg,-0.45,1,0,30.15718
C:\Users\yasha\Desktop\IMG\center_2026_07_31_14_39_31_328.jpg,C:\Users\yasha\Desktop\IMG\left_2026_07_31_14_39_31_328.jpg,C:\Users\yasha\Desktop\IMG\right_2026_07_31_14_39_31_328.jpg,-0.6500001,1,0,30.13025
C:\Users\yasha\Desktop\IMG\center_2026_07_31_14_39_31_400.jpg,C:\Users\yasha\Desktop\IMG\left_2026_07_31_14_39_31_400.jpg,C:\Users\yasha\Desktop\IMG\right_2026_07_31_14_39_31_400.jpg,-0.8500001,1,0,30.10715
C:\Users\yasha\Desktop\IMG\center_2026_07_31_14_39_31_478.jpg,C:\Users\yasha\Desktop\IMG\left_2026_07_31_14_39_31_478.jpg,C:\Users\yasha\Desktop\IMG\right_2026_07_31_14_39_31_478.jpg,0,1,0,30.17758
C:\Users\yasha\Desktop\IMG\center_2026_07_31_14_39_31_555.jpg,C:\Users\yasha\Desktop\IMG\left_2026_07_31_14_39_31_555.jpg,C:\Users\yasha\Desktop\IMG\right_2026_07_31_14_39_31_555.jpg,-0.1,1,0,30.1929
C:\Users\yasha\Desktop\IMG\center_2026_07_31_14_39_31_626.jpg,C:\Users\yasha\Desktop\IMG\left_2026_07_31_14_39_31_626.jpg,C:\Users\yasha\Desktop\IMG\right_2026_07_31_14_39_31_626.jpg,-0.3,1,0,30.18146
C:\Users\yasha\Desktop\IMG\center_2026_07_31_14_39_31_699.jpg,C:\Users\yasha\Desktop\IMG\left_2026_07_31_14_39_31_699.jpg,C:\Users\yasha\Desktop\IMG\right_2026_07_31_14_39_31_699.jpg,0,1,0,30.18962
C:\Users\yasha\Desktop\IMG\center_2026_07_31_14_39_31_775.jpg,C:\Users\yasha\Desktop\IMG\left_2026_07_31_14_39_31_775.jpg,C:\Users\yasha\Desktop\IMG\right_2026_07_31_14_39_31_775.jpg,0,1,0,30.19016
C:\Users\yasha\Desktop\IMG\center_2026_07_31_14_39_31_853.jpg,C:\Users\yasha\Desktop\IMG\left_2026_07_31_14_39_31_853.jpg,C:\Users\yasha\Desktop\IMG\right_2026_07_31_14_39_31_853.jpg,0,1,0,30.19034
C:\Users\yasha\Desktop\IMG\center_2026_07_31_14_39_31_930.jpg,C:\Users\yasha\Desktop\IMG\left_2026_07_31_14_39_31_930.jpg,C:\Users\yasha\Desktop\IMG\right_2026_07_31_14_39_31_930.jpg,0,1,0,30.19015
C:\Users\yasha\Desktop\IMG\center_2026_07_31_14_39_32_006.jpg,C:\Users\yasha\Desktop\IMG\left_2026_07_31_14_39_32_006.jpg,C:\Users\yasha\Desktop\IMG\right_2026_07_31_14_39_32_006.jpg,-0.15,1,0,30.18496
C:\Users\yasha\Desktop\IMG\center_2026_07_31_14_39_32_088.jpg,C:\Users\yasha\Desktop\IMG\left_2026_07_31_14_39_32_088.jpg,C:\Users\yasha\Desktop\IMG\right_2026_07_31_14_39_32_088.jpg,-0.35,1,0,30.16411
C:\Users\yasha\Desktop\IMG\center_2026_07_31_14_39_32_170.jpg,C:\Users\yasha\Desktop\IMG\left_2026_07_31_14_39_32_170.jpg,C:\Users\yasha\Desktop\IMG\right_2026_07_31_14_39_32_170.jpg,-0.5500001,1,0,30.13972
C:\Users\yasha\Desktop\IMG\center_2026_07_31_14_39_32_249.jpg,C:\Users\yasha\Desktop\IMG\left_2026_07_31_14_39_32_249.jpg,C:\Users\yasha\Desktop\IMG\right_2026_07_31_14_39_32_249.jpg,-0.7500002,1,0,30.116
C:\Users\yasha\Desktop\IMG\center_2026_07_31_14_39_32_329.jpg,C:\Users\yasha\Desktop\IMG\left_2026_07_31_14_39_32_329.jpg,C:\Users\yasha\Desktop\IMG\right_2026_07_31_14_39_32_329.jpg,0,1,0,30.17297
C:\Users\yasha\Desktop\IMG\center_2026_07_31_14_39_32_408.jpg,C:\Users\yasha\Desktop\IMG\left_2026_07_31_14_39_32_408.jpg,C:\Users\yasha\Desktop\IMG\right_2026_07_31_14_39_32_408.jpg,0,1,0,30.18685
C:\Users\yasha\Desktop\IMG\center_2026_07_31_14_39_32_476.jpg,C:\Users\yasha\Desktop\IMG\left_2026_07_31_14_39_32_476.jpg,C:\Users\yasha\Desktop\IMG\right_2026_07_31_14_39_32_476.jpg,0,1,0,30.18944
C:\Users\yasha\Desktop\IMG\center_2026_07_31_14_39_32_563.jpg,C:\Users\yasha\Desktop\IMG\left_2026_07_31_14_39_32_563.jpg,C:\Users\yasha\Desktop\IMG\right_2026_07_31_14_39_32_563.jpg,0,1,0,30.19029
C:\Users\yasha\Desktop\IMG\center_2026_07_31_14_39_32_646.jpg,C:\Users\yasha\Desktop\IMG\left_2026_07_31_14_39_32_646.jpg,C:\Users\yasha\Desktop\IMG\right_2026_07_31_14_39_32_646.jpg,0.1,1,0,30.18669
C:\Users\yasha\Desktop\IMG\center_2026_07_31_14_39_32_723.jpg,C:\Users\yasha\Desktop\IMG\left_2026_07_31_14_39_32_723.jpg,C:\Users\yasha\Desktop\IMG\right_2026_07_31_14_39_32_723.jpg,0,1,0,30.19166
C:\Users\yasha\Desktop\IMG\center_2026_07_31_14_39_32_798.jpg,C:\Users\yasha\Desktop\IMG\left_2026_07_31_14_39_32_798.jpg,C:\Users\yasha\Desktop\IMG\right_2026_07_31_14_39_32_798.jpg,0,1,0,30.19008
C:\Users\yasha\Desktop\IMG\center_2026_07_31_14_39_32_877.jpg,C:\Users\yasha\Desktop\IMG\left_2026_07_31_14_39_32_877.jpg,C:\Users\yasha\Desktop\IMG\right_2026_07_31_14_39_32_877.jpg,-0.15,1,0,30.18304
C:\Users\yasha\Desktop\IMG\center_2026_07_31_14_39_32_963.jpg,C:\Users\yasha\Desktop\IMG\left_2026_07_31_14_39_32_963.jpg,C:\Users\yasha\Desktop\IMG\right_2026_07_31_14_39_32_963.jpg,-0.4,1,0,30.15632
C:\Users\yasha\Desktop\IMG\center_2026_07_31_14_39_33_047.jpg,C:\Users\yasha\Desktop\IMG\left_2026_07_31_14_39_33_047.jpg,C:\Users\yasha\Desktop\IMG\right_2026_07_31_14_39_33_047.jpg,0,1,0,30.18671
C:\Users\yasha\Desktop\IMG\center_2026_07_31_14_39_33_132.jpg,C:\Users\yasha\Desktop\IMG\left_2026_07_31_14_39_33_132.jpg,C:\Users\yasha\Desktop\IMG\right_2026_07_31_14_39_33_132.jpg,-0.05,1,0,30.19012
C:\Users\yasha\Desktop\IMG\center_2026_07_31_14_39_33_213.jpg,C:\Users\yasha\Desktop\IMG\left_2026_07_31_14_39_33_213.jpg,C:\Users\yasha\Desktop\IMG\right_2026_07_31_14_39_33_213.jpg,0,1,0,30.18998
C:\Users\yasha\Desktop\IMG\center_2026_07_31_14_39_33_285.jpg,C:\Users\yasha\Desktop\IMG\left_2026_07_31_14_39_33_285.jpg,C:\Users\yasha\Desktop\IMG\right_2026_07_31_14_39_33_285.jpg,0,1,0,30.19019
C:\Users\yasha\Desktop\IMG\center_2026_07_31_14_39_33_362.jpg,C:\Users\yasha\Desktop\IMG\left_2026_07_31_14_39_33_362.jpg,C:\Users\yasha\Desktop\IMG\right_2026_07_31_14_39_33_362.jpg,0,1,0,30.19029
C:\Users\yasha\Desktop\IMG\center_2026_07_31_14_39_33_445.jpg,C:\Users\yasha\Desktop\IMG\left_2026_07_31_14_39_33_445.jpg,C:\Users\yasha\Desktop\IMG\right_2026_07_31_14_39_33_445.jpg,0,1,0,30.18964
C:\Users\yasha\Desktop\IMG\center_2026_07_31_14_39_33_526.jpg,C:\Users\yasha\Desktop\IMG\left_2026_07_31_14_39_33_526.jpg,C:\Users\yasha\Desktop\IMG\right_2026_07_31_14_39_33_526.jpg,0,1,0,30.19034
C:\Users\yasha\Desktop\IMG\center_2026_07_31_14_39_33_611.jpg,C:\Users\yasha\Desktop\IMG\left_2026_07_31_14_39_33_611.jpg,C:\Users\yasha\Desktop\IMG\right_2026_07_31_14_39_33_611.jpg,0,1,0,30.19032
C:\Users\yasha\Desktop\IMG\center_2026_07_31_14_39_33_682.jpg,C:\Users\yasha\Desktop\IMG\left_2026_07_31_14_39_33_682.jpg,C:\Users\yasha\Desktop\IMG\right_2026_07_31_14_39_33_682.jpg,-0.1,1,0,30.18768
C:\Users\yasha\Desktop\IMG\center_2026_07_31_14_39_33_762.jpg,C:\Users\yasha\Desktop\IMG\left_2026_07_31_14_39_33_762.jpg,C:\Users\yasha\Desktop\IMG\right_2026_07_31_14_39_33_762.jpg,-0.3,1,0,30.16925
C:\Users\yasha\Desktop\IMG\center_2026_07_31_14_39_33_830.jpg,C:\Users\yasha\Desktop\IMG\left_2026_07_31_14_39_33_830.jpg,C:\Users\yasha\Desktop\IMG\right_2026_07_31_14_39_33_830.jpg,0,1,0,30.18883
C:\Users\yasha\Desktop\IMG\center_2026_07_31_14_39_33_915.jpg,C:\Users\yasha\Desktop\IMG\left_2026_07_31_14_39_33_915.jpg,C:\Users\yasha\Desktop\IMG\right_2026_07_31_14_39_33_915.jpg,-0.05,1,0,30.19006
C:\Users\yasha\Desktop\IMG\center_2026_07_31_14_39_33_986.jpg,C:\Users\yasha\Desktop\IMG\left_2026_07_31_14_39_33_986.jpg,C:\Users\yasha\Desktop\IMG\right_2026_07_31_14_39_33_986.jpg,-0.25,1,0,30.17743
C:\Users\yasha\Desktop\IMG\center_2026_07_31_14_39_34_074.jpg,C:\Users\yasha\Desktop\IMG\left_2026_07_31_14_39_34_074.jpg,C:\Users\yasha\Desktop\IMG\right_2026_07_31_14_39_34_074.jpg,0,1,0,30.1894
C:\Users\yasha\Desktop\IMG\center_2026_07_31_14_39_34_143.jpg,C:\Users\yasha\Desktop\IMG\left_2026_07_31_14_39_34_143.jpg,C:\Users\yasha\Desktop\IMG\right_2026_07_31_14_39_34_143.jpg,0,1,0,30.18982
C:\Users\yasha\Desktop\IMG\center_2026_07_31_14_39_34_213.jpg,C:\Users\yasha\Desktop\IMG\left_2026_07_31_14_39_34_213.jpg,C:\Users\yasha\Desktop\IMG\right_2026_07_31_14_39_34_213.jpg,0,1,0,30.18985
C:\Users\yasha\Desktop\IMG\center_2026_07_31_14_39_34_298.jpg,C:\Users\yasha\Desktop\IMG\left_2026_07_31_14_39_34_298.jpg,C:\Users\yasha\Desktop\IMG\right_2026_07_31_14_39_34_298.jpg,-0.05,1,0,30.18998
C:\Users\yasha\Desktop\IMG\center_2026_07_31_14_39_34_367.jpg,C:\Users\yasha\Desktop\IMG\left_2026_07_31_14_39_34_367.jpg,C:\Users\yasha\Desktop\IMG\right_2026_07_31_14_39_34_367.jpg,-0.25,1,0,30.17603
C:\Users\yasha\Desktop\IMG\center_2026_07_31_14_39_34_446.jpg,C:\Users\yasha\Desktop\IMG\left_2026_07_31_14_39_34_446.jpg,C:\Users\yasha\Desktop\IMG\right_2026_07_31_14_39_34_446.jpg,0,1,0,30.18894
C:\Users\yasha\Desktop\IMG\center_2026_07_31_14_39_34_514.jpg,C:\Users\yasha\Desktop\IMG\left_2026_07_31_14_39_34_514.jpg,C:\Users\yasha\Desktop\IMG\right_2026_07_31_14_39_34_514.jpg,0,1,0,30.19006
C:\Users\yasha\Desktop\IMG\center_2026_07_31_14_39_34_588.jpg,C:\Users\yasha\Desktop\IMG\left_2026_07_31_14_39_34_588.jpg,C:\Users\yasha\Desktop\IMG\right_2026_07_31_14_39_34_588.jpg,-0.15,1,0,30.18607
C:\Users\yasha\Desktop\IMG\center_2026_07_31_14_39_34_663.jpg,C:\Users\yasha\Desktop\IMG\left_2026_07_31_14_39_34_663.jpg,C:\Users\yasha\Desktop\IMG\right_2026_07_31_14_39_34_663.jpg,-0.35,1,0,30.16545
C:\Users\yasha\Desktop\IMG\center_2026_07_31_14_39_34_744.jpg,C:\Users\yasha\Desktop\IMG\left_2026_07_31_14_39_34_744.jpg,C:\Users\yasha\Desktop\IMG\right_2026_07_31_14_39_34_744.jpg,0,1,0,30.18757
C:\Users\yasha\Desktop\IMG\center_2026_07_31_14_39_34_814.jpg,C:\Users\yasha\Desktop\IMG\left_2026_07_31_14_39_34_814.jpg,C:\Users\yasha\Desktop\IMG\right_2026_07_31_14_39_34_814.jpg,0,1,0,30.18996
C:\Users\yasha\Desktop\IMG\center_2026_07_31_14_39_34_897.jpg,C:\Users\yasha\Desktop\IMG\left_2026_07_31_14_39_34_897.jpg,C:\Users\yasha\Desktop\IMG\right_2026_07_31_14_39_34_897.jpg,-0.1,1,0,30.18947
C:\Users\yasha\Desktop\IMG\center_2026_07_31_14_39_34_966.jpg,C:\Users\yasha\Desktop\IMG\left_2026_07_31_14_39_34_966.jpg,C:\Users\yasha\Desktop\IMG\right_2026_07_31_14_39_34_966.jpg,-0.3,1,0,30.17201
C:\Users\yasha\Desktop\IMG\center_2026_07_31_14_39_35_040.jpg,C:\Users\yasha\Desktop\IMG\left_2026_07_31_14_39_35_040.jpg,C:\Users\yasha\Desktop\IMG\right_2026_07_31_14_39_35_040.jpg,0,1,0,30.18892
C:\Users\yasha\Desktop\IMG\center_2026_07_31_14_39_35_125.jpg,C:\Users\yasha\Desktop\IMG\left_2026_07_31_14_39_35_125.jpg,C:\Users\yasha\Desktop\IMG\right_2026_07_31_14_39_35_125.jpg,0,1,0,30.19022
C:\Users\yasha\Desktop\IMG\center_2026_07_31_14_39_35_198.jpg,C:\Users\yasha\Desktop\IMG\left_2026_07_31_14_39_35_198.jpg,C:\Users\yasha\Desktop\IMG\right_2026_07_31_14_39_35_198.jpg,0,1,0,30.19028
C:\Users\yasha\Desktop\IMG\center_2026_07_31_14_39_35_280.jpg,C:\Users\yasha\Desktop\IMG\left_2026_07_31_14_39_35_280.jpg,C:\Users\yasha\Desktop\IMG\right_2026_07_31_14_39_35_280.jpg,0,1,0,30.19031
C:\Users\yasha\Desktop\IMG\center_2026_07_31_14_39_35_355.jpg,C:\Users\yasha\Desktop\IMG\left_2026_07_31_14_39_35_355.jpg,C:\Users\yasha\Desktop\IMG\right_2026_07_31_14_39_35_355.jpg,-0.1,1,0,30.18795
C:\Users\yasha\Desktop\IMG\center_2026_07_31_14_39_35_433.jpg,C:\Users\yasha\Desktop\IMG\left_2026_07_31_14_39_35_433.jpg,C:\Users\yasha\Desktop\IMG\right_2026_07_31_14_39_35_433.jpg,-0.3,1,0,30.16957
C:\Users\yasha\Desktop\IMG\center_2026_07_31_14_39_35_513.jpg,C:\Users\yasha\Desktop\IMG\left_2026_07_31_14_39_35_513.jpg,C:\Users\yasha\Desktop\IMG\right_2026_07_31_14_39_35_513.jpg,0,1,0,30.18832
C:\Users\yasha\Desktop\IMG\center_2026_07_31_14_39_35_597.jpg,C:\Users\yasha\Desktop\IMG\left_2026_07_31_14_39_35_597.jpg,C:\Users\yasha\Desktop\IMG\right_2026_07_31_14_39_35_597.jpg,0,1,0,30.19
C:\Users\yasha\Desktop\IMG\center_2026_07_31_14_39_35_673.jpg,C:\Users\yasha\Desktop\IMG\left_2026_07_31_14_39_35_673.jpg,C:\Users\yasha\Desktop\IMG\right_2026_07_31_14_39_35_673.jpg,-0.1,1,0,30.18892
C:\Users\yasha\Desktop\IMG\center_2026_07_31_14_39_35_747.jpg,C:\Users\yasha\Desktop\IMG\left_2026_07_31_14_39_35_747.jpg,C:\Users\yasha\Desktop\IMG\right_2026_07_31_14_39_35_747.jpg,-0.3,1,0,30.17108
C:\Users\yasha\Desktop\IMG\center_2026_07_31_14_39_35_829.jpg,C:\Users\yasha\Desktop\IMG\left_2026_07_31_14_39_35_829.jpg,C:\Users\yasha\Desktop\IMG\right_2026_07_31_14_39_35_829.jpg,0,1,0,30.18981
C:\Users\yasha\Desktop\IMG\center_2026_07_31_14_39_35_914.jpg,C:\Users\yasha\Desktop\IMG\left_2026_07_31_14_39_35_914.jpg,C:\Users\yasha\Desktop\IMG\right_2026_07_31_14_39_35_914.jpg,0,1,0,30.19035
C:\Users\yasha\Desktop\IMG\center_2026_07_31_14_39_35_989.jpg,C:\Users\yasha\Desktop\IMG\left_2026_07_31_14_39_35_989.jpg,C:\Users\yasha\Desktop\IMG\right_2026_07_31_14_39_35_989.jpg,0,1,0,30.19027
C:\Users\yasha\Desktop\IMG\center_2026_07_31_14_39_36_071.jpg,C:\Users\yasha\Desktop\IMG\left_2026_07_31_14_39_36_071.jpg,C:\Users\yasha\Desktop\IMG\right_2026_07_31_14_39_36_071.jpg,-0.15,1,0,30.18499
C:\Users\yasha\Desktop\IMG\center_2026_07_31_14_39_36_149.jpg,C:\Users\yasha\Desktop\IMG\left_2026_07_31_14_39_36_149.jpg,C:\Users\yasha\Desktop\IMG\right_2026_07_31_14_39_36_149.jpg,-0.35,1,0,30.16419
C:\Users\yasha\Desktop\IMG\center_2026_07_31_14_39_36_236.jpg,C:\Users\yasha\Desktop\IMG\left_2026_07_31_14_39_36_236.jpg,C:\Users\yasha\Desktop\IMG\right_2026_07_31_14_39_36_236.jpg,0,1,0,30.18952
C:\Users\yasha\Desktop\IMG\center_2026_07_31_14_39_36_326.jpg,C:\Users\yasha\Desktop\IMG\left_2026_07_31_14_39_36_326.jpg,C:\Users\yasha\Desktop\IMG\right_2026_07_31_14_39_36_326.jpg,-0.15,1,0,30.1868
C:\Users\yasha\Desktop\IMG\center_2026_07_31_14_39_36_411.jpg,C:\Users\yasha\Desktop\IMG\left_2026_07_31_14_39_36_411.jpg,C:\Users\yasha\Desktop\IMG\right_2026_07_31_14_39_36_411.jpg,-0.35,1,0,30.1664
C:\Users\yasha\Desktop\IMG\center_2026_07_31_14_39_36_505.jpg,C:\Users\yasha\Desktop\IMG\left_2026_07_31_14_39_36_505.jpg,C:\Users\yasha\Desktop\IMG\right_2026_07_31_14_39_36_505.jpg,0,1,0,30.18885
C:\Users\yasha\Desktop\IMG\center_2026_07_31_14_39_36_581.jpg,C:\Users\yasha\Desktop\IMG\left_2026_07_31_14_39_36_581.jpg,C:\Users\yasha\Desktop\IMG\right_2026_07_31_14_39_36_581.jpg,0,1,0,30.18998
C:\Users\yasha\Desktop\IMG\center_2026_07_31_14_39_36_656.jpg,C:\Users\yasha\Desktop\IMG\left_2026_07_31_14_39_36_656.jpg,C:\Users\yasha\Desktop\IMG\right_2026_07_31_14_39_36_656.jpg,0,1,0,30.18997
C:\Users\yasha\Desktop\IMG\center_2026_07_31_14_39_36_749.jpg,C:\Users\yasha\Desktop\IMG\left_2026_07_31_14_39_36_749.jpg,C:\Users\yasha\Desktop\IMG\right_2026_07_31_14_39_36_749.jpg,0,1,0,30.19029
C:\Users\yasha\Desktop\IMG\center_2026_07_31_14_39_36_829.jpg,C:\Users\yasha\Desktop\IMG\left_2026_07_31_14_39_36_829.jpg,C:\Users\yasha\Desktop\IMG\right_2026_07_31_14_39_36_829.jpg,-0.2,1,0,30.18096
C:\Users\yasha\Desktop\IMG\center_2026_07_31_14_39_36_915.jpg,C:\Users\yasha\Desktop\IMG\left_2026_07_31_14_39_36_915.jpg,C:\Users\yasha\Desktop\IMG\right_2026_07_31_14_39_36_915.jpg,0,1,0,30.18339
C:\Users\yasha\Desktop\IMG\center_2026_07_31_14_39_37_002.jpg,C:\Users\yasha\Desktop\IMG\left_2026_07_31_14_39_37_002.jpg,C:\Users\yasha\Desktop\IMG\right_2026_07_31_14_39_37_002.jpg,0,1,0,30.18994
C:\Users\yasha\Desktop\IMG\center_2026_07_31_14_39_37_094.jpg,C:\Users\yasha\Desktop\IMG\left_2026_07_31_14_39_37_094.jpg,C:\Users\yasha\Desktop\IMG\right_2026_07_31_14_39_37_094.jpg,0,1,0,30.19023
C:\Users\yasha\Desktop\IMG\center_2026_07_31_14_39_37_161.jpg,C:\Users\yasha\Desktop\IMG\left_2026_07_31_14_39_37_161.jpg,C:\Users\yasha\Desktop\IMG\right_2026_07_31_14_39_37_161.jpg,0,1,0,30.19029
C:\Users\yasha\Desktop\IMG\center_2026_07_31_14_39_37_228.jpg,C:\Users\yasha\Desktop\IMG\left_2026_07_31_14_39_37_228.jpg,C:\Users\yasha\Desktop\IMG\right_2026_07_31_14_39_37_228.jpg,0,1,0,30.19031
C:\Users\yasha\Desktop\IMG\center_2026_07_31_14_39_37_327.jpg,C:\Users\yasha\Desktop\IMG\left_2026_07_31_14_39_37_327.jpg,C:\Users\yasha\Desktop\IMG\right_2026_07_31_14_39_37_327.jpg,0,1,0,30.19028
C:\Users\yasha\Desktop\IMG\center_2026_07_31_14_39_37_424.jpg,C:\Users\yasha\Desktop\IMG\left_2026_07_31_14_39_37_424.jpg,C:\Users\yasha\Desktop\IMG\right_2026_07_31_14_39_37_424.jpg,0,1,0,30.19029
C:\Users\yasha\Desktop\IMG\center_2026_07_31_14_39_37_514.jpg,C:\Users\yasha\Desktop\IMG\left_2026_07_31_14_39_37_514.jpg,C:\Users\yasha\Desktop\IMG\right_2026_07_31_14_39_37_514.jpg,0,1,0,30.1903
C:\Users\yasha\Desktop\IMG\center_2026_07_31_14_39_37_582.jpg,C:\Users\yasha\Desktop\IMG\left_2026_07_31_14_39_37_582.jpg,C:\Users\yasha\Desktop\IMG\right_2026_07_31_14_39_37_582.jpg,0,1,0,30.19054
C:\Users\yasha\Desktop\IMG\center_2026_07_31_14_39_37_673.jpg,C:\Users\yasha\Desktop\IMG\left_2026_07_31_14_39_37_673.jpg,C:\Users\yasha\Desktop\IMG\right_2026_07_31_14_39_37_673.jpg,0,1,0,30.1903
C:\Users\yasha\Desktop\IMG\center_2026_07_31_14_39_37_752.jpg,C:\Users\yasha\Desktop\IMG\left_2026_07_31_14_39_37_752.jpg,C:\Users\yasha\Desktop\IMG\right_2026_07_31_14_39_37_752.jpg,-0.2,1,0,30.17982
C:\Users\yasha\Desktop\IMG\center_2026_07_31_14_39_37_823.jpg,C:\Users\yasha\Desktop\IMG\left_2026_07_31_14_39_37_823.jpg,C:\Users\yasha\Desktop\IMG\right_2026_07_31_14_39_37_823.jpg,0,1,0,30.1828
C:\Users\yasha\Desktop\IMG\center_2026_07_31_14_39_37_905.jpg,C:\Users\yasha\Desktop\IMG\left_2026_07_31_14_39_37_905.jpg,C:\Users\yasha\Desktop\IMG\right_2026_07_31_14_39_37_905.jpg,0,1,0,30.18954
C:\Users\yasha\Desktop\IMG\center_2026_07_31_14_39_37_996.jpg,C:\Users\yasha\Desktop\IMG\left_2026_07_31_14_39_37_996.jpg,C:\Users\yasha\Desktop\IMG\right_2026_07_31_14_39_37_996.jpg,0,1,0,30.19017
C:\Users\yasha\Desktop\IMG\center_2026_07_31_14_39_38_084.jpg,C:\Users\yasha\Desktop\IMG\left_2026_07_31_14_39_38_084.jpg,C:\Users\yasha\Desktop\IMG\right_2026_07_31_14_39_38_084.jpg,-0.15,1,0,30.18544
C:\Users\yasha\Desktop\IMG\center_2026_07_31_14_39_38_171.jpg,C:\Users\yasha\Desktop\IMG\left_2026_07_31_14_39_38_171.jpg,C:\Users\yasha\Desktop\IMG\right_2026_07_31_14_39_38_171.jpg,0,1,0,30.19065
C:\Users\yasha\Desktop\IMG\center_2026_07_31_14_39_38_249.jpg,C:\Users\yasha\Desktop\IMG\left_2026_07_31_14_39_38_249.jpg,C:\Users\yasha\Desktop\IMG\right_2026_07_31_14_39_38_249.jpg,0,1,0,30.19015
C:\Users\yasha\Desktop\IMG\center_2026_07_31_14_39_38_345.jpg,C:\Users\yasha\Desktop\IMG\left_2026_07_31_14_39_38_345.jpg,C:\Users\yasha\Desktop\IMG\right_2026_07_31_14_39_38_345.jpg,0,1,0,30.19029
C:\Users\yasha\Desktop\IMG\center_2026_07_31_14_39_38_425.jpg,C:\Users\yasha\Desktop\IMG\left_2026_07_31_14_39_38_425.jpg,C:\Users\yasha\Desktop\IMG\right_2026_07_31_14_39_38_425.jpg,-0.15,1,0,30.1849
C:\Users\yasha\Desktop\IMG\center_2026_07_31_14_39_38_521.jpg,C:\Users\yasha\Desktop\IMG\left_2026_07_31_14_39_38_521.jpg,C:\Users\yasha\Desktop\IMG\right_2026_07_31_14_39_38_521.jpg,-0.4,1,0,30.15814
C:\Users\yasha\Desktop\IMG\center_2026_07_31_14_39_38_623.jpg,C:\Users\yasha\Desktop\IMG\left_2026_07_31_14_39_38_623.jpg,C:\Users\yasha\Desktop\IMG\right_2026_07_31_14_39_38_623.jpg,0,1,0,30.18923
C:\Users\yasha\Desktop\IMG\center_2026_07_31_14_39_38_719.jpg,C:\Users\yasha\Desktop\IMG\left_2026_07_31_14_39_38_719.jpg,C:\Users\yasha\Desktop\IMG\right_2026_07_31_14_39_38_719.jpg,-0.05,1,0,30.19015
C:\Users\yasha\Desktop\IMG\center_2026_07_31_14_39_38_805.jpg,C:\Users\yasha\Desktop\IMG\left_2026_07_31_14_39_38_805.jpg,C:\Users\yasha\Desktop\IMG\right_2026_07_31_14_39_38_805.jpg,-0.3,1,0,30.17132
C:\Users\yasha\Desktop\IMG\center_2026_07_31_14_39_38_885.jpg,C:\Users\yasha\Desktop\IMG\left_2026_07_31_14_39_38_885.jpg,C:\Users\yasha\Desktop\IMG\right_2026_07_31_14_39_38_885.jpg,0,1,0,30.1883
C:\Users\yasha\Desktop\IMG\center_2026_07_31_14_39_38_952.jpg,C:\Users\yasha\Desktop\IMG\left_2026_07_31_14_39_38_952.jpg,C:\Users\yasha\Desktop\IMG\right_2026_07_31_14_39_38_952.jpg,0,1,0,30.18986
C:\Users\yasha\Desktop\IMG\center_2026_07_31_14_39_39_045.jpg,C:\Users\yasha\Desktop\IMG\left_2026_07_31_14_39_39_045.jpg,C:\Users\yasha\Desktop\IMG\right_2026_07_31_14_39_39_045.jpg,-0.15,1,0,30.18625
C:\Users\yasha\Desktop\IMG\center_2026_07_31_14_39_39_138.jpg,C:\Users\yasha\Desktop\IMG\left_2026_07_31_14_39_39_138.jpg,C:\Users\yasha\Desktop\IMG\right_2026_07_31_14_39_39_138.jpg,-0.35,1,0,30.16567
C:\Users\yasha\Desktop\IMG\center_2026_07_31_14_39_39_227.jpg,C:\Users\yasha\Desktop\IMG\left_2026_07_31_14_39_39_227.jpg,C:\Users\yasha\Desktop\IMG\right_2026_07_31_14_39_39_227.jpg,0,1,0,30.18958
C:\Users\yasha\Desktop\IMG\center_2026_07_31_14_39_39_323.jpg,C:\Users\yasha\Desktop\IMG\left_2026_07_31_14_39_39_323.jpg,C:\Users\yasha\Desktop\IMG\right_2026_07_31_14_39_39_323.jpg,0,1,0,30.19022
C:\Users\yasha\Desktop\IMG\center_2026_07_31_14_39_39_417.jpg,C:\Users\yasha\Desktop\IMG\left_2026_07_31_14_39_39_417.jpg,C:\Users\yasha\Desktop\IMG\right_2026_07_31_14_39_39_417.jpg,0,1,0,30.19033
C:\Users\yasha\Desktop\IMG\center_2026_07_31_14_39_39_511.jpg,C:\Users\yasha\Desktop\IMG\left_2026_07_31_14_39_39_511.jpg,C:\Users\yasha\Desktop\IMG\right_2026_07_31_14_39_39_511.jpg,0,1,0,30.19031
C:\Users\yasha\Desktop\IMG\center_2026_07_31_14_39_39_586.jpg,C:\Users\yasha\Desktop\IMG\left_2026_07_31_14_39_39_586.jpg,C:\Users\yasha\Desktop\IMG\right_2026_07_31_14_39_39_586.jpg,0,1,0,30.19022
C:\Users\yasha\Desktop\IMG\center_2026_07_31_14_39_39_673.jpg,C:\Users\yasha\Desktop\IMG\left_2026_07_31_14_39_39_673.jpg,C:\Users\yasha\Desktop\IMG\right_2026_07_31_14_39_39_673.jpg,0,1,0,30.1902
C:\Users\yasha\Desktop\IMG\center_2026_07_31_14_39_39_768.jpg,C:\Users\yasha\Desktop\IMG\left_2026_07_31_14_39_39_768.jpg,C:\Users\yasha\Desktop\IMG\right_2026_07_31_14_39_39_768.jpg,0,1,0,30.19028
C:\Users\yasha\Desktop\IMG\center_2026_07_31_14_39_39_854.jpg,C:\Users\yasha\Desktop\IMG\left_2026_07_31_14_39_39_854.jpg,C:\Users\yasha\Desktop\IMG\right_2026_07_31_14_39_39_854.jpg,0,1,0,30.19
C:\Users\yasha\Desktop\IMG\center_2026_07_31_14_39_39_952.jpg,C:\Users\yasha\Desktop\IMG\left_2026_07_31_14_39_39_952.jpg,C:\Users\yasha\Desktop\IMG\right_2026_07_31_14_39_39_952.jpg,0,1,0,30.19031
C:\Users\yasha\Desktop\IMG\center_2026_07_31_14_39_40_041.jpg,C:\Users\yasha\Desktop\IMG\left_2026_07_31_14_39_40_041.jpg,C:\Users\yasha\Desktop\IMG\right_2026_07_31_14_39_40_041.jpg,0,1,0,30.19033
C:\Users\yasha\Desktop\IMG\center_2026_07_31_14_39_40_122.jpg,C:\Users\yasha\Desktop\IMG\left_2026_07_31_14_39_40_122.jpg,C:\Users\yasha\Desktop\IMG\right_2026_07_31_14_39_40_122.jpg,0,1,0,30.19032
C:\Users\yasha\Desktop\IMG\center_2026_07_31_14_39_40_203.jpg,C:\Users\yasha\Desktop\IMG\left_2026_07_31_14_39_40_203.jpg,C:\Users\yasha\Desktop\IMG\right_2026_07_31_14_39_40_203.jpg,0,1,0,30.19029
C:\Users\yasha\Desktop\IMG\center_2026_07_31_14_39_40_284.jpg,C:\Users\yasha\Desktop\IMG\left_2026_07_31_14_39_40_284.jpg,C:\Users\yasha\Desktop\IMG\right_2026_07_31_14_39_40_284.jpg,0,1,0,30.19029
C:\Users\yasha\Desktop\IMG\center_2026_07_31_14_39_40_360.jpg,C:\Users\yasha\Desktop\IMG\left_2026_07_31_14_39_40_360.jpg,C:\Users\yasha\Desktop\IMG\right_2026_07_31_14_39_40_360.jpg,-0.1,1,0,30.18767
C:\Users\yasha\Desktop\IMG\center_2026_07_31_14_39_40_449.jpg,C:\Users\yasha\Desktop\IMG\left_2026_07_31_14_39_40_449.jpg,C:\Users\yasha\Desktop\IMG\right_2026_07_31_14_39_40_449.jpg,-0.35,1,0,30.16345
C:\Users\yasha\Desktop\IMG\center_2026_07_31_14_39_40_535.jpg,C:\Users\yasha\Desktop\IMG\left_2026_07_31_14_39_40_535.jpg,C:\Users\yasha\Desktop\IMG\right_2026_07_31_14_39_40_535.jpg,0,1,0,30.1895
C:\Users\yasha\Desktop\IMG\center_2026_07_31_14_39_40_624.jpg,C:\Users\yasha\Desktop\IMG\left_2026_07_31_14_39_40_624.jpg,C:\Users\yasha\Desktop\IMG\right_2026_07_31_14_39_40_624.jpg,0,1,0,30.19015
C:\Users\yasha\Desktop\IMG\center_2026_07_31_14_39_40_698.jpg,C:\Users\yasha\Desktop\IMG\left_2026_07_31_14_39_40_698.jpg,C:\Users\yasha\Desktop\IMG\right_2026_07_31_14_39_40_698.jpg,0,1,0,30.19008
C:\Users\yasha\Desktop\IMG\center_2026_07_31_14_39_40_790.jpg,C:\Users\yasha\Desktop\IMG\left_2026_07_31_14_39_40_790.jpg,C:\Users\yasha\Desktop\IMG\right_2026_07_31_14_39_40_790.jpg,-0.1,1,0,30.18819
C:\Users\yasha\Desktop\IMG\center_2026_07_31_14_39_40_867.jpg,C:\Users\yasha\Desktop\IMG\left_2026_07_31_14_39_40_867.jpg,C:\Users\yasha\Desktop\IMG\right_2026_07_31_14_39_40_867.jpg,-0.3,1,0,30.16993
C:\Users\yasha\Desktop\IMG\center_2026_07_31_14_39_40_958.jpg,C:\Users\yasha\Desktop\IMG\left_2026_07_31_14_39_40_958.jpg,C:\Users\yasha\Desktop\IMG\right_2026_07_31_14_39_40_958.jpg,0,1,0,30.18989
C:\Users\yasha\Desktop\IMG\center_2026_07_31_14_39_41_052.jpg,C:\Users\yasha\Desktop\IMG\left_2026_07_31_14_39_41_052.jpg,C:\Users\yasha\Desktop\IMG\right_2026_07_31_14_39_41_052.jpg,0,1,0,30.19024
C:\Users\yasha\Desktop\IMG\center_2026_07_31_14_39_41_148.jpg,C:\Users\yasha\Desktop\IMG\left_2026_07_31_14_39_41_148.jpg,C:\Users\yasha\Desktop\IMG\right_2026_07_31_14_39_41_148.jpg,0,1,0,30.19031
C:\Users\yasha\Desktop\IMG\center_2026_07_31_14_39_41_235.jpg,C:\Users\yasha\Desktop\IMG\left_2026_07_31_14_39_41_235.jpg,C:\Users\yasha\Desktop\IMG\right_2026_07_31_14_39_41_235.jpg,-0.2,1,0,30.18051
C:\Users\yasha\Desktop\IMG\center_2026_07_31_14_39_41_309.jpg,C:\Users\yasha\Desktop\IMG\left_2026_07_31_14_39_41_309.jpg,C:\Users\yasha\Desktop\IMG\right_2026_07_31_14_39_41_309.jpg,0,1,0,30.19027
C:\Users\yasha\Desktop\IMG\center_2026_07_31_14_39_41_401.jpg,C:\Users\yasha\Desktop\IMG\left_2026_07_31_14_39_41_401.jpg,C:\Users\yasha\Desktop\IMG\right_2026_07_31_14_39_41_401.jpg,0,1,0,30.19028
C:\Users\yasha\Desktop\IMG\center_2026_07_31_14_39_41_479.jpg,C:\Users\yasha\Desktop\IMG\left_2026_07_31_14_39_41_479.jpg,C:\Users\yasha\Desktop\IMG\right_2026_07_31_14_39_41_479.jpg,0,1,0,30.19031
C:\Users\yasha\Desktop\IMG\center_2026_07_31_14_39_41_576.jpg,C:\Users\yasha\Desktop\IMG\left_2026_07_31_14_39_41_576.jpg,C:\Users\yasha\Desktop\IMG\right_2026_07_31_14_39_41_576.jpg,-0.05,1,0,30.18977
C:\Users\yasha\Desktop\IMG\center_2026_07_31_14_39_41_664.jpg,C:\Users\yasha\Desktop\IMG\left_2026_07_31_14_39_41_664.jpg,C:\Users\yasha\Desktop\IMG\right_2026_07_31_14_39_41_664.jpg,-0.3,1,0,30.16947
C:\Users\yasha\Desktop\IMG\center_2026_07_31_14_39_41_748.jpg,C:\Users\yasha\Desktop\IMG\left_2026_07_31_14_39_41_748.jpg,C:\Users\yasha\Desktop\IMG\right_2026_07_31_14_39_41_748.jpg,0,1,0,30.18826
C:\Users\yasha\Desktop\IMG\center_2026_07_31_14_39_41_837.jpg,C:\Users\yasha\Desktop\IMG\left_2026_07_31_14_39_41_837.jpg,C:\Users\yasha\Desktop\IMG\right_2026_07_31_14_39_41_837.jpg,0,1,0,30.19004
C:\Users\yasha\Desktop\IMG\center_2026_07_31_14_39_41_912.jpg,C:\Users\yasha\Desktop\IMG\left_2026_07_31_14_39_41_912.jpg,C:\Users\yasha\Desktop\IMG\right_2026_07_31_14_39_41_912.jpg,-0.2,1,0,30.18244
C:\Users\yasha\Desktop\IMG\center_2026_07_31_14_39_41_996.jpg,C:\Users\yasha\Desktop\IMG\left_2026_07_31_14_39_41_996.jpg,C:\Users\yasha\Desktop\IMG\right_2026_07_31_14_39_41_996.jpg,0,1,0,30.1895
C:\Users\yasha\Desktop\IMG\center_2026_07_31_14_39_42_089.jpg,C:\Users\yasha\Desktop\IMG\left_2026_07_31_14_39_42_089.jpg,C:\Users\yasha\Desktop\IMG\right_2026_07_31_14_39_42_089.jpg,0,1,0,30.19024
C:\Users\yasha\Desktop\IMG\center_2026_07_31_14_39_42_159.jpg,C:\Users\yasha\Desktop\IMG\left_2026_07_31_14_39_42_159.jpg,C:\Users\yasha\Desktop\IMG\right_2026_07_31_14_39_42_159.jpg,0,1,0,30.19024
C:\Users\yasha\Desktop\IMG\center_2026_07_31_14_39_42_226.jpg,C:\Users\yasha\Desktop\IMG\left_2026_07_31_14_39_42_226.jpg,C:\Users\yasha\Desktop\IMG\right_2026_07_31_14_39_42_226.jpg,0,1,0,30.19027
C:\Users\yasha\Desktop\IMG\center_2026_07_31_14_39_42_305.jpg,C:\Users\yasha\Desktop\IMG\left_2026_07_31_14_39_42_305.jpg,C:\Users\yasha\Desktop\IMG\right_2026_07_31_14_39_42_305.jpg,0,1,0,30.19029
C:\Users\yasha\Desktop\IMG\center_2026_07_31_14_39_42_390.jpg,C:\Users\yasha\Desktop\IMG\left_2026_07_31_14_39_42_390.jpg,C:\Users\yasha\Desktop\IMG\right_2026_07_31_14_39_42_390.jpg,0,1,0,30.19023
C:\Users\yasha\Desktop\IMG\center_2026_07_31_14_39_42_484.jpg,C:\Users\yasha\Desktop\IMG\left_2026_07_31_14_39_42_484.jpg,C:\Users\yasha\Desktop\IMG\right_2026_07_31_14_39_42_484.jpg,-0.15,1,0,30.18433
C:\Users\yasha\Desktop\IMG\center_2026_07_31_14_39_42_566.jpg,C:\Users\yasha\Desktop\IMG\left_2026_07_31_14_39_42_566.jpg,C:\Users\yasha\Desktop\IMG\right_2026_07_31_14_39_42_566.jpg,0,1,0,30.1909
C:\Users\yasha\Desktop\IMG\center_2026_07_31_14_39_42_633.jpg,C:\Users\yasha\Desktop\IMG\left_2026_07_31_14_39_42_633.jpg,C:\Users\yasha\Desktop\IMG\right_2026_07_31_14_39_42_633.jpg,0,1,0,30.19002
C:\Users\yasha\Desktop\IMG\center_2026_07_31_14_39_42_714.jpg,C:\Users\yasha\Desktop\IMG\left_2026_07_31_14_39_42_714.jpg,C:\Users\yasha\Desktop\IMG\right_2026_07_31_14_39_42_714.jpg,0,1,0,30.19027
C:\Users\yasha\Desktop\IMG\center_2026_07_31_14_39_42_790.jpg,C:\Users\yasha\Desktop\IMG\left_2026_07_31_14_39_42_790.jpg,C:\Users\yasha\Desktop\IMG\right_2026_07_31_14_39_42_790.jpg,0,1,0,30.19021
C:\Users\yasha\Desktop\IMG\center_2026_07_31_14_39_42_874.jpg,C:\Users\yasha\Desktop\IMG\left_2026_07_31_14_39_42_874.jpg,C:\Users\yasha\Desktop\IMG\right_2026_07_31_14_39_42_874.jpg,-0.05,1,0,30.18984
C:\Users\yasha\Desktop\IMG\center_2026_07_31_14_39_42_953.jpg,C:\Users\yasha\Desktop\IMG\left_2026_07_31_14_39_42_953.jpg,C:\Users\yasha\Desktop\IMG\right_2026_07_31_14_39_42_953.jpg,-0.25,1,0,30.17532
C:\Users\yasha\Desktop\IMG\center_2026_07_31_14_39_43_042.jpg,C:\Users\yasha\Desktop\IMG\left_2026_07_31_14_39_43_042.jpg,C:\Users\yasha\Desktop\IMG\right_2026_07_31_14_39_43_042.jpg,0,1,0,30.18985
C:\Users\yasha\Desktop\IMG\center_2026_07_31_14_39_43_129.jpg,C:\Users\yasha\Desktop\IMG\left_2026_07_31_14_39_43_129.jpg,C:\Users\yasha\Desktop\IMG\right_2026_07_31_14_39_43_129.jpg,0,1,0,30.19015
C:\Users\yasha\Desktop\IMG\center_2026_07_31_14_39_43_207.jpg,C:\Users\yasha\Desktop\IMG\left_2026_07_31_14_39_43_207.jpg,C:\Users\yasha\Desktop\IMG\right_2026_07_31_14_39_43_207.jpg,0,1,0,30.1903
C:\Users\yasha\Desktop\IMG\center_2026_07_31_14_39_43_299.jpg,C:\Users\yasha\Desktop\IMG\left_2026_07_31_14_39_43_299.jpg,C:\Users\yasha\Desktop\IMG\right_2026_07_31_14_39_43_299.jpg,0,1,0,30.19029
C:\Users\yasha\Desktop\IMG\center_2026_07_31_14_39_43_392.jpg,C:\Users\yasha\Desktop\IMG\left_2026_07_31_14_39_43_392.jpg,C:\Users\yasha\Desktop\IMG\right_2026_07_31_14_39_43_392.jpg,0,1,0,30.19031
C:\Users\yasha\Desktop\IMG\center_2026_07_31_14_39_43_464.jpg,C:\Users\yasha\Desktop\IMG\left_2026_07_31_14_39_43_464.jpg,C:\Users\yasha\Desktop\IMG\right_2026_07_31_14_39_43_464.jpg,0,1,0,30.19027
C:\Users\yasha\Desktop\IMG\center_2026_07_31_14_39_43_543.jpg,C:\Users\yasha\Desktop\IMG\left_2026_07_31_14_39_43_543.jpg,C:\Users\yasha\Desktop\IMG\right_2026_07_31_14_39_43_543.jpg,0,1,0,30.19025
C:\Users\yasha\Desktop\IMG\center_2026_07_31_14_39_43_621.jpg,C:\Users\yasha\Desktop\IMG\left_2026_07_31_14_39_43_621.jpg,C:\Users\yasha\Desktop\IMG\right_2026_07_31_14_39_43_621.jpg,0,1,0,30.19022
C:\Users\yasha\Desktop\IMG\center_2026_07_31_14_39_43_713.jpg,C:\Users\yasha\Desktop\IMG\left_2026_07_31_14_39_43_713.jpg,C:\Users\yasha\Desktop\IMG\right_2026_07_31_14_39_43_713.jpg,0,1,0,30.19027
C:\Users\yasha\Desktop\IMG\center_2026_07_31_14_39_43_802.jpg,C:\Users\yasha\Desktop\IMG\left_2026_07_31_14_39_43_802.jpg,C:\Users\yasha\Desktop\IMG\right_2026_07_31_14_39_43_802.jpg,0,1,0,30.19029
C:\Users\yasha\Desktop\IMG\center_2026_07_31_14_39_43_888.jpg,C:\Users\yasha\Desktop\IMG\left_2026_07_31_14_39_43_888.jpg,C:\Users\yasha\Desktop\IMG\right_2026_07_31_14_39_43_888.jpg,0,1,0,30.19029
C:\Users\yasha\Desktop\IMG\center_2026_07_31_14_39_43_973.jpg,C:\Users\yasha\Desktop\IMG\left_2026_07_31_14_39_43_973.jpg,C:\Users\yasha\Desktop\IMG\right_2026_07_31_14_39_43_973.jpg,0,1,0,30.19029
C:\Users\yasha\Desktop\IMG\center_2026_07_31_14_39_44_053.jpg,C:\Users\yasha\Desktop\IMG\left_2026_07_31_14_39_44_053.jpg,C:\Users\yasha\Desktop\IMG\right_2026_07_31_14_39_44_053.jpg,0,1,0,30.19031
C:\Users\yasha\Desktop\IMG\center_2026_07_31_14_39_44_136.jpg,C:\Users\yasha\Desktop\IMG\left_2026_07_31_14_39_44_136.jpg,C:\Users\yasha\Desktop\IMG\right_2026_07_31_14_39_44_136.jpg,0,1,0,30.19028
C:\Users\yasha\Desktop\IMG\center_2026_07_31_14_39_44_208.jpg,C:\Users\yasha\Desktop\IMG\left_2026_07_31_14_39_44_208.jpg,C:\Users\yasha\Desktop\IMG\right_2026_07_31_14_39_44_208.jpg,0,1,0,30.1897
C:\Users\yasha\Desktop\IMG\center_2026_07_31_14_39_44_280.jpg,C:\Users\yasha\Desktop\IMG\left_2026_07_31_14_39_44_280.jpg,C:\Users\yasha\Desktop\IMG\right_2026_07_31_14_39_44_280.jpg,0,1,0,30.19003
C:\Users\yasha\Desktop\IMG\center_2026_07_31_14_39_44_356.jpg,C:\Users\yasha\Desktop\IMG\left_2026_07_31_14_39_44_356.jpg,C:\Users\yasha\Desktop\IMG\right_2026_07_31_14_39_44_356.jpg,-0.15,1,0,30.18428
C:\Users\yasha\Desktop\IMG\center_2026_07_31_14_39_44_422.jpg,C:\Users\yasha\Desktop\IMG\left_2026_07_31_14_39_44_422.jpg,C:\Users\yasha\Desktop\IMG\right_2026_07_31_14_39_44_422.jpg,-0.35,1,0,30.16343
C:\Users\yasha\Desktop\IMG\center_2026_07_31_14_39_44_497.jpg,C:\Users\yasha\Desktop\IMG\left_2026_07_31_14_39_44_497.jpg,C:\Users\yasha\Desktop\IMG\right_2026_07_31_14_39_44_497.jpg,0,1,0,30.18784
C:\Users\yasha\Desktop\IMG\center_2026_07_31_14_39_44_576.jpg,C:\Users\yasha\Desktop\IMG\left_2026_07_31_14_39_44_576.jpg,C:\Users\yasha\Desktop\IMG\right_2026_07_31_14_39_44_576.jpg,0,1,0,30.18982
C:\Users\yasha\Desktop\IMG\center_2026_07_31_14_39_44_673.jpg,C:\Users\yasha\Desktop\IMG\left_2026_07_31_14_39_44_673.jpg,C:\Users\yasha\Desktop\IMG\right_2026_07_31_14_39_44_673.jpg,-0.05,1,0,30.18999
C:\Users\yasha\Desktop\IMG\center_2026_07_31_14_39_44_756.jpg,C:\Users\yasha\Desktop\IMG\left_2026_07_31_14_39_44_756.jpg,C:\Users\yasha\Desktop\IMG\right_2026_07_31_14_39_44_756.jpg,-0.25,1,0,30.1766
C:\Users\yasha\Desktop\IMG\center_2026_07_31_14_39_44_826.jpg,C:\Users\yasha\Desktop\IMG\left_2026_07_31_14_39_44_826.jpg,C:\Users\yasha\Desktop\IMG\right_2026_07_31_14_39_44_826.jpg,0,1,0,30.19
C:\Users\yasha\Desktop\IMG\center_2026_07_31_14_39_44_907.jpg,C:\Users\yasha\Desktop\IMG\left_2026_07_31_14_39_44_907.jpg,C:\Users\yasha\Desktop\IMG\right_2026_07_31_14_39_44_907.jpg,0,1,0,30.19025
C:\Users\yasha\Desktop\IMG\center_2026_07_31_14_39_44_991.jpg,C:\Users\yasha\Desktop\IMG\left_2026_07_31_14_39_44_991.jpg,C:\Users\yasha\Desktop\IMG\right_2026_07_31_14_39_44_991.jpg,0,1,0,30.19035
C:\Users\yasha\Desktop\IMG\center_2026_07_31_14_39_45_064.jpg,C:\Users\yasha\Desktop\IMG\left_2026_07_31_14_39_45_064.jpg,C:\Users\yasha\Desktop\IMG\right_2026_07_31_14_39_45_064.jpg,0,1,0,30.19038
C:\Users\yasha\Desktop\IMG\center_2026_07_31_14_39_45_139.jpg,C:\Users\yasha\Desktop\IMG\left_2026_07_31_14_39_45_139.jpg,C:\Users\yasha\Desktop\IMG\right_2026_07_31_14_39_45_139.jpg,0,1,0,30.19036
C:\Users\yasha\Desktop\IMG\center_2026_07_31_14_39_45_223.jpg,C:\Users\yasha\Desktop\IMG\left_2026_07_31_14_39_45_223.jpg,C:\Users\yasha\Desktop\IMG\right_2026_07_31_14_39_45_223.jpg,0,1,0,30.19038
C:\Users\yasha\Desktop\IMG\center_2026_07_31_14_39_45_304.jpg,C:\Users\yasha\Desktop\IMG\left_2026_07_31_14_39_45_304.jpg,C:\Users\yasha\Desktop\IMG\right_2026_07_31_14_39_45_304.jpg,0,1,0,30.19037
C:\Users\yasha\Desktop\IMG\center_2026_07_31_14_39_45_376.jpg,C:\Users\yasha\Desktop\IMG\left_2026_07_31_14_39_45_376.jpg,C:\Users\yasha\Desktop\IMG\right_2026_07_31_14_39_45_376.jpg,-0.15,1,0,30.18462
C:\Users\yasha\Desktop\IMG\center_2026_07_31_14_39_45_459.jpg,C:\Users\yasha\Desktop\IMG\left_2026_07_31_14_39_45_459.jpg,C:\Users\yasha\Desktop\IMG\right_2026_07_31_14_39_45_459.jpg,0,1,0,30.18507
C:\Users\yasha\Desktop\IMG\center_2026_07_31_14_39_45_538.jpg,C:\Users\yasha\Desktop\IMG\left_2026_07_31_14_39_45_538.jpg,C:\Users\yasha\Desktop\IMG\right_2026_07_31_14_39_45_538.jpg,0,1,0,30.18971
C:\Users\yasha\Desktop\IMG\center_2026_07_31_14_39_45_620.jpg,C:\Users\yasha\Desktop\IMG\left_2026_07_31_14_39_45_620.jpg,C:\Users\yasha\Desktop\IMG\right_2026_07_31_14_39_45_620.jpg,0,1,0,30.19028
C:\Users\yasha\Desktop\IMG\center_2026_07_31_14_39_45_709.jpg,C:\Users\yasha\Desktop\IMG\left_2026_07_31_14_39_45_709.jpg,C:\Users\yasha\Desktop\IMG\right_2026_07_31_14_39_45_709.jpg,0,1,0,30.19007
C:\Users\yasha\Desktop\IMG\center_2026_07_31_14_39_45_787.jpg,C:\Users\yasha\Desktop\IMG\left_2026_07_31_14_39_45_787.jpg,C:\Users\yasha\Desktop\IMG\right_2026_07_31_14_39_45_787.jpg,0,1,0,30.19028
C:\Users\yasha\Desktop\IMG\center_2026_07_31_14_39_45_866.jpg,C:\Users\yasha\Desktop\IMG\left_2026_07_31_14_39_45_866.jpg,C:\Users\yasha\Desktop\IMG\right_2026_07_31_14_39_45_866.jpg,0,1,0,30.19035
C:\Users\yasha\Desktop\IMG\center_2026_07_31_14_39_45_952.jpg,C:\Users\yasha\Desktop\IMG\left_2026_07_31_14_39_45_952.jpg,C:\Users\yasha\Desktop\IMG\right_2026_07_31_14_39_45_952.jpg,0,1,0,30.19033
C:\Users\yasha\Desktop\IMG\center_2026_07_31_14_39_46_024.jpg,C:\Users\yasha\Desktop\IMG\left_2026_07_31_14_39_46_024.jpg,C:\Users\yasha\Desktop\IMG\right_2026_07_31_14_39_46_024.jpg,0,1,0,30.19033
C:\Users\yasha\Desktop\IMG\center_2026_07_31_14_39_46_105.jpg,C:\Users\yasha\Desktop\IMG\left_2026_07_31_14_39_46_105.jpg,C:\Users\yasha\Desktop\IMG\right_2026_07_31_14_39_46_105.jpg,0,1,0,30.19035
C:\Users\yasha\Desktop\IMG\center_2026_07_31_14_39_46_196.jpg,C:\Users\yasha\Desktop\IMG\left_2026_07_31_14_39_46_196.jpg,C:\Users\yasha\Desktop\IMG\right_2026_07_31_14_39_46_196.jpg,0,1,0,30.19038
C:\Users\yasha\Desktop\IMG\center_2026_07_31_14_39_46_273.jpg,C:\Users\yasha\Desktop\IMG\left_2026_07_31_14_39_46_273.jpg,C:\Users\yasha\Desktop\IMG\right_2026_07_31_14_39_46_273.jpg,0,1,0,30.19032
C:\Users\yasha\Desktop\IMG\center_2026_07_31_14_39_46_354.jpg,C:\Users\yasha\Desktop\IMG\left_2026_07_31_14_39_46_354.jpg,C:\Users\yasha\Desktop\IMG\right_2026_07_31_14_39_46_354.jpg,0,1,0,30.19032
C:\Users\yasha\Desktop\IMG\center_2026_07_31_14_39_46_432.jpg,C:\Users\yasha\Desktop\IMG\left_2026_07_31_14_39_46_432.jpg,C:\Users\yasha\Desktop\IMG\right_2026_07_31_14_39_46_432.jpg,0,1,0,30.19033
C:\Users\yasha\Desktop\IMG\center_2026_07_31_14_39_46_525.jpg,C:\Users\yasha\Desktop\IMG\left_2026_07_31_14_39_46_525.jpg,C:\Users\yasha\Desktop\IMG\right_2026_07_31_14_39_46_525.jpg,-0.1,1,0,30.18781
C:\Users\yasha\Desktop\IMG\center_2026_07_31_14_39_46_596.jpg,C:\Users\yasha\Desktop\IMG\left_2026_07_31_14_39_46_596.jpg,C:\Users\yasha\Desktop\IMG\right_2026_07_31_14_39_46_596.jpg,-0.25,1,0,30.17534
C:\Users\yasha\Desktop\IMG\center_2026_07_31_14_39_46_674.jpg,C:\Users\yasha\Desktop\IMG\left_2026_07_31_14_39_46_674.jpg,C:\Users\yasha\Desktop\IMG\right_2026_07_31_14_39_46_674.jpg,0,1,0,30.18877
C:\Users\yasha\Desktop\IMG\center_2026_07_31_14_39_46_760.jpg,C:\Users\yasha\Desktop\IMG\left_2026_07_31_14_39_46_760.jpg,C:\Users\yasha\Desktop\IMG\right_2026_07_31_14_39_46_760.jpg,0,1,0,30.18996
C:\Users\yasha\Desktop\IMG\center_2026_07_31_14_39_46_841.jpg,C:\Users\yasha\Desktop\IMG\left_2026_07_31_14_39_46_841.jpg,C:\Users\yasha\Desktop\IMG\right_2026_07_31_14_39_46_841.jpg,0,1,0,30.19026
C:\Users\yasha\Desktop\IMG\center_2026_07_31_14_39_46_911.jpg,C:\Users\yasha\Desktop\IMG\left_2026_07_31_14_39_46_911.jpg,C:\Users\yasha\Desktop\IMG\right_2026_07_31_14_39_46_911.jpg,0,1,0,30.19028
C:\Users\yasha\Desktop\IMG\center_2026_07_31_14_39_46_988.jpg,C:\Users\yasha\Desktop\IMG\left_2026_07_31_14_39_46_988.jpg,C:\Users\yasha\Desktop\IMG\right_2026_07_31_14_39_46_988.jpg,0,1,0,30.19031
C:\Users\yasha\Desktop\IMG\center_2026_07_31_14_39_47_072.jpg,C:\Users\yasha\Desktop\IMG\left_2026_07_31_14_39_47_072.jpg,C:\Users\yasha\Desktop\IMG\right_2026_07_31_14_39_47_072.jpg,0,1,0,30.19031
C:\Users\yasha\Desktop\IMG\center_2026_07_31_14_39_47_144.jpg,C:\Users\yasha\Desktop\IMG\left_2026_07_31_14_39_47_144.jpg,C:\Users\yasha\Desktop\IMG\right_2026_07_31_14_39_47_144.jpg,0,1,0,30.19029
C:\Users\yasha\Desktop\IMG\center_2026_07_31_14_39_47_221.jpg,C:\Users\yasha\Desktop\IMG\left_2026_07_31_14_39_47_221.jpg,C:\Users\yasha\Desktop\IMG\right_2026_07_31_14_39_47_221.jpg,0,1,0,30.1903
C:\Users\yasha\Desktop\IMG\center_2026_07_31_14_39_47_288.jpg,C:\Users\yasha\Desktop\IMG\left_2026_07_31_14_39_47_288.jpg,C:\Users\yasha\Desktop\IMG\right_2026_07_31_14_39_47_288.jpg,0,1,0,30.19032
C:\Users\yasha\Desktop\IMG\center_2026_07_31_14_39_47_361.jpg,C:\Users\yasha\Desktop\IMG\left_2026_07_31_14_39_47_361.jpg,C:\Users\yasha\Desktop\IMG\right_2026_07_31_14_39_47_361.jpg,0,1,0,30.19029
C:\Users\yasha\Desktop\IMG\center_2026_07_31_14_39_47_447.jpg,C:\Users\yasha\Desktop\IMG\left_2026_07_31_14_39_47_447.jpg,C:\Users\yasha\Desktop\IMG\right_2026_07_31_14_39_47_447.jpg,0,1,0,30.1903
C:\Users\yasha\Desktop\IMG\center_2026_07_31_14_39_47_523.jpg,C:\Users\yasha\Desktop\IMG\left_2026_07_31_14_39_47_523.jpg,C:\Users\yasha\Desktop\IMG\right_2026_07_31_14_39_47_523.jpg,0,1,0,30.19029
C:\Users\yasha\Desktop\IMG\center_2026_07_31_14_39_47_591.jpg,C:\Users\yasha\Desktop\IMG\left_2026_07_31_14_39_47_591.jpg,C:\Users\yasha\Desktop\IMG\right_2026_07_31_14_39_47_591.jpg,0,1,0,30.1903
C:\Users\yasha\Desktop\IMG\center_2026_07_31_14_39_47_688.jpg,C:\Users\yasha\Desktop\IMG\left_2026_07_31_14_39_47_688.jpg,C:\Users\yasha\Desktop\IMG\right_2026_07_31_14_39_47_688.jpg,0,1,0,30.19029
C:\Users\yasha\Desktop\IMG\center_2026_07_31_14_39_47_756.jpg,C:\Users\yasha\Desktop\IMG\left_2026_07_31_14_39_47_756.jpg,C:\Users\yasha\Desktop\IMG\right_2026_07_31_14_39_47_756.jpg,0,1,0,30.19032
C:\Users\yasha\Desktop\IMG\center_2026_07_31_14_39_47_828.jpg,C:\Users\yasha\Desktop\IMG\left_2026_07_31_14_39_47_828.jpg,C:\Users\yasha\Desktop\IMG\right_2026_07_31_14_39_47_828.jpg,0,1,0,30.1903
C:\Users\yasha\Desktop\IMG\center_2026_07_31_14_39_47_903.jpg,C:\Users\yasha\Desktop\IMG\left_2026_07_31_14_39_47_903.jpg,C:\Users\yasha\Desktop\IMG\right_2026_07_31_14_39_47_903.jpg,0,1,0,30.19031
C:\Users\yasha\Desktop\IMG\center_2026_07_31_14_39_47_973.jpg,C:\Users\yasha\Desktop\IMG\left_2026_07_31_14_39_47_973.jpg,C:\Users\yasha\Desktop\IMG\right_2026_07_31_14_39_47_973.jpg,0,1,0,30.1903
C:\Users\yasha\Desktop\IMG\center_2026_07_31_14_39_48_051.jpg,C:\Users\yasha\Desktop\IMG\left_2026_07_31_14_39_48_051.jpg,C:\Users\yasha\Desktop\IMG\right_2026_07_31_14_39_48_051.jpg,0,1,0,30.19029
C:\Users\yasha\Desktop\IMG\center_2026_07_31_14_39_48_132.jpg,C:\Users\yasha\Desktop\IMG\left_2026_07_31_14_39_48_132.jpg,C:\Users\yasha\Desktop\IMG\right_2026_07_31_14_39_48_132.jpg,0,1,0,30.19032
C:\Users\yasha\Desktop\IMG\center_2026_07_31_14_39_48_226.jpg,C:\Users\yasha\Desktop\IMG\left_2026_07_31_14_39_48_226.jpg,C:\Users\yasha\Desktop\IMG\right_2026_07_31_14_39_48_226.jpg,0,1,0,30.19029
C:\Users\yasha\Desktop\IMG\center_2026_07_31_14_39_48_300.jpg,C:\Users\yasha\Desktop\IMG\left_2026_07_31_14_39_48_300.jpg,C:\Users\yasha\Desktop\IMG\right_2026_07_31_14_39_48_300.jpg,0,1,0,30.18983
C:\Users\yasha\Desktop\IMG\center_2026_07_31_14_39_48_369.jpg,C:\Users\yasha\Desktop\IMG\left_2026_07_31_14_39_48_369.jpg,C:\Users\yasha\Desktop\IMG\right_2026_07_31_14_39_48_369.jpg,0,1,0,30.18991
C:\Users\yasha\Desktop\IMG\center_2026_07_31_14_39_48_437.jpg,C:\Users\yasha\Desktop\IMG\left_2026_07_31_14_39_48_437.jpg,C:\Users\yasha\Desktop\IMG\right_2026_07_31_14_39_48_437.jpg,0,1,0,30.19016
C:\Users\yasha\Desktop\IMG\center_2026_07_31_14_39_48_525.jpg,C:\Users\yasha\Desktop\IMG\left_2026_07_31_14_39_48_525.jpg,C:\Users\yasha\Desktop\IMG\right_2026_07_31_14_39_48_525.jpg,0,1,0,30.19004
C:\Users\yasha\Desktop\IMG\center_2026_07_31_14_39_48_603.jpg,C:\Users\yasha\Desktop\IMG\left_2026_07_31_14_39_48_603.jpg,C:\Users\yasha\Desktop\IMG\right_2026_07_31_14_39_48_603.jpg,0,1,0,30.19002
C:\Users\yasha\Desktop\IMG\center_2026_07_31_14_39_48_673.jpg,C:\Users\yasha\Desktop\IMG\left_2026_07_31_14_39_48_673.jpg,C:\Users\yasha\Desktop\IMG\right_2026_07_31_14_39_48_673.jpg,-0.15,1,0,30.18427
C:\Users\yasha\Desktop\IMG\center_2026_07_31_14_39_48_770.jpg,C:\Users\yasha\Desktop\IMG\left_2026_07_31_14_39_48_770.jpg,C:\Users\yasha\Desktop\IMG\right_2026_07_31_14_39_48_770.jpg,0,1,0,30.1904
C:\Users\yasha\Desktop\IMG\center_2026_07_31_14_39_48_855.jpg,C:\Users\yasha\Desktop\IMG\left_2026_07_31_14_39_48_855.jpg,C:\Users\yasha\Desktop\IMG\right_2026_07_31_14_39_48_855.jpg,0,1,0,30.18993
C:\Users\yasha\Desktop\IMG\center_2026_07_31_14_39_48_941.jpg,C:\Users\yasha\Desktop\IMG\left_2026_07_31_14_39_48_941.jpg,C:\Users\yasha\Desktop\IMG\right_2026_07_31_14_39_48_941.jpg,0,1,0,30.19023
C:\Users\yasha\Desktop\IMG\center_2026_07_31_14_39_49_030.jpg,C:\Users\yasha\Desktop\IMG\left_2026_07_31_14_39_49_030.jpg,C:\Users\yasha\Desktop\IMG\right_2026_07_31_14_39_49_030.jpg,-0.1,1,0,30.18842
C:\Users\yasha\Desktop\IMG\center_2026_07_31_14_39_49_117.jpg,C:\Users\yasha\Desktop\IMG\left_2026_07_31_14_39_49_117.jpg,C:\Users\yasha\Desktop\IMG\right_2026_07_31_14_39_49_117.jpg,-0.3,1,0,30.17058
C:\Users\yasha\Desktop\IMG\center_2026_07_31_14_39_49_199.jpg,C:\Users\yasha\Desktop\IMG\left_2026_07_31_14_39_49_199.jpg,C:\Users\yasha\Desktop\IMG\right_2026_07_31_14_39_49_199.jpg,0,1,0,30.17962
C:\Users\yasha\Desktop\IMG\center_2026_07_31_14_39_49_276.jpg,C:\Users\yasha\Desktop\IMG\left_2026_07_31_14_39_49_276.jpg,C:\Users\yasha\Desktop\IMG\right_2026_07_31_14_39_49_276.jpg,0,1,0,30.18899
C:\Users\yasha\Desktop\IMG\center_2026_07_31_14_39_49_355.jpg,C:\Users\yasha\Desktop\IMG\left_2026_07_31_14_39_49_355.jpg,C:\Users\yasha\Desktop\IMG\right_2026_07_31_14_39_49_355.jpg,-0.05,1,0,30.19141
C:\Users\yasha\Desktop\IMG\center_2026_07_31_14_39_49_438.jpg,C:\Users\yasha\Desktop\IMG\left_2026_07_31_14_39_49_438.jpg,C:\Users\yasha\Desktop\IMG\right_2026_07_31_14_39_49_438.jpg,-0.25,1,0,30.17832
C:\Users\yasha\Desktop\IMG\center_2026_07_31_14_39_49_519.jpg,C:\Users\yasha\Desktop\IMG\left_2026_07_31_14_39_49_519.jpg,C:\Users\yasha\Desktop\IMG\right_2026_07_31_14_39_49_519.jpg,0,1,0,30.18957
C:\Users\yasha\Desktop\IMG\center_2026_07_31_14_39_49_593.jpg,C:\Users\yasha\Desktop\IMG\left_2026_07_31_14_39_49_593.jpg,C:\Users\yasha\Desktop\IMG\right_2026_07_31_14_39_49_593.jpg,0,1,0,30.1898
C:\Users\yasha\Desktop\IMG\center_2026_07_31_14_39_49_666.jpg,C:\Users\yasha\Desktop\IMG\left_2026_07_31_14_39_49_666.jpg,C:\Users\yasha\Desktop\IMG\right_2026_07_31_14_39_49_666.jpg,0,1,0,30.1902
C:\Users\yasha\Desktop\IMG\center_2026_07_31_14_39_49_740.jpg,C:\Users\yasha\Desktop\IMG\left_2026_07_31_14_39_49_740.jpg,C:\Users\yasha\Desktop\IMG\right_2026_07_31_14_39_49_740.jpg,0,1,0,30.19029
C:\Users\yasha\Desktop\IMG\center_2026_07_31_14_39_49_826.jpg,C:\Users\yasha\Desktop\IMG\left_2026_07_31_14_39_49_826.jpg,C:\Users\yasha\Desktop\IMG\right_2026_07_31_14_39_49_826.jpg,0,1,0,30.1903
C:\Users\yasha\Desktop\IMG\center_2026_07_31_14_39_49_894.jpg,C:\Users\yasha\Desktop\IMG\left_2026_07_31_14_39_49_894.jpg,C:\Users\yasha\Desktop\IMG\right_2026_07_31_14_39_49_894.jpg,0,1,0,30.1903
C:\Users\yasha\Desktop\IMG\center_2026_07_31_14_39_49_983.jpg,C:\Users\yasha\Desktop\IMG\left_2026_07_31_14_39_49_983.jpg,C:\Users\yasha\Desktop\IMG\right_2026_07_31_14_39_49_983.jpg,0,1,0,30.1903
C:\Users\yasha\Desktop\IMG\center_2026_07_31_14_39_50_058.jpg,C:\Users\yasha\Desktop\IMG\left_2026_07_31_14_39_50_058.jpg,C:\Users\yasha\Desktop\IMG\right_2026_07_31_14_39_50_058.jpg,0.15,1,0,30.18422
C:\Users\yasha\Desktop\IMG\center_2026_07_31_14_39_50_136.jpg,C:\Users\yasha\Desktop\IMG\left_2026_07_31_14_39_50_136.jpg,C:\Users\yasha\Desktop\IMG\right_2026_07_31_14_39_50_136.jpg,0,1,0,30.19098
C:\Users\yasha\Desktop\IMG\center_2026_07_31_14_39_50_215.jpg,C:\Users\yasha\Desktop\IMG\left_2026_07_31_14_39_50_215.jpg,C:\Users\yasha\Desktop\IMG\right_2026_07_31_14_39_50_215.jpg,0,1,0,30.19015
C:\Users\yasha\Desktop\IMG\center_2026_07_31_14_39_50_283.jpg,C:\Users\yasha\Desktop\IMG\left_2026_07_31_14_39_50_283.jpg,C:\Users\yasha\Desktop\IMG\right_2026_07_31_14_39_50_283.jpg,0,1,0,30.19025
C:\Users\yasha\Desktop\IMG\center_2026_07_31_14_39_50_373.jpg,C:\Users\yasha\Desktop\IMG\left_2026_07_31_14_39_50_373.jpg,C:\Users\yasha\Desktop\IMG\right_2026_07_31_14_39_50_373.jpg,0,1,0,30.19028
C:\Users\yasha\Desktop\IMG\center_2026_07_31_14_39_50_455.jpg,C:\Users\yasha\Desktop\IMG\left_2026_07_31_14_39_50_455.jpg,C:\Users\yasha\Desktop\IMG\right_2026_07_31_14_39_50_455.jpg,0,1,0,30.19029
C:\Users\yasha\Desktop\IMG\center_2026_07_31_14_39_50_552.jpg,C:\Users\yasha\Desktop\IMG\left_2026_07_31_14_39_50_552.jpg,C:\Users\yasha\Desktop\IMG\right_2026_07_31_14_39_50_552.jpg,0.15,1,0,30.18443
C:\Users\yasha\Desktop\IMG\center_2026_07_31_14_39_50_638.jpg,C:\Users\yasha\Desktop\IMG\left_2026_07_31_14_39_50_638.jpg,C:\Users\yasha\Desktop\IMG\right_2026_07_31_14_39_50_638.jpg,0.35,1,0,30.16368
C:\Users\yasha\Desktop\IMG\center_2026_07_31_14_39_50_733.jpg,C:\Users\yasha\Desktop\IMG\left_2026_07_31_14_39_50_733.jpg,C:\Users\yasha\Desktop\IMG\right_2026_07_31_14_39_50_733.jpg,0,1,0,30.18953
C:\Users\yasha\Desktop\IMG\center_2026_07_31_14_39_50_819.jpg,C:\Users\yasha\Desktop\IMG\left_2026_07_31_14_39_50_819.jpg,C:\Users\yasha\Desktop\IMG\right_2026_07_31_14_39_50_819.jpg,0,1,0,30.19016
C:\Users\yasha\Desktop\IMG\center_2026_07_31_14_39_50_905.jpg,C:\Users\yasha\Desktop\IMG\left_2026_07_31_14_39_50_905.jpg,C:\Users\yasha\Desktop\IMG\right_2026_07_31_14_39_50_905.jpg,0,1,0,30.19028
C:\Users\yasha\Desktop\IMG\center_2026_07_31_14_39_50_973.jpg,C:\Users\yasha\Desktop\IMG\left_2026_07_31_14_39_50_973.jpg,C:\Users\yasha\Desktop\IMG\right_2026_07_31_14_39_50_973.jpg,0,1,0,30.19032
C:\Users\yasha\Desktop\IMG\center_2026_07_31_14_39_51_054.jpg,C:\Users\yasha\Desktop\IMG\left_2026_07_31_14_39_51_054.jpg,C:\Users\yasha\Desktop\IMG\right_2026_07_31_14_39_51_054.jpg,0,1,0,30.19019
C:\Users\yasha\Desktop\IMG\center_2026_07_31_14_39_51_130.jpg,C:\Users\yasha\Desktop\IMG\left_2026_07_31_14_39_51_130.jpg,C:\Users\yasha\Desktop\IMG\right_2026_07_31_14_39_51_130.jpg,0,1,0,30.19029
C:\Users\yasha\Desktop\IMG\center_2026_07_31_14_39_51_207.jpg,C:\Users\yasha\Desktop\IMG\left_2026_07_31_14_39_51_207.jpg,C:\Users\yasha\Desktop\IMG\right_2026_07_31_14_39_51_207.jpg,0,1,0,30.1903
C:\Users\yasha\Desktop\IMG\center_2026_07_31_14_39_51_295.jpg,C:\Users\yasha\Desktop\IMG\left_2026_07_31_14_39_51_295.jpg,C:\Users\yasha\Desktop\IMG\right_2026_07_31_14_39_51_295.jpg,0,1,0,30.19029
C:\Users\yasha\Desktop\IMG\center_2026_07_31_14_39_51_374.jpg,C:\Users\yasha\Desktop\IMG\left_2026_07_31_14_39_51_374.jpg,C:\Users\yasha\Desktop\IMG\right_2026_07_31_14_39_51_374.jpg,0,1,0,30.19031
C:\Users\yasha\Desktop\IMG\center_2026_07_31_14_39_51_453.jpg,C:\Users\yasha\Desktop\IMG\left_2026_07_31_14_39_51_453.jpg,C:\Users\yasha\Desktop\IMG\right_2026_07_31_14_39_51_453.jpg,0,1,0,30.1903
C:\Users\yasha\Desktop\IMG\center_2026_07_31_14_39_51_527.jpg,C:\Users\yasha\Desktop\IMG\left_2026_07_31_14_39_51_527.jpg,C:\Users\yasha\Desktop\IMG\right_2026_07_31_14_39_51_527.jpg,0,1,0,30.1903
C:\Users\yasha\Desktop\IMG\center_2026_07_31_14_39_51_598.jpg,C:\Users\yasha\Desktop\IMG\left_2026_07_31_14_39_51_598.jpg,C:\Users\yasha\Desktop\IMG\right_2026_07_31_14_39_51_598.jpg,0,1,0,30.1903
C:\Users\yasha\Desktop\IMG\center_2026_07_31_14_39_51_683.jpg,C:\Users\yasha\Desktop\IMG\left_2026_07_31_14_39_51_683.jpg,C:\Users\yasha\Desktop\IMG\right_2026_07_31_14_39_51_683.jpg,0,1,0,30.19029
C:\Users\yasha\Desktop\IMG\center_2026_07_31_14_39_51_772.jpg,C:\Users\yasha\Desktop\IMG\left_2026_07_31_14_39_51_772.jpg,C:\Users\yasha\Desktop\IMG\right_2026_07_31_14_39_51_772.jpg,-0.2,1,0,30.17987
C:\Users\yasha\Desktop\IMG\center_2026_07_31_14_39_51_856.jpg,C:\Users\yasha\Desktop\IMG\left_2026_07_31_14_39_51_856.jpg,C:\Users\yasha\Desktop\IMG\right_2026_07_31_14_39_51_856.jpg,0,1,0,30.19071
C:\Users\yasha\Desktop\IMG\center_2026_07_31_14_39_51_949.jpg,C:\Users\yasha\Desktop\IMG\left_2026_07_31_14_39_51_949.jpg,C:\Users\yasha\Desktop\IMG\right_2026_07_31_14_39_51_949.jpg,0,1,0,30.19007
C:\Users\yasha\Desktop\IMG\center_2026_07_31_14_39_52_038.jpg,C:\Users\yasha\Desktop\IMG\left_2026_07_31_14_39_52_038.jpg,C:\Users\yasha\Desktop\IMG\right_2026_07_31_14_39_52_038.jpg,0,1,0,30.19025
C:\Users\yasha\Desktop\IMG\center_2026_07_31_14_39_52_123.jpg,C:\Users\yasha\Desktop\IMG\left_2026_07_31_14_39_52_123.jpg,C:\Users\yasha\Desktop\IMG\right_2026_07_31_14_39_52_123.jpg,0,1,0,30.1903
C:\Users\yasha\Desktop\IMG\center_2026_07_31_14_39_52_208.jpg,C:\Users\yasha\Desktop\IMG\left_2026_07_31_14_39_52_208.jpg,C:\Users\yasha\Desktop\IMG\right_2026_07_31_14_39_52_208.jpg,0,1,0,30.19029
C:\Users\yasha\Desktop\IMG\center_2026_07_31_14_39_52_295.jpg,C:\Users\yasha\Desktop\IMG\left_2026_07_31_14_39_52_295.jpg,C:\Users\yasha\Desktop\IMG\right_2026_07_31_14_39_52_295.jpg,0,1,0,30.19028
C:\Users\yasha\Desktop\IMG\center_2026_07_31_14_39_52_388.jpg,C:\Users\yasha\Desktop\IMG\left_2026_07_31_14_39_52_388.jpg,C:\Users\yasha\Desktop\IMG\right_2026_07_31_14_39_52_388.jpg,0,1,0,30.19029
C:\Users\yasha\Desktop\IMG\center_2026_07_31_14_39_52_461.jpg,C:\Users\yasha\Desktop\IMG\left_2026_07_31_14_39_52_461.jpg,C:\Users\yasha\Desktop\IMG\right_2026_07_31_14_39_52_461.jpg,0,1,0,30.19046
C:\Users\yasha\Desktop\IMG\center_2026_07_31_14_39_52_552.jpg,C:\Users\yasha\Desktop\IMG\left_2026_07_31_14_39_52_552.jpg,C:\Users\yasha\Desktop\IMG\right_2026_07_31_14_39_52_552.jpg,-0.05,1,0,30.18969
C:\Users\yasha\Desktop\IMG\center_2026_07_31_14_39_52_630.jpg,C:\Users\yasha\Desktop\IMG\left_2026_07_31_14_39_52_630.jpg,C:\Users\yasha\Desktop\IMG\right_2026_07_31_14_39_52_630.jpg,-0.25,1,0,30.17475
C:\Users\yasha\Desktop\IMG\center_2026_07_31_14_39_52_714.jpg,C:\Users\yasha\Desktop\IMG\left_2026_07_31_14_39_52_714.jpg,C:\Users\yasha\Desktop\IMG\right_2026_07_31_14_39_52_714.jpg,-0.45,1,0,30.15144
C:\Users\yasha\Desktop\IMG\center_2026_07_31_14_39_52_786.jpg,C:\Users\yasha\Desktop\IMG\left_2026_07_31_14_39_52_786.jpg,C:\Users\yasha\Desktop\IMG\right_2026_07_31_14_39_52_786.jpg,0,1,0,30.18832
C:\Users\yasha\Desktop\IMG\center_2026_07_31_14_39_52_859.jpg,C:\Users\yasha\Desktop\IMG\left_2026_07_31_14_39_52_859.jpg,C:\Users\yasha\Desktop\IMG\right_2026_07_31_14_39_52_859.jpg,0,1,0,30.18964
C:\Users\yasha\Desktop\IMG\center_2026_07_31_14_39_52_929.jpg,C:\Users\yasha\Desktop\IMG\left_2026_07_31_14_39_52_929.jpg,C:\Users\yasha\Desktop\IMG\right_2026_07_31_14_39_52_929.jpg,0,1,0,30.19017
C:\Users\yasha\Desktop\IMG\center_2026_07_31_14_39_53_012.jpg,C:\Users\yasha\Desktop\IMG\left_2026_07_31_14_39_53_012.jpg,C:\Users\yasha\Desktop\IMG\right_2026_07_31_14_39_53_012.jpg,0,1,0,30.19028
C:\Users\yasha\Desktop\IMG\center_2026_07_31_14_39_53_094.jpg,C:\Users\yasha\Desktop\IMG\left_2026_07_31_14_39_53_094.jpg,C:\Users\yasha\Desktop\IMG\right_2026_07_31_14_39_53_094.jpg,0,1,0,30.19029
C:\Users\yasha\Desktop\IMG\center_2026_07_31_14_39_53_178.jpg,C:\Users\yasha\Desktop\IMG\left_2026_07_31_14_39_53_178.jpg,C:\Users\yasha\Desktop\IMG\right_2026_07_31_14_39_53_178.jpg,0,1,0,30.19031
C:\Users\yasha\Desktop\IMG\center_2026_07_31_14_39_53_266.jpg,C:\Users\yasha\Desktop\IMG\left_2026_07_31_14_39_53_266.jpg,C:\Users\yasha\Desktop\IMG\right_2026_07_31_14_39_53_266.jpg,0.1,1,0,30.18759
C:\Users\yasha\Desktop\IMG\center_2026_07_31_14_39_53_345.jpg,C:\Users\yasha\Desktop\IMG\left_2026_07_31_14_39_53_345.jpg,C:\Users\yasha\Desktop\IMG\right_2026_07_31_14_39_53_345.jpg,0.3,1,0,30.1692
C:\Users\yasha\Desktop\IMG\center_2026_07_31_14_39_53_424.jpg,C:\Users\yasha\Desktop\IMG\left_2026_07_31_14_39_53_424.jpg,C:\Users\yasha\Desktop\IMG\right_2026_07_31_14_39_53_424.jpg,0,1,0,30.18896
C:\Users\yasha\Desktop\IMG\center_2026_07_31_14_39_53_517.jpg,C:\Users\yasha\Desktop\IMG\left_2026_07_31_14_39_53_517.jpg,C:\Users\yasha\Desktop\IMG\right_2026_07_31_14_39_53_517.jpg,0,1,0,30.18957
C:\Users\yasha\Desktop\IMG\center_2026_07_31_14_39_53_604.jpg,C:\Users\yasha\Desktop\IMG\left_2026_07_31_14_39_53_604.jpg,C:\Users\yasha\Desktop\IMG\right_2026_07_31_14_39_53_604.jpg,0,1,0,30.19019
C:\Users\yasha\Desktop\IMG\center_2026_07_31_14_39_53_679.jpg,C:\Users\yasha\Desktop\IMG\left_2026_07_31_14_39_53_679.jpg,C:\Users\yasha\Desktop\IMG\right_2026_07_31_14_39_53_679.jpg,0,1,0,30.19045
C:\Users\yasha\Desktop\IMG\center_2026_07_31_14_39_53_758.jpg,C:\Users\yasha\Desktop\IMG\left_2026_07_31_14_39_53_758.jpg,C:\Users\yasha\Desktop\IMG\right_2026_07_31_14_39_53_758.jpg,0,1,0,30.19029
C:\Users\yasha\Desktop\IMG\center_2026_07_31_14_39_53_855.jpg,C:\Users\yasha\Desktop\IMG\left_2026_07_31_14_39_53_855.jpg,C:\Users\yasha\Desktop\IMG\right_2026_07_31_14_39_53_855.jpg,0,1,0,30.19021
C:\Users\yasha\Desktop\IMG\center_2026_07_31_14_39_53_938.jpg,C:\Users\yasha\Desktop\IMG\left_2026_07_31_14_39_53_938.jpg,C:\Users\yasha\Desktop\IMG\right_2026_07_31_14_39_53_938.jpg,0,1,0,30.19027
C:\Users\yasha\Desktop\IMG\center_2026_07_31_14_39_54_015.jpg,C:\Users\yasha\Desktop\IMG\left_2026_07_31_14_39_54_015.jpg,C:\Users\yasha\Desktop\IMG\right_2026_07_31_14_39_54_015.jpg,0,1,0,30.1903
C:\Users\yasha\Desktop\IMG\center_2026_07_31_14_39_54_090.jpg,C:\Users\yasha\Desktop\IMG\left_2026_07_31_14_39_54_090.jpg,C:\Users\yasha\Desktop\IMG\right_2026_07_31_14_39_54_090.jpg,0,1,0,30.19029
C:\Users\yasha\Desktop\IMG\center_2026_07_31_14_39_54_169.jpg,C:\Users\yasha\Desktop\IMG\left_2026_07_31_14_39_54_169.jpg,C:\Users\yasha\Desktop\IMG\right_2026_07_31_14_39_54_169.jpg,0,1,0,30.19033
C:\Users\yasha\Desktop\IMG\center_2026_07_31_14_39_54_246.jpg,C:\Users\yasha\Desktop\IMG\left_2026_07_31_14_39_54_246.jpg,C:\Users\yasha\Desktop\IMG\right_2026_07_31_14_39_54_246.jpg,0,1,0,30.19031
C:\Users\yasha\Desktop\IMG\center_2026_07_31_14_39_54_318.jpg,C:\Users\yasha\Desktop\IMG\left_2026_07_31_14_39_54_318.jpg,C:\Users\yasha\Desktop\IMG\right_2026_07_31_14_39_54_318.jpg,0,1,0,30.19029
C:\Users\yasha\Desktop\IMG\center_2026_07_31_14_39_54_412.jpg,C:\Users\yasha\Desktop\IMG\left_2026_07_31_14_39_54_412.jpg,C:\Users\yasha\Desktop\IMG\right_2026_07_31_14_39_54_412.jpg,0,1,0,30.19029
C:\Users\yasha\Desktop\IMG\center_2026_07_31_14_39_54_496.jpg,C:\Users\yasha\Desktop\IMG\left_2026_07_31_14_39_54_496.jpg,C:\Users\yasha\Desktop\IMG\right_2026_07_31_14_39_54_496.jpg,0,1,0,30.19031
C:\Users\yasha\Desktop\IMG\center_2026_07_31_14_39_54_585.jpg,C:\Users\yasha\Desktop\IMG\left_2026_07_31_14_39_54_585.jpg,C:\Users\yasha\Desktop\IMG\right_2026_07_31_14_39_54_585.jpg,0,1,0,30.19031
C:\Users\yasha\Desktop\IMG\center_2026_07_31_14_39_54_668.jpg,C:\Users\yasha\Desktop\IMG\left_2026_07_31_14_39_54_668.jpg,C:\Users\yasha\Desktop\IMG\right_2026_07_31_14_39_54_668.jpg,0,1,0,30.1903
C:\Users\yasha\Desktop\IMG\center_2026_07_31_14_39_54_759.jpg,C:\Users\yasha\Desktop\IMG\left_2026_07_31_14_39_54_759.jpg,C:\Users\yasha\Desktop\IMG\right_2026_07_31_14_39_54_759.jpg,0,1,0,30.19029
C:\Users\yasha\Desktop\IMG\center_2026_07_31_14_39_54_849.jpg,C:\Users\yasha\Desktop\IMG\left_2026_07_31_14_39_54_849.jpg,C:\Users\yasha\Desktop\IMG\right_2026_07_31_14_39_54_849.jpg,-0.25,1,0,30.17477
C:\Users\yasha\Desktop\IMG\center_2026_07_31_14_39_54_920.jpg,C:\Users\yasha\Desktop\IMG\left_2026_07_31_14_39_54_920.jpg,C:\Users\yasha\Desktop\IMG\right_2026_07_31_14_39_54_920.jpg,-0.4,1,0,30.15751
C:\Users\yasha\Desktop\IMG\center_2026_07_31_14_39_55_011.jpg,C:\Users\yasha\Desktop\IMG\left_2026_07_31_14_39_55_011.jpg,C:\Users\yasha\Desktop\IMG\right_2026_07_31_14_39_55_011.jpg,0,1,0,30.18919
C:\Users\yasha\Desktop\IMG\center_2026_07_31_14_39_55_104.jpg,C:\Users\yasha\Desktop\IMG\left_2026_07_31_14_39_55_104.jpg,C:\Users\yasha\Desktop\IMG\right_2026_07_31_14_39_55_104.jpg,0,1,0,30.19011
C:\Users\yasha\Desktop\IMG\center_2026_07_31_14_39_55_189.jpg,C:\Users\yasha\Desktop\IMG\left_2026_07_31_14_39_55_189.jpg,C:\Users\yasha\Desktop\IMG\right_2026_07_31_14_39_55_189.jpg,0,1,0,30.19029
C:\Users\yasha\Desktop\IMG\center_2026_07_31_14_39_55_265.jpg,C:\Users\yasha\Desktop\IMG\left_2026_07_31_14_39_55_265.jpg,C:\Users\yasha\Desktop\IMG\right_2026_07_31_14_39_55_265.jpg,0,1,0,30.19019
C:\Users\yasha\Desktop\IMG\center_2026_07_31_14_39_55_352.jpg,C:\Users\yasha\Desktop\IMG\left_2026_07_31_14_39_55_352.jpg,C:\Users\yasha\Desktop\IMG\right_2026_07_31_14_39_55_352.jpg,0,1,0,30.19053
C:\Users\yasha\Desktop\IMG\center_2026_07_31_14_39_55_438.jpg,C:\Users\yasha\Desktop\IMG\left_2026_07_31_14_39_55_438.jpg,C:\Users\yasha\Desktop\IMG\right_2026_07_31_14_39_55_438.jpg,0,1,0,30.19027
C:\Users\yasha\Desktop\IMG\center_2026_07_31_14_39_55_517.jpg,C:\Users\yasha\Desktop\IMG\left_2026_07_31_14_39_55_517.jpg,C:\Users\yasha\Desktop\IMG\right_2026_07_31_14_39_55_517.jpg,0,1,0,30.19025
C:\Users\yasha\Desktop\IMG\center_2026_07_31_14_39_55_590.jpg,C:\Users\yasha\Desktop\IMG\left_2026_07_31_14_39_55_590.jpg,C:\Users\yasha\Desktop\IMG\right_2026_07_31_14_39_55_590.jpg,0,1,0,30.19011
C:\Users\yasha\Desktop\IMG\center_2026_07_31_14_39_55_682.jpg,C:\Users\yasha\Desktop\IMG\left_2026_07_31_14_39_55_682.jpg,C:\Users\yasha\Desktop\IMG\right_2026_07_31_14_39_55_682.jpg,0,1,0,30.19014
C:\Users\yasha\Desktop\IMG\center_2026_07_31_14_39_55_770.jpg,C:\Users\yasha\Desktop\IMG\left_2026_07_31_14_39_55_770.jpg,C:\Users\yasha\Desktop\IMG\right_2026_07_31_14_39_55_770.jpg,0,1,0,30.19019
C:\Users\yasha\Desktop\IMG\center_2026_07_31_14_39_55_840.jpg,C:\Users\yasha\Desktop\IMG\left_2026_07_31_14_39_55_840.jpg,C:\Users\yasha\Desktop\IMG\right_2026_07_31_14_39_55_840.jpg,0,1,0,30.1902
C:\Users\yasha\Desktop\IMG\center_2026_07_31_14_39_55_929.jpg,C:\Users\yasha\Desktop\IMG\left_2026_07_31_14_39_55_929.jpg,C:\Users\yasha\Desktop\IMG\right_2026_07_31_14_39_55_929.jpg,0,1,0,30.19021
C:\Users\yasha\Desktop\IMG\center_2026_07_31_14_39_56_013.jpg,C:\Users\yasha\Desktop\IMG\left_2026_07_31_14_39_56_013.jpg,C:\Users\yasha\Desktop\IMG\right_2026_07_31_14_39_56_013.jpg,0,1,0,30.19021
C:\Users\yasha\Desktop\IMG\center_2026_07_31_14_39_56_089.jpg,C:\Users\yasha\Desktop\IMG\left_2026_07_31_14_39_56_089.jpg,C:\Users\yasha\Desktop\IMG\right_2026_07_31_14_39_56_089.jpg,-0.05,1,0,30.1897
C:\Users\yasha\Desktop\IMG\center_2026_07_31_14_39_56_166.jpg,C:\Users\yasha\Desktop\IMG\left_2026_07_31_14_39_56_166.jpg,C:\Users\yasha\Desktop\IMG\right_2026_07_31_14_39_56_166.jpg,-0.25,1,0,30.17514
C:\Users\yasha\Desktop\IMG\center_2026_07_31_14_39_56_253.jpg,C:\Users\yasha\Desktop\IMG\left_2026_07_31_14_39_56_253.jpg,C:\Users\yasha\Desktop\IMG\right_2026_07_31_14_39_56_253.jpg,0,1,0,30.18114
C:\Users\yasha\Desktop\IMG\center_2026_07_31_14_39_56_325.jpg,C:\Users\yasha\Desktop\IMG\left_2026_07_31_14_39_56_325.jpg,C:\Users\yasha\Desktop\IMG\right_2026_07_31_14_39_56_325.jpg,0,1,0,30.18921
C:\Users\yasha\Desktop\IMG\center_2026_07_31_14_39_56_403.jpg,C:\Users\yasha\Desktop\IMG\left_2026_07_31_14_39_56_403.jpg,C:\Users\yasha\Desktop\IMG\right_2026_07_31_14_39_56_403.jpg,0,1,0,30.19023
C:\Users\yasha\Desktop\IMG\center_2026_07_31_14_39_56_484.jpg,C:\Users\yasha\Desktop\IMG\left_2026_07_31_14_39_56_484.jpg,C:\Users\yasha\Desktop\IMG\right_2026_07_31_14_39_56_484.jpg,0,1,0,30.18996
C:\Users\yasha\Desktop\IMG\center_2026_07_31_14_39_56_562.jpg,C:\Users\yasha\Desktop\IMG\left_2026_07_31_14_39_56_562.jpg,C:\Users\yasha\Desktop\IMG\right_2026_07_31_14_39_56_562.jpg,0,1,0,30.19036
C:\Users\yasha\Desktop\IMG\center_2026_07_31_14_39_56_633.jpg,C:\Users\yasha\Desktop\IMG\left_2026_07_31_14_39_56_633.jpg,C:\Users\yasha\Desktop\IMG\right_2026_07_31_14_39_56_633.jpg,0,1,0,30.19039
C:\Users\yasha\Desktop\IMG\center_2026_07_31_14_39_56_713.jpg,C:\Users\yasha\Desktop\IMG\left_2026_07_31_14_39_56_713.jpg,C:\Users\yasha\Desktop\IMG\right_2026_07_31_14_39_56_713.jpg,0,1,0,30.18994
C:\Users\yasha\Desktop\IMG\center_2026_07_31_14_39_56_795.jpg,C:\Users\yasha\Desktop\IMG\left_2026_07_31_14_39_56_795.jpg,C:\Users\yasha\Desktop\IMG\right_2026_07_31_14_39_56_795.jpg,0,1,0,30.19035
C:\Users\yasha\Desktop\IMG\center_2026_07_31_14_39_56_878.jpg,C:\Users\yasha\Desktop\IMG\left_2026_07_31_14_39_56_878.jpg,C:\Users\yasha\Desktop\IMG\right_2026_07_31_14_39_56_878.jpg,0,1,0,30.19035
C:\Users\yasha\Desktop\IMG\center_2026_07_31_14_39_56_952.jpg,C:\Users\yasha\Desktop\IMG\left_2026_07_31_14_39_56_952.jpg,C:\Users\yasha\Desktop\IMG\right_2026_07_31_14_39_56_952.jpg,0,1,0,30.19034
C:\Users\yasha\Desktop\IMG\center_2026_07_31_14_39_57_021.jpg,C:\Users\yasha\Desktop\IMG\left_2026_07_31_14_39_57_021.jpg,C:\Users\yasha\Desktop\IMG\right_2026_07_31_14_39_57_021.jpg,0,1,0,30.19025
C:\Users\yasha\Desktop\IMG\center_2026_07_31_14_39_57_098.jpg,C:\Users\yasha\Desktop\IMG\left_2026_07_31_14_39_57_098.jpg,C:\Users\yasha\Desktop\IMG\right_2026_07_31_14_39_57_098.jpg,0,1,0,30.19026
C:\Users\yasha\Desktop\IMG\center_2026_07_31_14_39_57_167.jpg,C:\Users\yasha\Desktop\IMG\left_2026_07_31_14_39_57_167.jpg,C:\Users\yasha\Desktop\IMG\right_2026_07_31_14_39_57_167.jpg,0,1,0,30.1903
C:\Users\yasha\Desktop\IMG\center_2026_07_31_14_39_57_239.jpg,C:\Users\yasha\Desktop\IMG\left_2026_07_31_14_39_57_239.jpg,C:\Users\yasha\Desktop\IMG\right_2026_07_31_14_39_57_239.jpg,-0.1,1,0,30.18768
C:\Users\yasha\Desktop\IMG\center_2026_07_31_14_39_57_333.jpg,C:\Users\yasha\Desktop\IMG\left_2026_07_31_14_39_57_333.jpg,C:\Users\yasha\Desktop\IMG\right_2026_07_31_14_39_57_333.jpg,0,1,0,30.18449
C:\Users\yasha\Desktop\IMG\center_2026_07_31_14_39_57_416.jpg,C:\Users\yasha\Desktop\IMG\left_2026_07_31_14_39_57_416.jpg,C:\Users\yasha\Desktop\IMG\right_2026_07_31_14_39_57_416.jpg,0,1,0,30.1898
C:\Users\yasha\Desktop\IMG\center_2026_07_31_14_39_57_490.jpg,C:\Users\yasha\Desktop\IMG\left_2026_07_31_14_39_57_490.jpg,C:\Users\yasha\Desktop\IMG\right_2026_07_31_14_39_57_490.jpg,0,1,0,30.19022
C:\Users\yasha\Desktop\IMG\center_2026_07_31_14_39_57_567.jpg,C:\Users\yasha\Desktop\IMG\left_2026_07_31_14_39_57_567.jpg,C:\Users\yasha\Desktop\IMG\right_2026_07_31_14_39_57_567.jpg,0,1,0,30.1903
C:\Users\yasha\Desktop\IMG\center_2026_07_31_14_39_57_639.jpg,C:\Users\yasha\Desktop\IMG\left_2026_07_31_14_39_57_639.jpg,C:\Users\yasha\Desktop\IMG\right_2026_07_31_14_39_57_639.jpg,0,1,0,30.19028
C:\Users\yasha\Desktop\IMG\center_2026_07_31_14_39_57_716.jpg,C:\Users\yasha\Desktop\IMG\left_2026_07_31_14_39_57_716.jpg,C:\Users\yasha\Desktop\IMG\right_2026_07_31_14_39_57_716.jpg,0,1,0,30.19028
C:\Users\yasha\Desktop\IMG\center_2026_07_31_14_39_57_795.jpg,C:\Users\yasha\Desktop\IMG\left_2026_07_31_14_39_57_795.jpg,C:\Users\yasha\Desktop\IMG\right_2026_07_31_14_39_57_795.jpg,0,1,0,30.19028
C:\Users\yasha\Desktop\IMG\center_2026_07_31_14_39_57_863.jpg,C:\Users\yasha\Desktop\IMG\left_2026_07_31_14_39_57_863.jpg,C:\Users\yasha\Desktop\IMG\right_2026_07_31_14_39_57_863.jpg,0,1,0,30.19025
C:\Users\yasha\Desktop\IMG\center_2026_07_31_14_39_57_948.jpg,C:\Users\yasha\Desktop\IMG\left_2026_07_31_14_39_57_948.jpg,C:\Users\yasha\Desktop\IMG\right_2026_07_31_14_39_57_948.jpg,0,1,0,30.1903
C:\Users\yasha\Desktop\IMG\center_2026_07_31_14_39_58_019.jpg,C:\Users\yasha\Desktop\IMG\left_2026_07_31_14_39_58_019.jpg,C:\Users\yasha\Desktop\IMG\right_2026_07_31_14_39_58_019.jpg,0.15,1,0,30.18425
C:\Users\yasha\Desktop\IMG\center_2026_07_31_14_39_58_090.jpg,C:\Users\yasha\Desktop\IMG\left_2026_07_31_14_39_58_090.jpg,C:\Users\yasha\Desktop\IMG\right_2026_07_31_14_39_58_090.jpg,0,1,0,30.19097
C:\Users\yasha\Desktop\IMG\center_2026_07_31_14_39_58_168.jpg,C:\Users\yasha\Desktop\IMG\left_2026_07_31_14_39_58_168.jpg,C:\Users\yasha\Desktop\IMG\right_2026_07_31_14_39_58_168.jpg,0,1,0,30.19013
C:\Users\yasha\Desktop\IMG\center_2026_07_31_14_39_58_242.jpg,C:\Users\yasha\Desktop\IMG\left_2026_07_31_14_39_58_242.jpg,C:\Users\yasha\Desktop\IMG\right_2026_07_31_14_39_58_242.jpg,0,1,0,30.19024
C:\Users\yasha\Desktop\IMG\center_2026_07_31_14_39_58_321.jpg,C:\Users\yasha\Desktop\IMG\left_2026_07_31_14_39_58_321.jpg,C:\Users\yasha\Desktop\IMG\right_2026_07_31_14_39_58_321.jpg,0,1,0,30.19029
C:\Users\yasha\Desktop\IMG\center_2026_07_31_14_39_58_393.jpg,C:\Users\yasha\Desktop\IMG\left_2026_07_31_14_39_58_393.jpg,C:\Users\yasha\Desktop\IMG\right_2026_07_31_14_39_58_393.jpg,0,1,0,30.19028
C:\Users\yasha\Desktop\IMG\center_2026_07_31_14_39_58_466.jpg,C:\Users\yasha\Desktop\IMG\left_2026_07_31_14_39_58_466.jpg,C:\Users\yasha\Desktop\IMG\right_2026_07_31_14_39_58_466.jpg,-0.15,1,0,30.18395
C:\Users\yasha\Desktop\IMG\center_2026_07_31_14_39_58_555.jpg,C:\Users\yasha\Desktop\IMG\left_2026_07_31_14_39_58_555.jpg,C:\Users\yasha\Desktop\IMG\right_2026_07_31_14_39_58_555.jpg,0,1,0,30.18435
C:\Users\yasha\Desktop\IMG\center_2026_07_31_14_39_58_629.jpg,C:\Users\yasha\Desktop\IMG\left_2026_07_31_14_39_58_629.jpg,C:\Users\yasha\Desktop\IMG\right_2026_07_31_14_39_58_629.jpg,0,1,0,30.18978
C:\Users\yasha\Desktop\IMG\center_2026_07_31_14_39_58_696.jpg,C:\Users\yasha\Desktop\IMG\left_2026_07_31_14_39_58_696.jpg,C:\Users\yasha\Desktop\IMG\right_2026_07_31_14_39_58_696.jpg,0,1,0,30.19014
C:\Users\yasha\Desktop\IMG\center_2026_07_31_14_39_58_771.jpg,C:\Users\yasha\Desktop\IMG\left_2026_07_31_14_39_58_771.jpg,C:\Users\yasha\Desktop\IMG\right_2026_07_31_14_39_58_771.jpg,0,1,0,30.19026
C:\Users\yasha\Desktop\IMG\center_2026_07_31_14_39_58_849.jpg,C:\Users\yasha\Desktop\IMG\left_2026_07_31_14_39_58_849.jpg,C:\Users\yasha\Desktop\IMG\right_2026_07_31_14_39_58_849.jpg,0.1,1,0,30.18716
C:\Users\yasha\Desktop\IMG\center_2026_07_31_14_39_58_926.jpg,C:\Users\yasha\Desktop\IMG\left_2026_07_31_14_39_58_926.jpg,C:\Users\yasha\Desktop\IMG\right_2026_07_31_14_39_58_926.jpg,0,1,0,30.18565
C:\Users\yasha\Desktop\IMG\center_2026_07_31_14_39_59_001.jpg,C:\Users\yasha\Desktop\IMG\left_2026_07_31_14_39_59_001.jpg,C:\Users\yasha\Desktop\IMG\right_2026_07_31_14_39_59_001.jpg,0,1,0,30.18998
C:\Users\yasha\Desktop\IMG\center_2026_07_31_14_39_59_074.jpg,C:\Users\yasha\Desktop\IMG\left_2026_07_31_14_39_59_074.jpg,C:\Users\yasha\Desktop\IMG\right_2026_07_31_14_39_59_074.jpg,0,1,0,30.1902
C:\Users\yasha\Desktop\IMG\center_2026_07_31_14_39_59_141.jpg,C:\Users\yasha\Desktop\IMG\left_2026_07_31_14_39_59_141.jpg,C:\Users\yasha\Desktop\IMG\right_2026_07_31_14_39_59_141.jpg,-0.1,1,0,30.18692
C:\Users\yasha\Desktop\IMG\center_2026_07_31_14_39_59_220.jpg,C:\Users\yasha\Desktop\IMG\left_2026_07_31_14_39_59_220.jpg,C:\Users\yasha\Desktop\IMG\right_2026_07_31_14_39_59_220.jpg,-0.25,1,0,30.17395
C:\Users\yasha\Desktop\IMG\center_2026_07_31_14_39_59_295.jpg,C:\Users\yasha\Desktop\IMG\left_2026_07_31_14_39_59_295.jpg,C:\Users\yasha\Desktop\IMG\right_2026_07_31_14_39_59_295.jpg,0,1,0,30.18881
C:\Users\yasha\Desktop\IMG\center_2026_07_31_14_39_59_371.jpg,C:\Users\yasha\Desktop\IMG\left_2026_07_31_14_39_59_371.jpg,C:\Users\yasha\Desktop\IMG\right_2026_07_31_14_39_59_371.jpg,0,1,0,30.19011
C:\Users\yasha\Desktop\IMG\center_2026_07_31_14_39_59_445.jpg,C:\Users\yasha\Desktop\IMG\left_2026_07_31_14_39_59_445.jpg,C:\Users\yasha\Desktop\IMG\right_2026_07_31_14_39_59_445.jpg,0,1,0,30.19018
C:\Users\yasha\Desktop\IMG\center_2026_07_31_14_39_59_517.jpg,C:\Users\yasha\Desktop\IMG\left_2026_07_31_14_39_59_517.jpg,C:\Users\yasha\Desktop\IMG\right_2026_07_31_14_39_59_517.jpg,0,1,0,30.19025
C:\Users\yasha\Desktop\IMG\center_2026_07_31_14_39_59_594.jpg,C:\Users\yasha\Desktop\IMG\left_2026_07_31_14_39_59_594.jpg,C:\Users\yasha\Desktop\IMG\right_2026_07_31_14_39_59_594.jpg,0,1,0,30.19031
C:\Users\yasha\Desktop\IMG\center_2026_07_31_14_39_59_662.jpg,C:\Users\yasha\Desktop\IMG\left_2026_07_31_14_39_59_662.jpg,C:\Users\yasha\Desktop\IMG\right_2026_07_31_14_39_59_662.jpg,0,1,0,30.19031
C:\Users\yasha\Desktop\IMG\center_2026_07_31_14_39_59_746.jpg,C:\Users\yasha\Desktop\IMG\left_2026_07_31_14_39_59_746.jpg,C:\Users\yasha\Desktop\IMG\right_2026_07_31_14_39_59_746.jpg,0,1,0,30.19029
C:\Users\yasha\Desktop\IMG\center_2026_07_31_14_39_59_830.jpg,C:\Users\yasha\Desktop\IMG\left_2026_07_31_14_39_59_830.jpg,C:\Users\yasha\Desktop\IMG\right_2026_07_31_14_39_59_830.jpg,0,1,0,30.19031
C:\Users\yasha\Desktop\IMG\center_2026_07_31_14_39_59_904.jpg,C:\Users\yasha\Desktop\IMG\left_2026_07_31_14_39_59_904.jpg,C:\Users\yasha\Desktop\IMG\right_2026_07_31_14_39_59_904.jpg,0,1,0,30.19031
C:\Users\yasha\Desktop\IMG\center_2026_07_31_14_39_59_977.jpg,C:\Users\yasha\Desktop\IMG\left_2026_07_31_14_39_59_977.jpg,C:\Users\yasha\Desktop\IMG\right_2026_07_31_14_39_59_977.jpg,0,1,0,30.19031
C:\Users\yasha\Desktop\IMG\center_2026_07_31_14_40_00_056.jpg,C:\Users\yasha\Desktop\IMG\left_2026_07_31_14_40_00_056.jpg,C:\Users\yasha\Desktop\IMG\right_2026_07_31_14_40_00_056.jpg,0,1,0,30.19029
C:\Users\yasha\Desktop\IMG\center_2026_07_31_14_40_00_136.jpg,C:\Users\yasha\Desktop\IMG\left_2026_07_31_14_40_00_136.jpg,C:\Users\yasha\Desktop\IMG\right_2026_07_31_14_40_00_136.jpg,0,1,0,30.19029
C:\Users\yasha\Desktop\IMG\center_2026_07_31_14_40_00_204.jpg,C:\Users\yasha\Desktop\IMG\left_2026_07_31_14_40_00_204.jpg,C:\Users\yasha\Desktop\IMG\right_2026_07_31_14_40_00_204.jpg,0,1,0,30.19032
C:\Users\yasha\Desktop\IMG\center_2026_07_31_14_40_00_284.jpg,C:\Users\yasha\Desktop\IMG\left_2026_07_31_14_40_00_284.jpg,C:\Users\yasha\Desktop\IMG\right_2026_07_31_14_40_00_284.jpg,0,1,0,30.1903
C:\Users\yasha\Desktop\IMG\center_2026_07_31_14_40_00_361.jpg,C:\Users\yasha\Desktop\IMG\left_2026_07_31_14_40_00_361.jpg,C:\Users\yasha\Desktop\IMG\right_2026_07_31_14_40_00_361.jpg,0,1,0,30.19029
C:\Users\yasha\Desktop\IMG\center_2026_07_31_14_40_00_434.jpg,C:\Users\yasha\Desktop\IMG\left_2026_07_31_14_40_00_434.jpg,C:\Users\yasha\Desktop\IMG\right_2026_07_31_14_40_00_434.jpg,0,1,0,30.19034
C:\Users\yasha\Desktop\IMG\center_2026_07_31_14_40_00_511.jpg,C:\Users\yasha\Desktop\IMG\left_2026_07_31_14_40_00_511.jpg,C:\Users\yasha\Desktop\IMG\right_2026_07_31_14_40_00_511.jpg,0,1,0,30.19034
C:\Users\yasha\Desktop\IMG\center_2026_07_31_14_40_00_596.jpg,C:\Users\yasha\Desktop\IMG\left_2026_07_31_14_40_00_596.jpg,C:\Users\yasha\Desktop\IMG\right_2026_07_31_14_40_00_596.jpg,0,1,0,30.1903
C:\Users\yasha\Desktop\IMG\center_2026_07_31_14_40_00_666.jpg,C:\Users\yasha\Desktop\IMG\left_2026_07_31_14_40_00_666.jpg,C:\Users\yasha\Desktop\IMG\right_2026_07_31_14_40_00_666.jpg,0,1,0,30.19031
C:\Users\yasha\Desktop\IMG\center_2026_07_31_14_40_00_738.jpg,C:\Users\yasha\Desktop\IMG\left_2026_07_31_14_40_00_738.jpg,C:\Users\yasha\Desktop\IMG\right_2026_07_31_14_40_00_738.jpg,0,1,0,30.19055
C:\Users\yasha\Desktop\IMG\center_2026_07_31_14_40_00_814.jpg,C:\Users\yasha\Desktop\IMG\left_2026_07_31_14_40_00_814.jpg,C:\Users\yasha\Desktop\IMG\right_2026_07_31_14_40_00_814.jpg,0,1,0,30.19033
C:\Users\yasha\Desktop\IMG\center_2026_07_31_14_40_00_883.jpg,C:\Users\yasha\Desktop\IMG\left_2026_07_31_14_40_00_883.jpg,C:\Users\yasha\Desktop\IMG\right_2026_07_31_14_40_00_883.jpg,0,1,0,30.19027
C:\Users\yasha\Desktop\IMG\center_2026_07_31_14_40_00_961.jpg,C:\Users\yasha\Desktop\IMG\left_2026_07_31_14_40_00_961.jpg,C:\Users\yasha\Desktop\IMG\right_2026_07_31_14_40_00_961.jpg,-0.2,1,0,30.17983
C:\Users\yasha\Desktop\IMG\center_2026_07_31_14_40_01_031.jpg,C:\Users\yasha\Desktop\IMG\left_2026_07_31_14_40_01_031.jpg,C:\Users\yasha\Desktop\IMG\right_2026_07_31_14_40_01_031.jpg,0,1,0,30.191
C:\Users\yasha\Desktop\IMG\center_2026_07_31_14_40_01_116.jpg,C:\Users\yasha\Desktop\IMG\left_2026_07_31_14_40_01_116.jpg,C:\Users\yasha\Desktop\IMG\right_2026_07_31_14_40_01_116.jpg,0,1,0,30.19011
C:\Users\yasha\Desktop\IMG\center_2026_07_31_14_40_01_184.jpg,C:\Users\yasha\Desktop\IMG\left_2026_07_31_14_40_01_184.jpg,C:\Users\yasha\Desktop\IMG\right_2026_07_31_14_40_01_184.jpg,0,1,0,30.19026
C:\Users\yasha\Desktop\IMG\center_2026_07_31_14_40_01_264.jpg,C:\Users\yasha\Desktop\IMG\left_2026_07_31_14_40_01_264.jpg,C:\Users\yasha\Desktop\IMG\right_2026_07_31_14_40_01_264.jpg,0,1,0,30.19024
C:\Users\yasha\Desktop\IMG\center_2026_07_31_14_40_01_347.jpg,C:\Users\yasha\Desktop\IMG\left_2026_07_31_14_40_01_347.jpg,C:\Users\yasha\Desktop\IMG\right_2026_07_31_14_40_01_347.jpg,0,1,0,30.19031
C:\Users\yasha\Desktop\IMG\center_2026_07_31_14_40_01_429.jpg,C:\Users\yasha\Desktop\IMG\left_2026_07_31_14_40_01_429.jpg,C:\Users\yasha\Desktop\IMG\right_2026_07_31_14_40_01_429.jpg,0,1,0,30.19029
C:\Users\yasha\Desktop\IMG\center_2026_07_31_14_40_01_501.jpg,C:\Users\yasha\Desktop\IMG\left_2026_07_31_14_40_01_501.jpg,C:\Users\yasha\Desktop\IMG\right_2026_07_31_14_40_01_501.jpg,0,1,0,30.1903
C:\Users\yasha\Desktop\IMG\center_2026_07_31_14_40_01_576.jpg,C:\Users\yasha\Desktop\IMG\left_2026_07_31_14_40_01_576.jpg,C:\Users\yasha\Desktop\IMG\right_2026_07_31_14_40_01_576.jpg,0,1,0,30.1903
C:\Users\yasha\Desktop\IMG\center_2026_07_31_14_40_01_649.jpg,C:\Users\yasha\Desktop\IMG\left_2026_07_31_14_40_01_649.jpg,C:\Users\yasha\Desktop\IMG\right_2026_07_31_14_40_01_649.jpg,0,1,0,30.19028
C:\Users\yasha\Desktop\IMG\center_2026_07_31_14_40_01_727.jpg,C:\Users\yasha\Desktop\IMG\left_2026_07_31_14_40_01_727.jpg,C:\Users\yasha\Desktop\IMG\right_2026_07_31_14_40_01_727.jpg,0,1,0,30.19029
C:\Users\yasha\Desktop\IMG\center_2026_07_31_14_40_01_799.jpg,C:\Users\yasha\Desktop\IMG\left_2026_07_31_14_40_01_799.jpg,C:\Users\yasha\Desktop\IMG\right_2026_07_31_14_40_01_799.jpg,-0.05,1,0,30.18986
C:\Users\yasha\Desktop\IMG\center_2026_07_31_14_40_01_866.jpg,C:\Users\yasha\Desktop\IMG\left_2026_07_31_14_40_01_866.jpg,C:\Users\yasha\Desktop\IMG\right_2026_07_31_14_40_01_866.jpg,-0.25,1,0,30.17454
C:\Users\yasha\Desktop\IMG\center_2026_07_31_14_40_01_944.jpg,C:\Users\yasha\Desktop\IMG\left_2026_07_31_14_40_01_944.jpg,C:\Users\yasha\Desktop\IMG\right_2026_07_31_14_40_01_944.jpg,0,1,0,30.18984
C:\Users\yasha\Desktop\IMG\center_2026_07_31_14_40_02_021.jpg,C:\Users\yasha\Desktop\IMG\left_2026_07_31_14_40_02_021.jpg,C:\Users\yasha\Desktop\IMG\right_2026_07_31_14_40_02_021.jpg,0,1,0,30.18976
C:\Users\yasha\Desktop\IMG\center_2026_07_31_14_40_02_097.jpg,C:\Users\yasha\Desktop\IMG\left_2026_07_31_14_40_02_097.jpg,C:\Users\yasha\Desktop\IMG\right_2026_07_31_14_40_02_097.jpg,-0.1,1,0,30.18915
C:\Users\yasha\Desktop\IMG\center_2026_07_31_14_40_02_173.jpg,C:\Users\yasha\Desktop\IMG\left_2026_07_31_14_40_02_173.jpg,C:\Users\yasha\Desktop\IMG\right_2026_07_31_14_40_02_173.jpg,-0.3,1,0,30.17226
C:\Users\yasha\Desktop\IMG\center_2026_07_31_14_40_02_249.jpg,C:\Users\yasha\Desktop\IMG\left_2026_07_31_14_40_02_249.jpg,C:\Users\yasha\Desktop\IMG\right_2026_07_31_14_40_02_249.jpg,0,1,0,30.18828
C:\Users\yasha\Desktop\IMG\center_2026_07_31_14_40_02_336.jpg,C:\Users\yasha\Desktop\IMG\left_2026_07_31_14_40_02_336.jpg,C:\Users\yasha\Desktop\IMG\right_2026_07_31_14_40_02_336.jpg,0,1,0,30.19009
C:\Users\yasha\Desktop\IMG\center_2026_07_31_14_40_02_416.jpg,C:\Users\yasha\Desktop\IMG\left_2026_07_31_14_40_02_416.jpg,C:\Users\yasha\Desktop\IMG\right_2026_07_31_14_40_02_416.jpg,0,1,0,30.19044
C:\Users\yasha\Desktop\IMG\center_2026_07_31_14_40_02_500.jpg,C:\Users\yasha\Desktop\IMG\left_2026_07_31_14_40_02_500.jpg,C:\Users\yasha\Desktop\IMG\right_2026_07_31_14_40_02_500.jpg,0,1,0,30.19026
C:\Users\yasha\Desktop\IMG\center_2026_07_31_14_40_02_566.jpg,C:\Users\yasha\Desktop\IMG\left_2026_07_31_14_40_02_566.jpg,C:\Users\yasha\Desktop\IMG\right_2026_07_31_14_40_02_566.jpg,0,1,0,30.19037
C:\Users\yasha\Desktop\IMG\center_2026_07_31_14_40_02_645.jpg,C:\Users\yasha\Desktop\IMG\left_2026_07_31_14_40_02_645.jpg,C:\Users\yasha\Desktop\IMG\right_2026_07_31_14_40_02_645.jpg,0,1,0,30.1901
C:\Users\yasha\Desktop\IMG\center_2026_07_31_14_40_02_715.jpg,C:\Users\yasha\Desktop\IMG\left_2026_07_31_14_40_02_715.jpg,C:\Users\yasha\Desktop\IMG\right_2026_07_31_14_40_02_715.jpg,0,1,0,30.1902
C:\Users\yasha\Desktop\IMG\center_2026_07_31_14_40_02_797.jpg,C:\Users\yasha\Desktop\IMG\left_2026_07_31_14_40_02_797.jpg,C:\Users\yasha\Desktop\IMG\right_2026_07_31_14_40_02_797.jpg,0,1,0,30.1903
C:\Users\yasha\Desktop\IMG\center_2026_07_31_14_40_02_869.jpg,C:\Users\yasha\Desktop\IMG\left_2026_07_31_14_40_02_869.jpg,C:\Users\yasha\Desktop\IMG\right_2026_07_31_14_40_02_869.jpg,0,1,0,30.19029
C:\Users\yasha\Desktop\IMG\center_2026_07_31_14_40_02_936.jpg,C:\Users\yasha\Desktop\IMG\left_2026_07_31_14_40_02_936.jpg,C:\Users\yasha\Desktop\IMG\right_2026_07_31_14_40_02_936.jpg,0,1,0,30.19027
C:\Users\yasha\Desktop\IMG\center_2026_07_31_14_40_03_025.jpg,C:\Users\yasha\Desktop\IMG\left_2026_07_31_14_40_03_025.jpg,C:\Users\yasha\Desktop\IMG\right_2026_07_31_14_40_03_025.jpg,0,1,0,30.19052
C:\Users\yasha\Desktop\IMG\center_2026_07_31_14_40_03_101.jpg,C:\Users\yasha\Desktop\IMG\left_2026_07_31_14_40_03_101.jpg,C:\Users\yasha\Desktop\IMG\right_2026_07_31_14_40_03_101.jpg,0,1,0,30.19032
C:\Users\yasha\Desktop\IMG\center_2026_07_31_14_40_03_177.jpg,C:\Users\yasha\Desktop\IMG\left_2026_07_31_14_40_03_177.jpg,C:\Users\yasha\Desktop\IMG\right_2026_07_31_14_40_03_177.jpg,0,1,0,30.19028
C:\Users\yasha\Desktop\IMG\center_2026_07_31_14_40_03_251.jpg,C:\Users\yasha\Desktop\IMG\left_2026_07_31_14_40_03_251.jpg,C:\Users\yasha\Desktop\IMG\right_2026_07_31_14_40_03_251.jpg,0,1,0,30.19033
C:\Users\yasha\Desktop\IMG\center_2026_07_31_14_40_03_326.jpg,C:\Users\yasha\Desktop\IMG\left_2026_07_31_14_40_03_326.jpg,C:\Users\yasha\Desktop\IMG\right_2026_07_31_14_40_03_326.jpg,0,1,0,30.19029
C:\Users\yasha\Desktop\IMG\center_2026_07_31_14_40_03_393.jpg,C:\Users\yasha\Desktop\IMG\left_2026_07_31_14_40_03_393.jpg,C:\Users\yasha\Desktop\IMG\right_2026_07_31_14_40_03_393.jpg,0,1,0,30.19025
C:\Users\yasha\Desktop\IMG\center_2026_07_31_14_40_03_462.jpg,C:\Users\yasha\Desktop\IMG\left_2026_07_31_14_40_03_462.jpg,C:\Users\yasha\Desktop\IMG\right_2026_07_31_14_40_03_462.jpg,0,1,0,30.19024
C:\Users\yasha\Desktop\IMG\center_2026_07_31_14_40_03_544.jpg,C:\Users\yasha\Desktop\IMG\left_2026_07_31_14_40_03_544.jpg,C:\Users\yasha\Desktop\IMG\right_2026_07_31_14_40_03_544.jpg,0,1,0,30.19026
C:\Users\yasha\Desktop\IMG\center_2026_07_31_14_40_03_614.jpg,C:\Users\yasha\Desktop\IMG\left_2026_07_31_14_40_03_614.jpg,C:\Users\yasha\Desktop\IMG\right_2026_07_31_14_40_03_614.jpg,0,1,0,30.19031
C:\Users\yasha\Desktop\IMG\center_2026_07_31_14_40_03_691.jpg,C:\Users\yasha\Desktop\IMG\left_2026_07_31_14_40_03_691.jpg,C:\Users\yasha\Desktop\IMG\right_2026_07_31_14_40_03_691.jpg,0,1,0,30.19031
C:\Users\yasha\Desktop\IMG\center_2026_07_31_14_40_03_765.jpg,C:\Users\yasha\Desktop\IMG\left_2026_07_31_14_40_03_765.jpg,C:\Users\yasha\Desktop\IMG\right_2026_07_31_14_40_03_765.jpg,0,1,0,30.19027
C:\Users\yasha\Desktop\IMG\center_2026_07_31_14_40_03_833.jpg,C:\Users\yasha\Desktop\IMG\left_2026_07_31_14_40_03_833.jpg,C:\Users\yasha\Desktop\IMG\right_2026_07_31_14_40_03_833.jpg,0,1,0,30.19036
C:\Users\yasha\Desktop\IMG\center_2026_07_31_14_40_03_917.jpg,C:\Users\yasha\Desktop\IMG\left_2026_07_31_14_40_03_917.jpg,C:\Users\yasha\Desktop\IMG\right_2026_07_31_14_40_03_917.jpg,0,1,0,30.19029
C:\Users\yasha\Desktop\IMG\center_2026_07_31_14_40_03_994.jpg,C:\Users\yasha\Desktop\IMG\left_2026_07_31_14_40_03_994.jpg,C:\Users\yasha\Desktop\IMG\right_2026_07_31_14_40_03_994.jpg,-0.2,1,0,30.17983
C:\Users\yasha\Desktop\IMG\center_2026_07_31_14_40_04_067.jpg,C:\Users\yasha\Desktop\IMG\left_2026_07_31_14_40_04_067.jpg,C:\Users\yasha\Desktop\IMG\right_2026_07_31_14_40_04_067.jpg,-0.4,1,0,30.1575
C:\Users\yasha\Desktop\IMG\center_2026_07_31_14_40_04_145.jpg,C:\Users\yasha\Desktop\IMG\left_2026_07_31_14_40_04_145.jpg,C:\Users\yasha\Desktop\IMG\right_2026_07_31_14_40_04_145.jpg,0,1,0,30.18573
C:\Users\yasha\Desktop\IMG\center_2026_07_31_14_40_04_230.jpg,C:\Users\yasha\Desktop\IMG\left_2026_07_31_14_40_04_230.jpg,C:\Users\yasha\Desktop\IMG\right_2026_07_31_14_40_04_230.jpg,0,1,0,30.18892
C:\Users\yasha\Desktop\IMG\center_2026_07_31_14_40_04_299.jpg,C:\Users\yasha\Desktop\IMG\left_2026_07_31_14_40_04_299.jpg,C:\Users\yasha\Desktop\IMG\right_2026_07_31_14_40_04_299.jpg,0,1,0,30.18996
C:\Users\yasha\Desktop\IMG\center_2026_07_31_14_40_04_366.jpg,C:\Users\yasha\Desktop\IMG\left_2026_07_31_14_40_04_366.jpg,C:\Users\yasha\Desktop\IMG\right_2026_07_31_14_40_04_366.jpg,0,1,0,30.19022
C:\Users\yasha\Desktop\IMG\center_2026_07_31_14_40_04_441.jpg,C:\Users\yasha\Desktop\IMG\left_2026_07_31_14_40_04_441.jpg,C:\Users\yasha\Desktop\IMG\right_2026_07_31_14_40_04_441.jpg,0,1,0,30.19029
C:\Users\yasha\Desktop\IMG\center_2026_07_31_14_40_04_509.jpg,C:\Users\yasha\Desktop\IMG\left_2026_07_31_14_40_04_509.jpg,C:\Users\yasha\Desktop\IMG\right_2026_07_31_14_40_04_509.jpg,0,1,0,30.19036
C:\Users\yasha\Desktop\IMG\center_2026_07_31_14_40_04_587.jpg,C:\Users\yasha\Desktop\IMG\left_2026_07_31_14_40_04_587.jpg,C:\Users\yasha\Desktop\IMG\right_2026_07_31_14_40_04_587.jpg,0,1,0,30.1903
C:\Users\yasha\Desktop\IMG\center_2026_07_31_14_40_04_661.jpg,C:\Users\yasha\Desktop\IMG\left_2026_07_31_14_40_04_661.jpg,C:\Users\yasha\Desktop\IMG\right_2026_07_31_14_40_04_661.jpg,0,1,0,30.19027
C:\Users\yasha\Desktop\IMG\center_2026_07_31_14_40_04_737.jpg,C:\Users\yasha\Desktop\IMG\left_2026_07_31_14_40_04_737.jpg,C:\Users\yasha\Desktop\IMG\right_2026_07_31_14_40_04_737.jpg,0,1,0,30.1903
C:\Users\yasha\Desktop\IMG\center_2026_07_31_14_40_04_819.jpg,C:\Users\yasha\Desktop\IMG\left_2026_07_31_14_40_04_819.jpg,C:\Users\yasha\Desktop\IMG\right_2026_07_31_14_40_04_819.jpg,0,1,0,30.19029
C:\Users\yasha\Desktop\IMG\center_2026_07_31_14_40_04_901.jpg,C:\Users\yasha\Desktop\IMG\left_2026_07_31_14_40_04_901.jpg,C:\Users\yasha\Desktop\IMG\right_2026_07_31_14_40_04_901.jpg,-0.05,1,0,30.18967
C:\Users\yasha\Desktop\IMG\center_2026_07_31_14_40_04_974.jpg,C:\Users\yasha\Desktop\IMG\left_2026_07_31_14_40_04_974.jpg,C:\Users\yasha\Desktop\IMG\right_2026_07_31_14_40_04_974.jpg,-0.2,1,0,30.17976
C:\Users\yasha\Desktop\IMG\center_2026_07_31_14_40_05_045.jpg,C:\Users\yasha\Desktop\IMG\left_2026_07_31_14_40_05_045.jpg,C:\Users\yasha\Desktop\IMG\right_2026_07_31_14_40_05_045.jpg,0,1,0,30.18932
C:\Users\yasha\Desktop\IMG\center_2026_07_31_14_40_05_125.jpg,C:\Users\yasha\Desktop\IMG\left_2026_07_31_14_40_05_125.jpg,C:\Users\yasha\Desktop\IMG\right_2026_07_31_14_40_05_125.jpg,0,1,0,30.1902
C:\Users\yasha\Desktop\IMG\center_2026_07_31_14_40_05_193.jpg,C:\Users\yasha\Desktop\IMG\left_2026_07_31_14_40_05_193.jpg,C:\Users\yasha\Desktop\IMG\right_2026_07_31_14_40_05_193.jpg,0,1,0,30.19026
C:\Users\yasha\Desktop\IMG\center_2026_07_31_14_40_05_264.jpg,C:\Users\yasha\Desktop\IMG\left_2026_07_31_14_40_05_264.jpg,C:\Users\yasha\Desktop\IMG\right_2026_07_31_14_40_05_264.jpg,0,1,0,30.1903
C:\Users\yasha\Desktop\IMG\center_2026_07_31_14_40_05_333.jpg,C:\Users\yasha\Desktop\IMG\left_2026_07_31_14_40_05_333.jpg,C:\Users\yasha\Desktop\IMG\right_2026_07_31_14_40_05_333.jpg,0,1,0,30.19021
C:\Users\yasha\Desktop\IMG\center_2026_07_31_14_40_05_405.jpg,C:\Users\yasha\Desktop\IMG\left_2026_07_31_14_40_05_405.jpg,C:\Users\yasha\Desktop\IMG\right_2026_07_31_14_40_05_405.jpg,0,1,0,30.19029
C:\Users\yasha\Desktop\IMG\center_2026_07_31_14_40_05_475.jpg,C:\Users\yasha\Desktop\IMG\left_2026_07_31_14_40_05_475.jpg,C:\Users\yasha\Desktop\IMG\right_2026_07_31_14_40_05_475.jpg,0,1,0,30.19024
C:\Users\yasha\Desktop\IMG\center_2026_07_31_14_40_05_546.jpg,C:\Users\yasha\Desktop\IMG\left_2026_07_31_14_40_05_546.jpg,C:\Users\yasha\Desktop\IMG\right_2026_07_31_14_40_05_546.jpg,0,1,0,30.19027
C:\Users\yasha\Desktop\IMG\center_2026_07_31_14_40_05_634.jpg,C:\Users\yasha\Desktop\IMG\left_2026_07_31_14_40_05_634.jpg,C:\Users\yasha\Desktop\IMG\right_2026_07_31_14_40_05_634.jpg,0,1,0,30.19029
C:\Users\yasha\Desktop\IMG\center_2026_07_31_14_40_05_703.jpg,C:\Users\yasha\Desktop\IMG\left_2026_07_31_14_40_05_703.jpg,C:\Users\yasha\Desktop\IMG\right_2026_07_31_14_40_05_703.jpg,-0.15,1,0,30.1842
C:\Users\yasha\Desktop\IMG\center_2026_07_31_14_40_05_793.jpg,C:\Users\yasha\Desktop\IMG\left_2026_07_31_14_40_05_793.jpg,C:\Users\yasha\Desktop\IMG\right_2026_07_31_14_40_05_793.jpg,-0.35,1,0,30.16343
C:\Users\yasha\Desktop\IMG\center_2026_07_31_14_40_05_862.jpg,C:\Users\yasha\Desktop\IMG\left_2026_07_31_14_40_05_862.jpg,C:\Users\yasha\Desktop\IMG\right_2026_07_31_14_40_05_862.jpg,0,1,0,30.18952
C:\Users\yasha\Desktop\IMG\center_2026_07_31_14_40_05_929.jpg,C:\Users\yasha\Desktop\IMG\left_2026_07_31_14_40_05_929.jpg,C:\Users\yasha\Desktop\IMG\right_2026_07_31_14_40_05_929.jpg,0,1,0,30.18998
C:\Users\yasha\Desktop\IMG\center_2026_07_31_14_40_05_996.jpg,C:\Users\yasha\Desktop\IMG\left_2026_07_31_14_40_05_996.jpg,C:\Users\yasha\Desktop\IMG\right_2026_07_31_14_40_05_996.jpg,0,1,0,30.19018
C:\Users\yasha\Desktop\IMG\center_2026_07_31_14_40_06_064.jpg,C:\Users\yasha\Desktop\IMG\left_2026_07_31_14_40_06_064.jpg,C:\Users\yasha\Desktop\IMG\right_2026_07_31_14_40_06_064.jpg,0,1,0,30.19027
C:\Users\yasha\Desktop\IMG\center_2026_07_31_14_40_06_139.jpg,C:\Users\yasha\Desktop\IMG\left_2026_07_31_14_40_06_139.jpg,C:\Users\yasha\Desktop\IMG\right_2026_07_31_14_40_06_139.jpg,0,1,0,30.19034
C:\Users\yasha\Desktop\IMG\center_2026_07_31_14_40_06_222.jpg,C:\Users\yasha\Desktop\IMG\left_2026_07_31_14_40_06_222.jpg,C:\Users\yasha\Desktop\IMG\right_2026_07_31_14_40_06_222.jpg,0,1,0,30.19028
C:\Users\yasha\Desktop\IMG\center_2026_07_31_14_40_06_291.jpg,C:\Users\yasha\Desktop\IMG\left_2026_07_31_14_40_06_291.jpg,C:\Users\yasha\Desktop\IMG\right_2026_07_31_14_40_06_291.jpg,0,1,0,30.19031
C:\Users\yasha\Desktop\IMG\center_2026_07_31_14_40_06_363.jpg,C:\Users\yasha\Desktop\IMG\left_2026_07_31_14_40_06_363.jpg,C:\Users\yasha\Desktop\IMG\right_2026_07_31_14_40_06_363.jpg,0,1,0,30.19007
C:\Users\yasha\Desktop\IMG\center_2026_07_31_14_40_06_438.jpg,C:\Users\yasha\Desktop\IMG\left_2026_07_31_14_40_06_438.jpg,C:\Users\yasha\Desktop\IMG\right_2026_07_31_14_40_06_438.jpg,0,1,0,30.19034
C:\Users\yasha\Desktop\IMG\center_2026_07_31_14_40_06_525.jpg,C:\Users\yasha\Desktop\IMG\left_2026_07_31_14_40_06_525.jpg,C:\Users\yasha\Desktop\IMG\right_2026_07_31_14_40_06_525.jpg,0,1,0,30.19023
C:\Users\yasha\Desktop\IMG\center_2026_07_31_14_40_06_599.jpg,C:\Users\yasha\Desktop\IMG\left_2026_07_31_14_40_06_599.jpg,C:\Users\yasha\Desktop\IMG\right_2026_07_31_14_40_06_599.jpg,0,1,0,30.19023
C:\Users\yasha\Desktop\IMG\center_2026_07_31_14_40_06_680.jpg,C:\Users\yasha\Desktop\IMG\left_2026_07_31_14_40_06_680.jpg,C:\Users\yasha\Desktop\IMG\right_2026_07_31_14_40_06_680.jpg,0,1,0,30.19031
C:\Users\yasha\Desktop\IMG\center_2026_07_31_14_40_06_767.jpg,C:\Users\yasha\Desktop\IMG\left_2026_07_31_14_40_06_767.jpg,C:\Users\yasha\Desktop\IMG\right_2026_07_31_14_40_06_767.jpg,0,1,0,30.19029
C:\Users\yasha\Desktop\IMG\center_2026_07_31_14_40_06_851.jpg,C:\Users\yasha\Desktop\IMG\left_2026_07_31_14_40_06_851.jpg,C:\Users\yasha\Desktop\IMG\right_2026_07_31_14_40_06_851.jpg,-0.05,1,0,30.18974
C:\Users\yasha\Desktop\IMG\center_2026_07_31_14_40_06_943.jpg,C:\Users\yasha\Desktop\IMG\left_2026_07_31_14_40_06_943.jpg,C:\Users\yasha\Desktop\IMG\right_2026_07_31_14_40_06_943.jpg,-0.3,1,0,30.16924
C:\Users\yasha\Desktop\IMG\center_2026_07_31_14_40_07_031.jpg,C:\Users\yasha\Desktop\IMG\left_2026_07_31_14_40_07_031.jpg,C:\Users\yasha\Desktop\IMG\right_2026_07_31_14_40_07_031.jpg,0,1,0,30.18991
C:\Users\yasha\Desktop\IMG\center_2026_07_31_14_40_07_114.jpg,C:\Users\yasha\Desktop\IMG\left_2026_07_31_14_40_07_114.jpg,C:\Users\yasha\Desktop\IMG\right_2026_07_31_14_40_07_114.jpg,0,1,0,30.19019
C:\Users\yasha\Desktop\IMG\center_2026_07_31_14_40_07_198.jpg,C:\Users\yasha\Desktop\IMG\left_2026_07_31_14_40_07_198.jpg,C:\Users\yasha\Desktop\IMG\right_2026_07_31_14_40_07_198.jpg,0,1,0,30.19028
C:\Users\yasha\Desktop\IMG\center_2026_07_31_14_40_07_278.jpg,C:\Users\yasha\Desktop\IMG\left_2026_07_31_14_40_07_278.jpg,C:\Users\yasha\Desktop\IMG\right_2026_07_31_14_40_07_278.jpg,0,1,0,30.1903
C:\Users\yasha\Desktop\IMG\center_2026_07_31_14_40_07_361.jpg,C:\Users\yasha\Desktop\IMG\left_2026_07_31_14_40_07_361.jpg,C:\Users\yasha\Desktop\IMG\right_2026_07_31_14_40_07_361.jpg,0,1,0,30.19032
C:\Users\yasha\Desktop\IMG\center_2026_07_31_14_40_07_450.jpg,C:\Users\yasha\Desktop\IMG\left_2026_07_31_14_40_07_450.jpg,C:\Users\yasha\Desktop\IMG\right_2026_07_31_14_40_07_450.jpg,-0.15,1,0,30.18432
C:\Users\yasha\Desktop\IMG\center_2026_07_31_14_40_07_529.jpg,C:\Users\yasha\Desktop\IMG\left_2026_07_31_14_40_07_529.jpg,C:\Users\yasha\Desktop\IMG\right_2026_07_31_14_40_07_529.jpg,0,1,0,30.19071
C:\Users\yasha\Desktop\IMG\center_2026_07_31_14_40_07_610.jpg,C:\Users\yasha\Desktop\IMG\left_2026_07_31_14_40_07_610.jpg,C:\Users\yasha\Desktop\IMG\right_2026_07_31_14_40_07_610.jpg,0,1,0,30.1901
C:\Users\yasha\Desktop\IMG\center_2026_07_31_14_40_07_694.jpg,C:\Users\yasha\Desktop\IMG\left_2026_07_31_14_40_07_694.jpg,C:\Users\yasha\Desktop\IMG\right_2026_07_31_14_40_07_694.jpg,-0.05,1,0,30.18995
C:\Users\yasha\Desktop\IMG\center_2026_07_31_14_40_07_780.jpg,C:\Users\yasha\Desktop\IMG\left_2026_07_31_14_40_07_780.jpg,C:\Users\yasha\Desktop\IMG\right_2026_07_31_14_40_07_780.jpg,-0.25,1,0,30.176
C:\Users\yasha\Desktop\IMG\center_2026_07_31_14_40_07_862.jpg,C:\Users\yasha\Desktop\IMG\left_2026_07_31_14_40_07_862.jpg,C:\Users\yasha\Desktop\IMG\right_2026_07_31_14_40_07_862.jpg,0,1,0,30.18879
C:\Users\yasha\Desktop\IMG\center_2026_07_31_14_40_07_943.jpg,C:\Users\yasha\Desktop\IMG\left_2026_07_31_14_40_07_943.jpg,C:\Users\yasha\Desktop\IMG\right_2026_07_31_14_40_07_943.jpg,-0.1,1,0,30.1904
C:\Users\yasha\Desktop\IMG\center_2026_07_31_14_40_08_024.jpg,C:\Users\yasha\Desktop\IMG\left_2026_07_31_14_40_08_024.jpg,C:\Users\yasha\Desktop\IMG\right_2026_07_31_14_40_08_024.jpg,-0.3,1,0,30.17449
C:\Users\yasha\Desktop\IMG\center_2026_07_31_14_40_08_108.jpg,C:\Users\yasha\Desktop\IMG\left_2026_07_31_14_40_08_108.jpg,C:\Users\yasha\Desktop\IMG\right_2026_07_31_14_40_08_108.jpg,0,1,0,30.18829
C:\Users\yasha\Desktop\IMG\center_2026_07_31_14_40_08_188.jpg,C:\Users\yasha\Desktop\IMG\left_2026_07_31_14_40_08_188.jpg,C:\Users\yasha\Desktop\IMG\right_2026_07_31_14_40_08_188.jpg,0,1,0,30.18995
C:\Users\yasha\Desktop\IMG\center_2026_07_31_14_40_08_261.jpg,C:\Users\yasha\Desktop\IMG\left_2026_07_31_14_40_08_261.jpg,C:\Users\yasha\Desktop\IMG\right_2026_07_31_14_40_08_261.jpg,-0.15,1,0,30.18617
C:\Users\yasha\Desktop\IMG\center_2026_07_31_14_40_08_337.jpg,C:\Users\yasha\Desktop\IMG\left_2026_07_31_14_40_08_337.jpg,C:\Users\yasha\Desktop\IMG\right_2026_07_31_14_40_08_337.jpg,-0.3,1,0,30.17178
C:\Users\yasha\Desktop\IMG\center_2026_07_31_14_40_08_412.jpg,C:\Users\yasha\Desktop\IMG\left_2026_07_31_14_40_08_412.jpg,C:\Users\yasha\Desktop\IMG\right_2026_07_31_14_40_08_412.jpg,0,1,0,30.18837
C:\Users\yasha\Desktop\IMG\center_2026_07_31_14_40_08_494.jpg,C:\Users\yasha\Desktop\IMG\left_2026_07_31_14_40_08_494.jpg,C:\Users\yasha\Desktop\IMG\right_2026_07_31_14_40_08_494.jpg,0,1,0,30.18997
C:\Users\yasha\Desktop\IMG\center_2026_07_31_14_40_08_578.jpg,C:\Users\yasha\Desktop\IMG\left_2026_07_31_14_40_08_578.jpg,C:\Users\yasha\Desktop\IMG\right_2026_07_31_14_40_08_578.jpg,0,1,0,30.19022
C:\Users\yasha\Desktop\IMG\center_2026_07_31_14_40_08_658.jpg,C:\Users\yasha\Desktop\IMG\left_2026_07_31_14_40_08_658.jpg,C:\Users\yasha\Desktop\IMG\right_2026_07_31_14_40_08_658.jpg,-0.05,1,0,30.18991
C:\Users\yasha\Desktop\IMG\center_2026_07_31_14_40_08_730.jpg,C:\Users\yasha\Desktop\IMG\left_2026_07_31_14_40_08_730.jpg,C:\Users\yasha\Desktop\IMG\right_2026_07_31_14_40_08_730.jpg,-0.25,1,0,30.17555
C:\Users\yasha\Desktop\IMG\center_2026_07_31_14_40_08_805.jpg,C:\Users\yasha\Desktop\IMG\left_2026_07_31_14_40_08_805.jpg,C:\Users\yasha\Desktop\IMG\right_2026_07_31_14_40_08_805.jpg,0,1,0,30.18894
C:\Users\yasha\Desktop\IMG\center_2026_07_31_14_40_08_883.jpg,C:\Users\yasha\Desktop\IMG\left_2026_07_31_14_40_08_883.jpg,C:\Users\yasha\Desktop\IMG\right_2026_07_31_14_40_08_883.jpg,0,1,0,30.1901
C:\Users\yasha\Desktop\IMG\center_2026_07_31_14_40_08_959.jpg,C:\Users\yasha\Desktop\IMG\left_2026_07_31_14_40_08_959.jpg,C:\Users\yasha\Desktop\IMG\right_2026_07_31_14_40_08_959.jpg,0,1,0,30.19028
C:\Users\yasha\Desktop\IMG\center_2026_07_31_14_40_09_032.jpg,C:\Users\yasha\Desktop\IMG\left_2026_07_31_14_40_09_032.jpg,C:\Users\yasha\Desktop\IMG\right_2026_07_31_14_40_09_032.jpg,0,1,0,30.19032
C:\Users\yasha\Desktop\IMG\center_2026_07_31_14_40_09_108.jpg,C:\Users\yasha\Desktop\IMG\left_2026_07_31_14_40_09_108.jpg,C:\Users\yasha\Desktop\IMG\right_2026_07_31_14_40_09_108.jpg,0,1,0,30.19047
C:\Users\yasha\Desktop\IMG\center_2026_07_31_14_40_09_179.jpg,C:\Users\yasha\Desktop\IMG\left_2026_07_31_14_40_09_179.jpg,C:\Users\yasha\Desktop\IMG\right_2026_07_31_14_40_09_179.jpg,0,1,0,30.19024
C:\Users\yasha\Desktop\IMG\center_2026_07_31_14_40_09_259.jpg,C:\Users\yasha\Desktop\IMG\left_2026_07_31_14_40_09_259.jpg,C:\Users\yasha\Desktop\IMG\right_2026_07_31_14_40_09_259.jpg,0,1,0,30.19027
C:\Users\yasha\Desktop\IMG\center_2026_07_31_14_40_09_343.jpg,C:\Users\yasha\Desktop\IMG\left_2026_07_31_14_40_09_343.jpg,C:\Users\yasha\Desktop\IMG\right_2026_07_31_14_40_09_343.jpg,0,1,0,30.19026
C:\Users\yasha\Desktop\IMG\center_2026_07_31_14_40_09_417.jpg,C:\Users\yasha\Desktop\IMG\left_2026_07_31_14_40_09_417.jpg,C:\Users\yasha\Desktop\IMG\right_2026_07_31_14_40_09_417.jpg,-0.15,1,0,30.18418
C:\Users\yasha\Desktop\IMG\center_2026_07_31_14_40_09_492.jpg,C:\Users\yasha\Desktop\IMG\left_2026_07_31_14_40_09_492.jpg,C:\Users\yasha\Desktop\IMG\right_2026_07_31_14_40_09_492.jpg,0,1,0,30.18455
C:\Users\yasha\Desktop\IMG\center_2026_07_31_14_40_09_567.jpg,C:\Users\yasha\Desktop\IMG\left_2026_07_31_14_40_09_567.jpg,C:\Users\yasha\Desktop\IMG\right_2026_07_31_14_40_09_567.jpg,0,1,0,30.18978
C:\Users\yasha\Desktop\IMG\center_2026_07_31_14_40_09_642.jpg,C:\Users\yasha\Desktop\IMG\left_2026_07_31_14_40_09_642.jpg,C:\Users\yasha\Desktop\IMG\right_2026_07_31_14_40_09_642.jpg,0,1,0,30.19016
C:\Users\yasha\Desktop\IMG\center_2026_07_31_14_40_09_714.jpg,C:\Users\yasha\Desktop\IMG\left_2026_07_31_14_40_09_714.jpg,C:\Users\yasha\Desktop\IMG\right_2026_07_31_14_40_09_714.jpg,-0.1,1,0,30.18858
C:\Users\yasha\Desktop\IMG\center_2026_07_31_14_40_09_793.jpg,C:\Users\yasha\Desktop\IMG\left_2026_07_31_14_40_09_793.jpg,C:\Users\yasha\Desktop\IMG\right_2026_07_31_14_40_09_793.jpg,-0.3,1,0,30.17054
C:\Users\yasha\Desktop\IMG\center_2026_07_31_14_40_09_864.jpg,C:\Users\yasha\Desktop\IMG\left_2026_07_31_14_40_09_864.jpg,C:\Users\yasha\Desktop\IMG\right_2026_07_31_14_40_09_864.jpg,0,1,0,30.1895
C:\Users\yasha\Desktop\IMG\center_2026_07_31_14_40_09_936.jpg,C:\Users\yasha\Desktop\IMG\left_2026_07_31_14_40_09_936.jpg,C:\Users\yasha\Desktop\IMG\right_2026_07_31_14_40_09_936.jpg,-0.1,1,0,30.18952
C:\Users\yasha\Desktop\IMG\center_2026_07_31_14_40_10_013.jpg,C:\Users\yasha\Desktop\IMG\left_2026_07_31_14_40_10_013.jpg,C:\Users\yasha\Desktop\IMG\right_2026_07_31_14_40_10_013.jpg,-0.3,1,0,30.17225
C:\Users\yasha\Desktop\IMG\center_2026_07_31_14_40_10_083.jpg,C:\Users\yasha\Desktop\IMG\left_2026_07_31_14_40_10_083.jpg,C:\Users\yasha\Desktop\IMG\right_2026_07_31_14_40_10_083.jpg,0,1,0,30.188
C:\Users\yasha\Desktop\IMG\center_2026_07_31_14_40_10_156.jpg,C:\Users\yasha\Desktop\IMG\left_2026_07_31_14_40_10_156.jpg,C:\Users\yasha\Desktop\IMG\right_2026_07_31_14_40_10_156.jpg,-0.1,1,0,30.19058
C:\Users\yasha\Desktop\IMG\center_2026_07_31_14_40_10_231.jpg,C:\Users\yasha\Desktop\IMG\left_2026_07_31_14_40_10_231.jpg,C:\Users\yasha\Desktop\IMG\right_2026_07_31_14_40_10_231.jpg,-0.3,1,0,30.17569
C:\Users\yasha\Desktop\IMG\center_2026_07_31_14_40_10_315.jpg,C:\Users\yasha\Desktop\IMG\left_2026_07_31_14_40_10_315.jpg,C:\Users\yasha\Desktop\IMG\right_2026_07_31_14_40_10_315.jpg,0,1,0,30.18711
C:\Users\yasha\Desktop\IMG\center_2026_07_31_14_40_10_391.jpg,C:\Users\yasha\Desktop\IMG\left_2026_07_31_14_40_10_391.jpg,C:\Users\yasha\Desktop\IMG\right_2026_07_31_14_40_10_391.jpg,-0.15,1,0,30.18927
C:\Users\yasha\Desktop\IMG\center_2026_07_31_14_40_10_468.jpg,C:\Users\yasha\Desktop\IMG\left_2026_07_31_14_40_10_468.jpg,C:\Users\yasha\Desktop\IMG\right_2026_07_31_14_40_10_468.jpg,-0.35,1,0,30.17001
C:\Users\yasha\Desktop\IMG\center_2026_07_31_14_40_10_534.jpg,C:\Users\yasha\Desktop\IMG\left_2026_07_31_14_40_10_534.jpg,C:\Users\yasha\Desktop\IMG\right_2026_07_31_14_40_10_534.jpg,0,1,0,30.18831
C:\Users\yasha\Desktop\IMG\center_2026_07_31_14_40_10_608.jpg,C:\Users\yasha\Desktop\IMG\left_2026_07_31_14_40_10_608.jpg,C:\Users\yasha\Desktop\IMG\right_2026_07_31_14_40_10_608.jpg,-0.05,1,0,30.19023
C:\Users\yasha\Desktop\IMG\center_2026_07_31_14_40_10_683.jpg,C:\Users\yasha\Desktop\IMG\left_2026_07_31_14_40_10_683.jpg,C:\Users\yasha\Desktop\IMG\right_2026_07_31_14_40_10_683.jpg,-0.25,1,0,30.17852
C:\Users\yasha\Desktop\IMG\center_2026_07_31_14_40_10_761.jpg,C:\Users\yasha\Desktop\IMG\left_2026_07_31_14_40_10_761.jpg,C:\Users\yasha\Desktop\IMG\right_2026_07_31_14_40_10_761.jpg,-0.45,1,0,30.15434
C:\Users\yasha\Desktop\IMG\center_2026_07_31_14_40_10_842.jpg,C:\Users\yasha\Desktop\IMG\left_2026_07_31_14_40_10_842.jpg,C:\Users\yasha\Desktop\IMG\right_2026_07_31_14_40_10_842.jpg,0,1,0,30.18788
C:\Users\yasha\Desktop\IMG\center_2026_07_31_14_40_10_924.jpg,C:\Users\yasha\Desktop\IMG\left_2026_07_31_14_40_10_924.jpg,C:\Users\yasha\Desktop\IMG\right_2026_07_31_14_40_10_924.jpg,0,1,0,30.18996
C:\Users\yasha\Desktop\IMG\center_2026_07_31_14_40_11_000.jpg,C:\Users\yasha\Desktop\IMG\left_2026_07_31_14_40_11_000.jpg,C:\Users\yasha\Desktop\IMG\right_2026_07_31_14_40_11_000.jpg,0,1,0,30.19018
C:\Users\yasha\Desktop\IMG\center_2026_07_31_14_40_11_078.jpg,C:\Users\yasha\Desktop\IMG\left_2026_07_31_14_40_11_078.jpg,C:\Users\yasha\Desktop\IMG\right_2026_07_31_14_40_11_078.jpg,0,1,0,30.19033
C:\Users\yasha\Desktop\IMG\center_2026_07_31_14_40_11_149.jpg,C:\Users\yasha\Desktop\IMG\left_2026_07_31_14_40_11_149.jpg,C:\Users\yasha\Desktop\IMG\right_2026_07_31_14_40_11_149.jpg,0,1,0,30.1903
C:\Users\yasha\Desktop\IMG\center_2026_07_31_14_40_11_226.jpg,C:\Users\yasha\Desktop\IMG\left_2026_07_31_14_40_11_226.jpg,C:\Users\yasha\Desktop\IMG\right_2026_07_31_14_40_11_226.jpg,0,1,0,30.19031
C:\Users\yasha\Desktop\IMG\center_2026_07_31_14_40_11_304.jpg,C:\Users\yasha\Desktop\IMG\left_2026_07_31_14_40_11_304.jpg,C:\Users\yasha\Desktop\IMG\right_2026_07_31_14_40_11_304.jpg,0,1,0,30.19031
C:\Users\yasha\Desktop\IMG\center_2026_07_31_14_40_11_378.jpg,C:\Users\yasha\Desktop\IMG\left_2026_07_31_14_40_11_378.jpg,C:\Users\yasha\Desktop\IMG\right_2026_07_31_14_40_11_378.jpg,0,1,0,30.19033
C:\Users\yasha\Desktop\IMG\center_2026_07_31_14_40_11_447.jpg,C:\Users\yasha\Desktop\IMG\left_2026_07_31_14_40_11_447.jpg,C:\Users\yasha\Desktop\IMG\right_2026_07_31_14_40_11_447.jpg,0,1,0,30.19028
C:\Users\yasha\Desktop\IMG\center_2026_07_31_14_40_11_525.jpg,C:\Users\yasha\Desktop\IMG\left_2026_07_31_14_40_11_525.jpg,C:\Users\yasha\Desktop\IMG\right_2026_07_31_14_40_11_525.jpg,-0.1,1,0,30.18771
C:\Users\yasha\Desktop\IMG\center_2026_07_31_14_40_11_603.jpg,C:\Users\yasha\Desktop\IMG\left_2026_07_31_14_40_11_603.jpg,C:\Users\yasha\Desktop\IMG\right_2026_07_31_14_40_11_603.jpg,-0.3,1,0,30.16918
C:\Users\yasha\Desktop\IMG\center_2026_07_31_14_40_11_676.jpg,C:\Users\yasha\Desktop\IMG\left_2026_07_31_14_40_11_676.jpg,C:\Users\yasha\Desktop\IMG\right_2026_07_31_14_40_11_676.jpg,0,1,0,30.19013
C:\Users\yasha\Desktop\IMG\center_2026_07_31_14_40_11_749.jpg,C:\Users\yasha\Desktop\IMG\left_2026_07_31_14_40_11_749.jpg,C:\Users\yasha\Desktop\IMG\right_2026_07_31_14_40_11_749.jpg,-0.05,1,0,30.19019
C:\Users\yasha\Desktop\IMG\center_2026_07_31_14_40_11_819.jpg,C:\Users\yasha\Desktop\IMG\left_2026_07_31_14_40_11_819.jpg,C:\Users\yasha\Desktop\IMG\right_2026_07_31_14_40_11_819.jpg,-0.2,1,0,30.18336
C:\Users\yasha\Desktop\IMG\center_2026_07_31_14_40_11_892.jpg,C:\Users\yasha\Desktop\IMG\left_2026_07_31_14_40_11_892.jpg,C:\Users\yasha\Desktop\IMG\right_2026_07_31_14_40_11_892.jpg,0,1,0,30.1896
C:\Users\yasha\Desktop\IMG\center_2026_07_31_14_40_11_961.jpg,C:\Users\yasha\Desktop\IMG\left_2026_07_31_14_40_11_961.jpg,C:\Users\yasha\Desktop\IMG\right_2026_07_31_14_40_11_961.jpg,0,1,0,30.18993
C:\Users\yasha\Desktop\IMG\center_2026_07_31_14_40_12_037.jpg,C:\Users\yasha\Desktop\IMG\left_2026_07_31_14_40_12_037.jpg,C:\Users\yasha\Desktop\IMG\right_2026_07_31_14_40_12_037.jpg,-0.15,1,0,30.18659
C:\Users\yasha\Desktop\IMG\center_2026_07_31_14_40_12_111.jpg,C:\Users\yasha\Desktop\IMG\left_2026_07_31_14_40_12_111.jpg,C:\Users\yasha\Desktop\IMG\right_2026_07_31_14_40_12_111.jpg,-0.35,1,0,30.16613
C:\Users\yasha\Desktop\IMG\center_2026_07_31_14_40_12_182.jpg,C:\Users\yasha\Desktop\IMG\left_2026_07_31_14_40_12_182.jpg,C:\Users\yasha\Desktop\IMG\right_2026_07_31_14_40_12_182.jpg,0,1,0,30.18937
C:\Users\yasha\Desktop\IMG\center_2026_07_31_14_40_12_257.jpg,C:\Users\yasha\Desktop\IMG\left_2026_07_31_14_40_12_257.jpg,C:\Users\yasha\Desktop\IMG\right_2026_07_31_14_40_12_257.jpg,-0.1,1,0,30.18994
C:\Users\yasha\Desktop\IMG\center_2026_07_31_14_40_12_332.jpg,C:\Users\yasha\Desktop\IMG\left_2026_07_31_14_40_12_332.jpg,C:\Users\yasha\Desktop\IMG\right_2026_07_31_14_40_12_332.jpg,-0.3,1,0,30.17312
C:\Users\yasha\Desktop\IMG\center_2026_07_31_14_40_12_414.jpg,C:\Users\yasha\Desktop\IMG\left_2026_07_31_14_40_12_414.jpg,C:\Users\yasha\Desktop\IMG\right_2026_07_31_14_40_12_414.jpg,0,1,0,30.18801
C:\Users\yasha\Desktop\IMG\center_2026_07_31_14_40_12_491.jpg,C:\Users\yasha\Desktop\IMG\left_2026_07_31_14_40_12_491.jpg,C:\Users\yasha\Desktop\IMG\right_2026_07_31_14_40_12_491.jpg,0,1,0,30.1896
C:\Users\yasha\Desktop\IMG\center_2026_07_31_14_40_12_569.jpg,C:\Users\yasha\Desktop\IMG\left_2026_07_31_14_40_12_569.jpg,C:\Users\yasha\Desktop\IMG\right_2026_07_31_14_40_12_569.jpg,-0.15,1,0,30.18707
C:\Users\yasha\Desktop\IMG\center_2026_07_31_14_40_12_645.jpg,C:\Users\yasha\Desktop\IMG\left_2026_07_31_14_40_12_645.jpg,C:\Users\yasha\Desktop\IMG\right_2026_07_31_14_40_12_645.jpg,-0.35,1,0,30.16677
C:\Users\yasha\Desktop\IMG\center_2026_07_31_14_40_12_723.jpg,C:\Users\yasha\Desktop\IMG\left_2026_07_31_14_40_12_723.jpg,C:\Users\yasha\Desktop\IMG\right_2026_07_31_14_40_12_723.jpg,0,1,0,30.1876
C:\Users\yasha\Desktop\IMG\center_2026_07_31_14_40_12_799.jpg,C:\Users\yasha\Desktop\IMG\left_2026_07_31_14_40_12_799.jpg,C:\Users\yasha\Desktop\IMG\right_2026_07_31_14_40_12_799.jpg,0,1,0,30.18964
C:\Users\yasha\Desktop\IMG\center_2026_07_31_14_40_12_875.jpg,C:\Users\yasha\Desktop\IMG\left_2026_07_31_14_40_12_875.jpg,C:\Users\yasha\Desktop\IMG\right_2026_07_31_14_40_12_875.jpg,-0.05,1,0,30.19041
C:\Users\yasha\Desktop\IMG\center_2026_07_31_14_40_12_950.jpg,C:\Users\yasha\Desktop\IMG\left_2026_07_31_14_40_12_950.jpg,C:\Users\yasha\Desktop\IMG\right_2026_07_31_14_40_12_950.jpg,-0.25,1,0,30.17725
C:\Users\yasha\Desktop\IMG\center_2026_07_31_14_40_13_023.jpg,C:\Users\yasha\Desktop\IMG\left_2026_07_31_14_40_13_023.jpg,C:\Users\yasha\Desktop\IMG\right_2026_07_31_14_40_13_023.jpg,0,1,0,30.18954
C:\Users\yasha\Desktop\IMG\center_2026_07_31_14_40_13_096.jpg,C:\Users\yasha\Desktop\IMG\left_2026_07_31_14_40_13_096.jpg,C:\Users\yasha\Desktop\IMG\right_2026_07_31_14_40_13_096.jpg,0,1,0,30.18962
C:\Users\yasha\Desktop\IMG\center_2026_07_31_14_40_13_179.jpg,C:\Users\yasha\Desktop\IMG\left_2026_07_31_14_40_13_179.jpg,C:\Users\yasha\Desktop\IMG\right_2026_07_31_14_40_13_179.jpg,0,1,0,30.19018
C:\Users\yasha\Desktop\IMG\center_2026_07_31_14_40_13_247.jpg,C:\Users\yasha\Desktop\IMG\left_2026_07_31_14_40_13_247.jpg,C:\Users\yasha\Desktop\IMG\right_2026_07_31_14_40_13_247.jpg,0,1,0,30.19032
C:\Users\yasha\Desktop\IMG\center_2026_07_31_14_40_13_329.jpg,C:\Users\yasha\Desktop\IMG\left_2026_07_31_14_40_13_329.jpg,C:\Users\yasha\Desktop\IMG\right_2026_07_31_14_40_13_329.jpg,-0.1,1,0,30.18779
C:\Users\yasha\Desktop\IMG\center_2026_07_31_14_40_13_409.jpg,C:\Users\yasha\Desktop\IMG\left_2026_07_31_14_40_13_409.jpg,C:\Users\yasha\Desktop\IMG\right_2026_07_31_14_40_13_409.jpg,0,1,0,30.18632
C:\Users\yasha\Desktop\IMG\center_2026_07_31_14_40_13_489.jpg,C:\Users\yasha\Desktop\IMG\left_2026_07_31_14_40_13_489.jpg,C:\Users\yasha\Desktop\IMG\right_2026_07_31_14_40_13_489.jpg,0,1,0,30.19003
C:\Users\yasha\Desktop\IMG\center_2026_07_31_14_40_13_572.jpg,C:\Users\yasha\Desktop\IMG\left_2026_07_31_14_40_13_572.jpg,C:\Users\yasha\Desktop\IMG\right_2026_07_31_14_40_13_572.jpg,0,1,0,30.19032
C:\Users\yasha\Desktop\IMG\center_2026_07_31_14_40_13_655.jpg,C:\Users\yasha\Desktop\IMG\left_2026_07_31_14_40_13_655.jpg,C:\Users\yasha\Desktop\IMG\right_2026_07_31_14_40_13_655.jpg,0,1,0,30.19031
C:\Users\yasha\Desktop\IMG\center_2026_07_31_14_40_13_729.jpg,C:\Users\yasha\Desktop\IMG\left_2026_07_31_14_40_13_729.jpg,C:\Users\yasha\Desktop\IMG\right_2026_07_31_14_40_13_729.jpg,-0.15,1,0,30.18468
C:\Users\yasha\Desktop\IMG\center_2026_07_31_14_40_13_811.jpg,C:\Users\yasha\Desktop\IMG\left_2026_07_31_14_40_13_811.jpg,C:\Users\yasha\Desktop\IMG\right_2026_07_31_14_40_13_811.jpg,0,1,0,30.19094
C:\Users\yasha\Desktop\IMG\center_2026_07_31_14_40_13_879.jpg,C:\Users\yasha\Desktop\IMG\left_2026_07_31_14_40_13_879.jpg,C:\Users\yasha\Desktop\IMG\right_2026_07_31_14_40_13_879.jpg,0,1,0,30.19006
C:\Users\yasha\Desktop\IMG\center_2026_07_31_14_40_13_955.jpg,C:\Users\yasha\Desktop\IMG\left_2026_07_31_14_40_13_955.jpg,C:\Users\yasha\Desktop\IMG\right_2026_07_31_14_40_13_955.jpg,-0.2,1,0,30.182
C:\Users\yasha\Desktop\IMG\center_2026_07_31_14_40_14_036.jpg,C:\Users\yasha\Desktop\IMG\left_2026_07_31_14_40_14_036.jpg,C:\Users\yasha\Desktop\IMG\right_2026_07_31_14_40_14_036.jpg,0,1,0,30.19012
C:\Users\yasha\Desktop\IMG\center_2026_07_31_14_40_14_112.jpg,C:\Users\yasha\Desktop\IMG\left_2026_07_31_14_40_14_112.jpg,C:\Users\yasha\Desktop\IMG\right_2026_07_31_14_40_14_112.jpg,-0.05,1,0,30.19014
C:\Users\yasha\Desktop\IMG\center_2026_07_31_14_40_14_195.jpg,C:\Users\yasha\Desktop\IMG\left_2026_07_31_14_40_14_195.jpg,C:\Users\yasha\Desktop\IMG\right_2026_07_31_14_40_14_195.jpg,-0.25,1,0,30.17816
C:\Users\yasha\Desktop\IMG\center_2026_07_31_14_40_14_273.jpg,C:\Users\yasha\Desktop\IMG\left_2026_07_31_14_40_14_273.jpg,C:\Users\yasha\Desktop\IMG\right_2026_07_31_14_40_14_273.jpg,0,1,0,30.1889
C:\Users\yasha\Desktop\IMG\center_2026_07_31_14_40_14_353.jpg,C:\Users\yasha\Desktop\IMG\left_2026_07_31_14_40_14_353.jpg,C:\Users\yasha\Desktop\IMG\right_2026_07_31_14_40_14_353.jpg,-0.05,1,0,30.19017
C:\Users\yasha\Desktop\IMG\center_2026_07_31_14_40_14_426.jpg,C:\Users\yasha\Desktop\IMG\left_2026_07_31_14_40_14_426.jpg,C:\Users\yasha\Desktop\IMG\right_2026_07_31_14_40_14_426.jpg,-0.25,1,0,30.17759
C:\Users\yasha\Desktop\IMG\center_2026_07_31_14_40_14_509.jpg,C:\Users\yasha\Desktop\IMG\left_2026_07_31_14_40_14_509.jpg,C:\Users\yasha\Desktop\IMG\right_2026_07_31_14_40_14_509.jpg,0,1,0,30.18933
C:\Users\yasha\Desktop\IMG\center_2026_07_31_14_40_14_589.jpg,C:\Users\yasha\Desktop\IMG\left_2026_07_31_14_40_14_589.jpg,C:\Users\yasha\Desktop\IMG\right_2026_07_31_14_40_14_589.jpg,-0.05,1,0,30.19018
C:\Users\yasha\Desktop\IMG\center_2026_07_31_14_40_14_676.jpg,C:\Users\yasha\Desktop\IMG\left_2026_07_31_14_40_14_676.jpg,C:\Users\yasha\Desktop\IMG\right_2026_07_31_14_40_14_676.jpg,-0.25,1,0,30.17888
C:\Users\yasha\Desktop\IMG\center_2026_07_31_14_40_14_759.jpg,C:\Users\yasha\Desktop\IMG\left_2026_07_31_14_40_14_759.jpg,C:\Users\yasha\Desktop\IMG\right_2026_07_31_14_40_14_759.jpg,0,1,0,30.18897
C:\Users\yasha\Desktop\IMG\center_2026_07_31_14_40_14_832.jpg,C:\Users\yasha\Desktop\IMG\left_2026_07_31_14_40_14_832.jpg,C:\Users\yasha\Desktop\IMG\right_2026_07_31_14_40_14_832.jpg,-0.05,1,0,30.19016
C:\Users\yasha\Desktop\IMG\center_2026_07_31_14_40_14_911.jpg,C:\Users\yasha\Desktop\IMG\left_2026_07_31_14_40_14_911.jpg,C:\Users\yasha\Desktop\IMG\right_2026_07_31_14_40_14_911.jpg,-0.25,1,0,30.17723
C:\Users\yasha\Desktop\IMG\center_2026_07_31_14_40_15_001.jpg,C:\Users\yasha\Desktop\IMG\left_2026_07_31_14_40_15_001.jpg,C:\Users\yasha\Desktop\IMG\right_2026_07_31_14_40_15_001.jpg,0,1,0,30.18976
C:\Users\yasha\Desktop\IMG\center_2026_07_31_14_40_15_080.jpg,C:\Users\yasha\Desktop\IMG\left_2026_07_31_14_40_15_080.jpg,C:\Users\yasha\Desktop\IMG\right_2026_07_31_14_40_15_080.jpg,0,1,0,30.19011
C:\Users\yasha\Desktop\IMG\center_2026_07_31_14_40_15_150.jpg,C:\Users\yasha\Desktop\IMG\left_2026_07_31_14_40_15_150.jpg,C:\Users\yasha\Desktop\IMG\right_2026_07_31_14_40_15_150.jpg,0,1,0,30.19028
C:\Users\yasha\Desktop\IMG\center_2026_07_31_14_40_15_231.jpg,C:\Users\yasha\Desktop\IMG\left_2026_07_31_14_40_15_231.jpg,C:\Users\yasha\Desktop\IMG\right_2026_07_31_14_40_15_231.jpg,0,1,0,30.19029
C:\Users\yasha\Desktop\IMG\center_2026_07_31_14_40_15_299.jpg,C:\Users\yasha\Desktop\IMG\left_2026_07_31_14_40_15_299.jpg,C:\Users\yasha\Desktop\IMG\right_2026_07_31_14_40_15_299.jpg,0,1,0,30.19028
C:\Users\yasha\Desktop\IMG\center_2026_07_31_14_40_15_385.jpg,C:\Users\yasha\Desktop\IMG\left_2026_07_31_14_40_15_385.jpg,C:\Users\yasha\Desktop\IMG\right_2026_07_31_14_40_15_385.jpg,0,1,0,30.19054
C:\Users\yasha\Desktop\IMG\center_2026_07_31_14_40_15_475.jpg,C:\Users\yasha\Desktop\IMG\left_2026_07_31_14_40_15_475.jpg,C:\Users\yasha\Desktop\IMG\right_2026_07_31_14_40_15_475.jpg,0,1,0,30.19032
C:\Users\yasha\Desktop\IMG\center_2026_07_31_14_40_15_553.jpg,C:\Users\yasha\Desktop\IMG\left_2026_07_31_14_40_15_553.jpg,C:\Users\yasha\Desktop\IMG\right_2026_07_31_14_40_15_553.jpg,0,1,0,30.19032
C:\Users\yasha\Desktop\IMG\center_2026_07_31_14_40_15_622.jpg,C:\Users\yasha\Desktop\IMG\left_2026_07_31_14_40_15_622.jpg,C:\Users\yasha\Desktop\IMG\right_2026_07_31_14_40_15_622.jpg,0,1,0,30.18997
C:\Users\yasha\Desktop\IMG\center_2026_07_31_14_40_15_693.jpg,C:\Users\yasha\Desktop\IMG\left_2026_07_31_14_40_15_693.jpg,C:\Users\yasha\Desktop\IMG\right_2026_07_31_14_40_15_693.jpg,0,1,0,30.19035
C:\Users\yasha\Desktop\IMG\center_2026_07_31_14_40_15_760.jpg,C:\Users\yasha\Desktop\IMG\left_2026_07_31_14_40_15_760.jpg,C:\Users\yasha\Desktop\IMG\right_2026_07_31_14_40_15_760.jpg,0,1,0,30.19031
C:\Users\yasha\Desktop\IMG\center_2026_07_31_14_40_15_831.jpg,C:\Users\yasha\Desktop\IMG\left_2026_07_31_14_40_15_831.jpg,C:\Users\yasha\Desktop\IMG\right_2026_07_31_14_40_15_831.jpg,0,1,0,30.19031
C:\Users\yasha\Desktop\IMG\center_2026_07_31_14_40_15_899.jpg,C:\Users\yasha\Desktop\IMG\left_2026_07_31_14_40_15_899.jpg,C:\Users\yasha\Desktop\IMG\right_2026_07_31_14_40_15_899.jpg,0,1,0,30.19029
C:\Users\yasha\Desktop\IMG\center_2026_07_31_14_40_15_970.jpg,C:\Users\yasha\Desktop\IMG\left_2026_07_31_14_40_15_970.jpg,C:\Users\yasha\Desktop\IMG\right_2026_07_31_14_40_15_970.jpg,0,1,0,30.19031
C:\Users\yasha\Desktop\IMG\center_2026_07_31_14_40_16_038.jpg,C:\Users\yasha\Desktop\IMG\left_2026_07_31_14_40_16_038.jpg,C:\Users\yasha\Desktop\IMG\right_2026_07_31_14_40_16_038.jpg,0,1,0,30.1903
C:\Users\yasha\Desktop\IMG\center_2026_07_31_14_40_16_107.jpg,C:\Users\yasha\Desktop\IMG\left_2026_07_31_14_40_16_107.jpg,C:\Users\yasha\Desktop\IMG\right_2026_07_31_14_40_16_107.jpg,0,1,0,30.19027
C:\Users\yasha\Desktop\IMG\center_2026_07_31_14_40_16_174.jpg,C:\Users\yasha\Desktop\IMG\left_2026_07_31_14_40_16_174.jpg,C:\Users\yasha\Desktop\IMG\right_2026_07_31_14_40_16_174.jpg,0,1,0,30.1895
C:\Users\yasha\Desktop\IMG\center_2026_07_31_14_40_16_243.jpg,C:\Users\yasha\Desktop\IMG\left_2026_07_31_14_40_16_243.jpg,C:\Users\yasha\Desktop\IMG\right_2026_07_31_14_40_16_243.jpg,-0.2,1,0,30.1794
C:\Users\yasha\Desktop\IMG\center_2026_07_31_14_40_16_310.jpg,C:\Users\yasha\Desktop\IMG\left_2026_07_31_14_40_16_310.jpg,C:\Users\yasha\Desktop\IMG\right_2026_07_31_14_40_16_310.jpg,-0.35,1,0,30.16342
C:\Users\yasha\Desktop\IMG\center_2026_07_31_14_40_16_394.jpg,C:\Users\yasha\Desktop\IMG\left_2026_07_31_14_40_16_394.jpg,C:\Users\yasha\Desktop\IMG\right_2026_07_31_14_40_16_394.jpg,0,1,0,30.18884
C:\Users\yasha\Desktop\IMG\center_2026_07_31_14_40_16_485.jpg,C:\Users\yasha\Desktop\IMG\left_2026_07_31_14_40_16_485.jpg,C:\Users\yasha\Desktop\IMG\right_2026_07_31_14_40_16_485.jpg,-0.25,1,0,30.17897
C:\Users\yasha\Desktop\IMG\center_2026_07_31_14_40_16_559.jpg,C:\Users\yasha\Desktop\IMG\left_2026_07_31_14_40_16_559.jpg,C:\Users\yasha\Desktop\IMG\right_2026_07_31_14_40_16_559.jpg,-0.4,1,0,30.16152
C:\Users\yasha\Desktop\IMG\center_2026_07_31_14_40_16_633.jpg,C:\Users\yasha\Desktop\IMG\left_2026_07_31_14_40_16_633.jpg,C:\Users\yasha\Desktop\IMG\right_2026_07_31_14_40_16_633.jpg,-0.6000001,1,0,30.13628
C:\Users\yasha\Desktop\IMG\center_2026_07_31_14_40_16_718.jpg,C:\Users\yasha\Desktop\IMG\left_2026_07_31_14_40_16_718.jpg,C:\Users\yasha\Desktop\IMG\right_2026_07_31_14_40_16_718.jpg,0,1,0,30.16586
C:\Users\yasha\Desktop\IMG\center_2026_07_31_14_40_16_796.jpg,C:\Users\yasha\Desktop\IMG\left_2026_07_31_14_40_16_796.jpg,C:\Users\yasha\Desktop\IMG\right_2026_07_31_14_40_16_796.jpg,0,1,0,30.18366
C:\Users\yasha\Desktop\IMG\center_2026_07_31_14_40_16_879.jpg,C:\Users\yasha\Desktop\IMG\left_2026_07_31_14_40_16_879.jpg,C:\Users\yasha\Desktop\IMG\right_2026_07_31_14_40_16_879.jpg,0,1,0,30.18923
C:\Users\yasha\Desktop\IMG\center_2026_07_31_14_40_16_953.jpg,C:\Users\yasha\Desktop\IMG\left_2026_07_31_14_40_16_953.jpg,C:\Users\yasha\Desktop\IMG\right_2026_07_31_14_40_16_953.jpg,0,1,0,30.18983
C:\Users\yasha\Desktop\IMG\center_2026_07_31_14_40_17_021.jpg,C:\Users\yasha\Desktop\IMG\left_2026_07_31_14_40_17_021.jpg,C:\Users\yasha\Desktop\IMG\right_2026_07_31_14_40_17_021.jpg,0,1,0,30.19053
C:\Users\yasha\Desktop\IMG\center_2026_07_31_14_40_17_094.jpg,C:\Users\yasha\Desktop\IMG\left_2026_07_31_14_40_17_094.jpg,C:\Users\yasha\Desktop\IMG\right_2026_07_31_14_40_17_094.jpg,0.1,1,0,30.18612
C:\Users\yasha\Desktop\IMG\center_2026_07_31_14_40_17_164.jpg,C:\Users\yasha\Desktop\IMG\left_2026_07_31_14_40_17_164.jpg,C:\Users\yasha\Desktop\IMG\right_2026_07_31_14_40_17_164.jpg,0,1,0,30.18491
C:\Users\yasha\Desktop\IMG\center_2026_07_31_14_40_17_254.jpg,C:\Users\yasha\Desktop\IMG\left_2026_07_31_14_40_17_254.jpg,C:\Users\yasha\Desktop\IMG\right_2026_07_31_14_40_17_254.jpg,0,1,0,30.18992
C:\Users\yasha\Desktop\IMG\center_2026_07_31_14_40_17_334.jpg,C:\Users\yasha\Desktop\IMG\left_2026_07_31_14_40_17_334.jpg,C:\Users\yasha\Desktop\IMG\right_2026_07_31_14_40_17_334.jpg,0,1,0,30.19019
C:\Users\yasha\Desktop\IMG\center_2026_07_31_14_40_17_407.jpg,C:\Users\yasha\Desktop\IMG\left_2026_07_31_14_40_17_407.jpg,C:\Users\yasha\Desktop\IMG\right_2026_07_31_14_40_17_407.jpg,0.2,1,0,30.18111
C:\Users\yasha\Desktop\IMG\center_2026_07_31_14_40_17_494.jpg,C:\Users\yasha\Desktop\IMG\left_2026_07_31_14_40_17_494.jpg,C:\Users\yasha\Desktop\IMG\right_2026_07_31_14_40_17_494.jpg,0,1,0,30.18923
C:\Users\yasha\Desktop\IMG\center_2026_07_31_14_40_17_569.jpg,C:\Users\yasha\Desktop\IMG\left_2026_07_31_14_40_17_569.jpg,C:\Users\yasha\Desktop\IMG\right_2026_07_31_14_40_17_569.jpg,0,1,0,30.19012
C:\Users\yasha\Desktop\IMG\center_2026_07_31_14_40_17_655.jpg,C:\Users\yasha\Desktop\IMG\left_2026_07_31_14_40_17_655.jpg,C:\Users\yasha\Desktop\IMG\right_2026_07_31_14_40_17_655.jpg,0,1,0,30.19028
C:\Users\yasha\Desktop\IMG\center_2026_07_31_14_40_17_724.jpg,C:\Users\yasha\Desktop\IMG\left_2026_07_31_14_40_17_724.jpg,C:\Users\yasha\Desktop\IMG\right_2026_07_31_14_40_17_724.jpg,0,1,0,30.19043
C:\Users\yasha\Desktop\IMG\center_2026_07_31_14_40_17_792.jpg,C:\Users\yasha\Desktop\IMG\left_2026_07_31_14_40_17_792.jpg,C:\Users\yasha\Desktop\IMG\right_2026_07_31_14_40_17_792.jpg,0,1,0,30.19032
C:\Users\yasha\Desktop\IMG\center_2026_07_31_14_40_17_861.jpg,C:\Users\yasha\Desktop\IMG\left_2026_07_31_14_40_17_861.jpg,C:\Users\yasha\Desktop\IMG\right_2026_07_31_14_40_17_861.jpg,0,1,0,30.1903
C:\Users\yasha\Desktop\IMG\center_2026_07_31_14_40_17_928.jpg,C:\Users\yasha\Desktop\IMG\left_2026_07_31_14_40_17_928.jpg,C:\Users\yasha\Desktop\IMG\right_2026_07_31_14_40_17_928.jpg,0,1,0,30.19027
C:\Users\yasha\Desktop\IMG\center_2026_07_31_14_40_18_015.jpg,C:\Users\yasha\Desktop\IMG\left_2026_07_31_14_40_18_015.jpg,C:\Users\yasha\Desktop\IMG\right_2026_07_31_14_40_18_015.jpg,0,1,0,30.19029
C:\Users\yasha\Desktop\IMG\center_2026_07_31_14_40_18_082.jpg,C:\Users\yasha\Desktop\IMG\left_2026_07_31_14_40_18_082.jpg,C:\Users\yasha\Desktop\IMG\right_2026_07_31_14_40_18_082.jpg,0,1,0,30.19032
C:\Users\yasha\Desktop\IMG\center_2026_07_31_14_40_18_153.jpg,C:\Users\yasha\Desktop\IMG\left_2026_07_31_14_40_18_153.jpg,C:\Users\yasha\Desktop\IMG\right_2026_07_31_14_40_18_153.jpg,0,1,0,30.19032
C:\Users\yasha\Desktop\IMG\center_2026_07_31_14_40_18_239.jpg,C:\Users\yasha\Desktop\IMG\left_2026_07_31_14_40_18_239.jpg,C:\Users\yasha\Desktop\IMG\right_2026_07_31_14_40_18_239.jpg,0,1,0,30.19028
C:\Users\yasha\Desktop\IMG\center_2026_07_31_14_40_18_327.jpg,C:\Users\yasha\Desktop\IMG\left_2026_07_31_14_40_18_327.jpg,C:\Users\yasha\Desktop\IMG\right_2026_07_31_14_40_18_327.jpg,0,1,0,30.19031
C:\Users\yasha\Desktop\IMG\center_2026_07_31_14_40_18_403.jpg,C:\Users\yasha\Desktop\IMG\left_2026_07_31_14_40_18_403.jpg,C:\Users\yasha\Desktop\IMG\right_2026_07_31_14_40_18_403.jpg,0,1,0,30.19028
C:\Users\yasha\Desktop\IMG\center_2026_07_31_14_40_18_493.jpg,C:\Users\yasha\Desktop\IMG\left_2026_07_31_14_40_18_493.jpg,C:\Users\yasha\Desktop\IMG\right_2026_07_31_14_40_18_493.jpg,0,1,0,30.19031
C:\Users\yasha\Desktop\IMG\center_2026_07_31_14_40_18_581.jpg,C:\Users\yasha\Desktop\IMG\left_2026_07_31_14_40_18_581.jpg,C:\Users\yasha\Desktop\IMG\right_2026_07_31_14_40_18_581.jpg,0,1,0,30.19036
C:\Users\yasha\Desktop\IMG\center_2026_07_31_14_40_18_667.jpg,C:\Users\yasha\Desktop\IMG\left_2026_07_31_14_40_18_667.jpg,C:\Users\yasha\Desktop\IMG\right_2026_07_31_14_40_18_667.jpg,0,1,0,30.19029
C:\Users\yasha\Desktop\IMG\center_2026_07_31_14_40_18_748.jpg,C:\Users\yasha\Desktop\IMG\left_2026_07_31_14_40_18_748.jpg,C:\Users\yasha\Desktop\IMG\right_2026_07_31_14_40_18_748.jpg,0,1,0,30.19028
C:\Users\yasha\Desktop\IMG\center_2026_07_31_14_40_18_827.jpg,C:\Users\yasha\Desktop\IMG\left_2026_07_31_14_40_18_827.jpg,C:\Users\yasha\Desktop\IMG\right_2026_07_31_14_40_18_827.jpg,0,1,0,30.19031
C:\Users\yasha\Desktop\IMG\center_2026_07_31_14_40_18_897.jpg,C:\Users\yasha\Desktop\IMG\left_2026_07_31_14_40_18_897.jpg,C:\Users\yasha\Desktop\IMG\right_2026_07_31_14_40_18_897.jpg,0,1,0,30.1903
C:\Users\yasha\Desktop\IMG\center_2026_07_31_14_40_18_968.jpg,C:\Users\yasha\Desktop\IMG\left_2026_07_31_14_40_18_968.jpg,C:\Users\yasha\Desktop\IMG\right_2026_07_31_14_40_18_968.jpg,0,1,0,30.1903
C:\Users\yasha\Desktop\IMG\center_2026_07_31_14_40_19_056.jpg,C:\Users\yasha\Desktop\IMG\left_2026_07_31_14_40_19_056.jpg,C:\Users\yasha\Desktop\IMG\right_2026_07_31_14_40_19_056.jpg,0,1,0,30.19027
C:\Users\yasha\Desktop\IMG\center_2026_07_31_14_40_19_141.jpg,C:\Users\yasha\Desktop\IMG\left_2026_07_31_14_40_19_141.jpg,C:\Users\yasha\Desktop\IMG\right_2026_07_31_14_40_19_141.jpg,0,1,0,30.19031
C:\Users\yasha\Desktop\IMG\center_2026_07_31_14_40_19_223.jpg,C:\Users\yasha\Desktop\IMG\left_2026_07_31_14_40_19_223.jpg,C:\Users\yasha\Desktop\IMG\right_2026_07_31_14_40_19_223.jpg,-0.1,1,0,30.18765
C:\Users\yasha\Desktop\IMG\center_2026_07_31_14_40_19_301.jpg,C:\Users\yasha\Desktop\IMG\left_2026_07_31_14_40_19_301.jpg,C:\Users\yasha\Desktop\IMG\right_2026_07_31_14_40_19_301.jpg,0,1,0,30.18597
C:\Users\yasha\Desktop\IMG\center_2026_07_31_14_40_19_385.jpg,C:\Users\yasha\Desktop\IMG\left_2026_07_31_14_40_19_385.jpg,C:\Users\yasha\Desktop\IMG\right_2026_07_31_14_40_19_385.jpg,0,1,0,30.18996
C:\Users\yasha\Desktop\IMG\center_2026_07_31_14_40_19_452.jpg,C:\Users\yasha\Desktop\IMG\left_2026_07_31_14_40_19_452.jpg,C:\Users\yasha\Desktop\IMG\right_2026_07_31_14_40_19_452.jpg,-0.05,1,0,30.19002
C:\Users\yasha\Desktop\IMG\center_2026_07_31_14_40_19_527.jpg,C:\Users\yasha\Desktop\IMG\left_2026_07_31_14_40_19_527.jpg,C:\Users\yasha\Desktop\IMG\right_2026_07_31_14_40_19_527.jpg,-0.25,1,0,30.17637
C:\Users\yasha\Desktop\IMG\center_2026_07_31_14_40_19_596.jpg,C:\Users\yasha\Desktop\IMG\left_2026_07_31_14_40_19_596.jpg,C:\Users\yasha\Desktop\IMG\right_2026_07_31_14_40_19_596.jpg,0,1,0,30.19024
C:\Users\yasha\Desktop\IMG\center_2026_07_31_14_40_19_677.jpg,C:\Users\yasha\Desktop\IMG\left_2026_07_31_14_40_19_677.jpg,C:\Users\yasha\Desktop\IMG\right_2026_07_31_14_40_19_677.jpg,0,1,0,30.19001
C:\Users\yasha\Desktop\IMG\center_2026_07_31_14_40_19_768.jpg,C:\Users\yasha\Desktop\IMG\left_2026_07_31_14_40_19_768.jpg,C:\Users\yasha\Desktop\IMG\right_2026_07_31_14_40_19_768.jpg,0,1,0,30.19026
C:\Users\yasha\Desktop\IMG\center_2026_07_31_14_40_19_856.jpg,C:\Users\yasha\Desktop\IMG\left_2026_07_31_14_40_19_856.jpg,C:\Users\yasha\Desktop\IMG\right_2026_07_31_14_40_19_856.jpg,0,1,0,30.1903
C:\Users\yasha\Desktop\IMG\center_2026_07_31_14_40_19_941.jpg,C:\Users\yasha\Desktop\IMG\left_2026_07_31_14_40_19_941.jpg,C:\Users\yasha\Desktop\IMG\right_2026_07_31_14_40_19_941.jpg,0,1,0,30.19028
C:\Users\yasha\Desktop\IMG\center_2026_07_31_14_40_20_031.jpg,C:\Users\yasha\Desktop\IMG\left_2026_07_31_14_40_20_031.jpg,C:\Users\yasha\Desktop\IMG\right_2026_07_31_14_40_20_031.jpg,0,1,0,30.19028
C:\Users\yasha\Desktop\IMG\center_2026_07_31_14_40_20_107.jpg,C:\Users\yasha\Desktop\IMG\left_2026_07_31_14_40_20_107.jpg,C:\Users\yasha\Desktop\IMG\right_2026_07_31_14_40_20_107.jpg,0,1,0,30.1903
C:\Users\yasha\Desktop\IMG\center_2026_07_31_14_40_20_192.jpg,C:\Users\yasha\Desktop\IMG\left_2026_07_31_14_40_20_192.jpg,C:\Users\yasha\Desktop\IMG\right_2026_07_31_14_40_20_192.jpg,0,1,0,30.1903
C:\Users\yasha\Desktop\IMG\center_2026_07_31_14_40_20_275.jpg,C:\Users\yasha\Desktop\IMG\left_2026_07_31_14_40_20_275.jpg,C:\Users\yasha\Desktop\IMG\right_2026_07_31_14_40_20_275.jpg,0,1,0,30.19031
C:\Users\yasha\Desktop\IMG\center_2026_07_31_14_40_20_354.jpg,C:\Users\yasha\Desktop\IMG\left_2026_07_31_14_40_20_354.jpg,C:\Users\yasha\Desktop\IMG\right_2026_07_31_14_40_20_354.jpg,0,1,0,30.19009
C:\Users\yasha\Desktop\IMG\center_2026_07_31_14_40_20_426.jpg,C:\Users\yasha\Desktop\IMG\left_2026_07_31_14_40_20_426.jpg,C:\Users\yasha\Desktop\IMG\right_2026_07_31_14_40_20_426.jpg,0,1,0,30.19011
C:\Users\yasha\Desktop\IMG\center_2026_07_31_14_40_20_512.jpg,C:\Users\yasha\Desktop\IMG\left_2026_07_31_14_40_20_512.jpg,C:\Users\yasha\Desktop\IMG\right_2026_07_31_14_40_20_512.jpg,0,1,0,30.19017
C:\Users\yasha\Desktop\IMG\center_2026_07_31_14_40_20_588.jpg,C:\Users\yasha\Desktop\IMG\left_2026_07_31_14_40_20_588.jpg,C:\Users\yasha\Desktop\IMG\right_2026_07_31_14_40_20_588.jpg,0,1,0,30.19008
C:\Users\yasha\Desktop\IMG\center_2026_07_31_14_40_20_673.jpg,C:\Users\yasha\Desktop\IMG\left_2026_07_31_14_40_20_673.jpg,C:\Users\yasha\Desktop\IMG\right_2026_07_31_14_40_20_673.jpg,-0.1,1,0,30.18756
C:\Users\yasha\Desktop\IMG\center_2026_07_31_14_40_20_756.jpg,C:\Users\yasha\Desktop\IMG\left_2026_07_31_14_40_20_756.jpg,C:\Users\yasha\Desktop\IMG\right_2026_07_31_14_40_20_756.jpg,-0.3,1,0,30.1695
C:\Users\yasha\Desktop\IMG\center_2026_07_31_14_40_20_836.jpg,C:\Users\yasha\Desktop\IMG\left_2026_07_31_14_40_20_836.jpg,C:\Users\yasha\Desktop\IMG\right_2026_07_31_14_40_20_836.jpg,0,1,0,30.18978
C:\Users\yasha\Desktop\IMG\center_2026_07_31_14_40_20_921.jpg,C:\Users\yasha\Desktop\IMG\left_2026_07_31_14_40_20_921.jpg,C:\Users\yasha\Desktop\IMG\right_2026_07_31_14_40_20_921.jpg,0,1,0,30.19018
C:\Users\yasha\Desktop\IMG\center_2026_07_31_14_40_20_996.jpg,C:\Users\yasha\Desktop\IMG\left_2026_07_31_14_40_20_996.jpg,C:\Users\yasha\Desktop\IMG\right_2026_07_31_14_40_20_996.jpg,-0.15,1,0,30.18582
C:\Users\yasha\Desktop\IMG\center_2026_07_31_14_40_21_080.jpg,C:\Users\yasha\Desktop\IMG\left_2026_07_31_14_40_21_080.jpg,C:\Users\yasha\Desktop\IMG\right_2026_07_31_14_40_21_080.jpg,0,1,0,30.19046
C:\Users\yasha\Desktop\IMG\center_2026_07_31_14_40_21_150.jpg,C:\Users\yasha\Desktop\IMG\left_2026_07_31_14_40_21_150.jpg,C:\Users\yasha\Desktop\IMG\right_2026_07_31_14_40_21_150.jpg,0,1,0,30.19019
C:\Users\yasha\Desktop\IMG\center_2026_07_31_14_40_21_227.jpg,C:\Users\yasha\Desktop\IMG\left_2026_07_31_14_40_21_227.jpg,C:\Users\yasha\Desktop\IMG\right_2026_07_31_14_40_21_227.jpg,0,1,0,30.19028
C:\Users\yasha\Desktop\IMG\center_2026_07_31_14_40_21_303.jpg,C:\Users\yasha\Desktop\IMG\left_2026_07_31_14_40_21_303.jpg,C:\Users\yasha\Desktop\IMG\right_2026_07_31_14_40_21_303.jpg,0,1,0,30.19033
C:\Users\yasha\Desktop\IMG\center_2026_07_31_14_40_21_389.jpg,C:\Users\yasha\Desktop\IMG\left_2026_07_31_14_40_21_389.jpg,C:\Users\yasha\Desktop\IMG\right_2026_07_31_14_40_21_389.jpg,0,1,0,30.19054
C:\Users\yasha\Desktop\IMG\center_2026_07_31_14_40_21_469.jpg,C:\Users\yasha\Desktop\IMG\left_2026_07_31_14_40_21_469.jpg,C:\Users\yasha\Desktop\IMG\right_2026_07_31_14_40_21_469.jpg,0,1,0,30.19023
C:\Users\yasha\Desktop\IMG\center_2026_07_31_14_40_21_553.jpg,C:\Users\yasha\Desktop\IMG\left_2026_07_31_14_40_21_553.jpg,C:\Users\yasha\Desktop\IMG\right_2026_07_31_14_40_21_553.jpg,0,1,0,30.19031
C:\Users\yasha\Desktop\IMG\center_2026_07_31_14_40_21_628.jpg,C:\Users\yasha\Desktop\IMG\left_2026_07_31_14_40_21_628.jpg,C:\Users\yasha\Desktop\IMG\right_2026_07_31_14_40_21_628.jpg,0,1,0,30.19032
C:\Users\yasha\Desktop\IMG\center_2026_07_31_14_40_21_713.jpg,C:\Users\yasha\Desktop\IMG\left_2026_07_31_14_40_21_713.jpg,C:\Users\yasha\Desktop\IMG\right_2026_07_31_14_40_21_713.jpg,0,1,0,30.19032
C:\Users\yasha\Desktop\IMG\center_2026_07_31_14_40_21_802.jpg,C:\Users\yasha\Desktop\IMG\left_2026_07_31_14_40_21_802.jpg,C:\Users\yasha\Desktop\IMG\right_2026_07_31_14_40_21_802.jpg,0,1,0,30.19034
C:\Users\yasha\Desktop\IMG\center_2026_07_31_14_40_21_884.jpg,C:\Users\yasha\Desktop\IMG\left_2026_07_31_14_40_21_884.jpg,C:\Users\yasha\Desktop\IMG\right_2026_07_31_14_40_21_884.jpg,-0.15,1,0,30.18454
C:\Users\yasha\Desktop\IMG\center_2026_07_31_14_40_21_973.jpg,C:\Users\yasha\Desktop\IMG\left_2026_07_31_14_40_21_973.jpg,C:\Users\yasha\Desktop\IMG\right_2026_07_31_14_40_21_973.jpg,-0.35,1,0,30.24724
C:\Users\yasha\Desktop\IMG\center_2026_07_31_14_40_22_043.jpg,C:\Users\yasha\Desktop\IMG\left_2026_07_31_14_40_22_043.jpg,C:\Users\yasha\Desktop\IMG\right_2026_07_31_14_40_22_043.jpg,0,1,0,30.1936
C:\Users\yasha\Desktop\IMG\center_2026_07_31_14_40_22_114.jpg,C:\Users\yasha\Desktop\IMG\left_2026_07_31_14_40_22_114.jpg,C:\Users\yasha\Desktop\IMG\right_2026_07_31_14_40_22_114.jpg,0,1,0,30.18721
C:\Users\yasha\Desktop\IMG\center_2026_07_31_14_40_22_181.jpg,C:\Users\yasha\Desktop\IMG\left_2026_07_31_14_40_22_181.jpg,C:\Users\yasha\Desktop\IMG\right_2026_07_31_14_40_22_181.jpg,0,1,0,30.2753
C:\Users\yasha\Desktop\IMG\center_2026_07_31_14_40_22_255.jpg,C:\Users\yasha\Desktop\IMG\left_2026_07_31_14_40_22_255.jpg,C:\Users\yasha\Desktop\IMG\right_2026_07_31_14_40_22_255.jpg,0,1,0,30.18149
C:\Users\yasha\Desktop\IMG\center_2026_07_31_14_40_22_334.jpg,C:\Users\yasha\Desktop\IMG\left_2026_07_31_14_40_22_334.jpg,C:\Users\yasha\Desktop\IMG\right_2026_07_31_14_40_22_334.jpg,0,1,0,30.189
C:\Users\yasha\Desktop\IMG\center_2026_07_31_14_40_22_410.jpg,C:\Users\yasha\Desktop\IMG\left_2026_07_31_14_40_22_410.jpg,C:\Users\yasha\Desktop\IMG\right_2026_07_31_14_40_22_410.jpg,0,1,0,30.18997
C:\Users\yasha\Desktop\IMG\center_2026_07_31_14_40_22_483.jpg,C:\Users\yasha\Desktop\IMG\left_2026_07_31_14_40_22_483.jpg,C:\Users\yasha\Desktop\IMG\right_2026_07_31_14_40_22_483.jpg,0,1,0,30.19009
C:\Users\yasha\Desktop\IMG\center_2026_07_31_14_40_22_558.jpg,C:\Users\yasha\Desktop\IMG\left_2026_07_31_14_40_22_558.jpg,C:\Users\yasha\Desktop\IMG\right_2026_07_31_14_40_22_558.jpg,0,1,0,30.19005
C:\Users\yasha\Desktop\IMG\center_2026_07_31_14_40_22_636.jpg,C:\Users\yasha\Desktop\IMG\left_2026_07_31_14_40_22_636.jpg,C:\Users\yasha\Desktop\IMG\right_2026_07_31_14_40_22_636.jpg,0.05,1,0,30.18941
C:\Users\yasha\Desktop\IMG\center_2026_07_31_14_40_22_730.jpg,C:\Users\yasha\Desktop\IMG\left_2026_07_31_14_40_22_730.jpg,C:\Users\yasha\Desktop\IMG\right_2026_07_31_14_40_22_730.jpg,0,1,0,30.1855
C:\Users\yasha\Desktop\IMG\center_2026_07_31_14_40_22_797.jpg,C:\Users\yasha\Desktop\IMG\left_2026_07_31_14_40_22_797.jpg,C:\Users\yasha\Desktop\IMG\right_2026_07_31_14_40_22_797.jpg,0,1,0,30.18978
C:\Users\yasha\Desktop\IMG\center_2026_07_31_14_40_22_886.jpg,C:\Users\yasha\Desktop\IMG\left_2026_07_31_14_40_22_886.jpg,C:\Users\yasha\Desktop\IMG\right_2026_07_31_14_40_22_886.jpg,0,1,0,30.18985
C:\Users\yasha\Desktop\IMG\center_2026_07_31_14_40_22_968.jpg,C:\Users\yasha\Desktop\IMG\left_2026_07_31_14_40_22_968.jpg,C:\Users\yasha\Desktop\IMG\right_2026_07_31_14_40_22_968.jpg,0,1,0,30.18991
C:\Users\yasha\Desktop\IMG\center_2026_07_31_14_40_23_038.jpg,C:\Users\yasha\Desktop\IMG\left_2026_07_31_14_40_23_038.jpg,C:\Users\yasha\Desktop\IMG\right_2026_07_31_14_40_23_038.jpg,0,1,0,30.18993
C:\Users\yasha\Desktop\IMG\center_2026_07_31_14_40_23_111.jpg,C:\Users\yasha\Desktop\IMG\left_2026_07_31_14_40_23_111.jpg,C:\Users\yasha\Desktop\IMG\right_2026_07_31_14_40_23_111.jpg,-0.05,1,0,30.1893
C:\Users\yasha\Desktop\IMG\center_2026_07_31_14_40_23_195.jpg,C:\Users\yasha\Desktop\IMG\left_2026_07_31_14_40_23_195.jpg,C:\Users\yasha\Desktop\IMG\right_2026_07_31_14_40_23_195.jpg,0,1,0,30.18973
C:\Users\yasha\Desktop\IMG\center_2026_07_31_14_40_23_271.jpg,C:\Users\yasha\Desktop\IMG\left_2026_07_31_14_40_23_271.jpg,C:\Users\yasha\Desktop\IMG\right_2026_07_31_14_40_23_271.jpg,0,1,0,30.1899
C:\Users\yasha\Desktop\IMG\center_2026_07_31_14_40_23_351.jpg,C:\Users\yasha\Desktop\IMG\left_2026_07_31_14_40_23_351.jpg,C:\Users\yasha\Desktop\IMG\right_2026_07_31_14_40_23_351.jpg,0,1,0,30.18991
C:\Users\yasha\Desktop\IMG\center_2026_07_31_14_40_23_421.jpg,C:\Users\yasha\Desktop\IMG\left_2026_07_31_14_40_23_421.jpg,C:\Users\yasha\Desktop\IMG\right_2026_07_31_14_40_23_421.jpg,0,1,0,30.18991
C:\Users\yasha\Desktop\IMG\center_2026_07_31_14_40_23_490.jpg,C:\Users\yasha\Desktop\IMG\left_2026_07_31_14_40_23_490.jpg,C:\Users\yasha\Desktop\IMG\right_2026_07_31_14_40_23_490.jpg,0,1,0,30.18992
C:\Users\yasha\Desktop\IMG\center_2026_07_31_14_40_23_570.jpg,C:\Users\yasha\Desktop\IMG\left_2026_07_31_14_40_23_570.jpg,C:\Users\yasha\Desktop\IMG\right_2026_07_31_14_40_23_570.jpg,0,1,0,30.18991
C:\Users\yasha\Desktop\IMG\center_2026_07_31_14_40_23_648.jpg,C:\Users\yasha\Desktop\IMG\left_2026_07_31_14_40_23_648.jpg,C:\Users\yasha\Desktop\IMG\right_2026_07_31_14_40_23_648.jpg,0,1,0,30.18991
C:\Users\yasha\Desktop\IMG\center_2026_07_31_14_40_23_731.jpg,C:\Users\yasha\Desktop\IMG\left_2026_07_31_14_40_23_731.jpg,C:\Users\yasha\Desktop\IMG\right_2026_07_31_14_40_23_731.jpg,0,1,0,30.18991
C:\Users\yasha\Desktop\IMG\center_2026_07_31_14_40_23_806.jpg,C:\Users\yasha\Desktop\IMG\left_2026_07_31_14_40_23_806.jpg,C:\Users\yasha\Desktop\IMG\right_2026_07_31_14_40_23_806.jpg,0,1,0,30.18991
C:\Users\yasha\Desktop\IMG\center_2026_07_31_14_40_23_888.jpg,C:\Users\yasha\Desktop\IMG\left_2026_07_31_14_40_23_888.jpg,C:\Users\yasha\Desktop\IMG\right_2026_07_31_14_40_23_888.jpg,0,1,0,30.18992
C:\Users\yasha\Desktop\IMG\center_2026_07_31_14_40_23_958.jpg,C:\Users\yasha\Desktop\IMG\left_2026_07_31_14_40_23_958.jpg,C:\Users\yasha\Desktop\IMG\right_2026_07_31_14_40_23_958.jpg,0,0.8857399,0,30.17137
C:\Users\yasha\Desktop\IMG\center_2026_07_31_14_40_24_037.jpg,C:\Users\yasha\Desktop\IMG\left_2026_07_31_14_40_24_037.jpg,C:\Users\yasha\Desktop\IMG\right_2026_07_31_14_40_24_037.jpg,0,0.6487462,0,30.12549
C:\Users\yasha\Desktop\IMG\center_2026_07_31_14_40_24_118.jpg,C:\Users\yasha\Desktop\IMG\left_2026_07_31_14_40_24_118.jpg,C:\Users\yasha\Desktop\IMG\right_2026_07_31_14_40_24_118.jpg,0,0.4066423,0,30.05395
C:\Users\yasha\Desktop\IMG\center_2026_07_31_14_40_24_196.jpg,C:\Users\yasha\Desktop\IMG\left_2026_07_31_14_40_24_196.jpg,C:\Users\yasha\Desktop\IMG\right_2026_07_31_14_40_24_196.jpg,0,0.1729603,0,29.98988
C:\Users\yasha\Desktop\IMG\center_2026_07_31_14_40_24_271.jpg,C:\Users\yasha\Desktop\IMG\left_2026_07_31_14_40_24_271.jpg,C:\Users\yasha\Desktop\IMG\right_2026_07_31_14_40_24_271.jpg,0,0,0,29.81127
C:\Users\yasha\Desktop\IMG\center_2026_07_31_14_40_24_349.jpg,C:\Users\yasha\Desktop\IMG\left_2026_07_31_14_40_24_349.jpg,C:\Users\yasha\Desktop\IMG\right_2026_07_31_14_40_24_349.jpg,0,0,0,29.57091
C:\Users\yasha\Desktop\IMG\center_2026_07_31_14_40_24_418.jpg,C:\Users\yasha\Desktop\IMG\left_2026_07_31_14_40_24_418.jpg,C:\Users\yasha\Desktop\IMG\right_2026_07_31_14_40_24_418.jpg,0,0,0,29.39134
C:\Users\yasha\Desktop\IMG\center_2026_07_31_14_40_24_497.jpg,C:\Users\yasha\Desktop\IMG\left_2026_07_31_14_40_24_497.jpg,C:\Users\yasha\Desktop\IMG\right_2026_07_31_14_40_24_497.jpg,0,0,0,29.15355
C:\Users\yasha\Desktop\IMG\center_2026_07_31_14_40_24_582.jpg,C:\Users\yasha\Desktop\IMG\left_2026_07_31_14_40_24_582.jpg,C:\Users\yasha\Desktop\IMG\right_2026_07_31_14_40_24_582.jpg,0,0,0,28.85899
C:\Users\yasha\Desktop\IMG\center_2026_07_31_14_40_24_656.jpg,C:\Users\yasha\Desktop\IMG\left_2026_07_31_14_40_24_656.jpg,C:\Users\yasha\Desktop\IMG\right_2026_07_31_14_40_24_656.jpg,0,0,0,28.68368
C:\Users\yasha\Desktop\IMG\center_2026_07_31_14_40_24_736.jpg,C:\Users\yasha\Desktop\IMG\left_2026_07_31_14_40_24_736.jpg,C:\Users\yasha\Desktop\IMG\right_2026_07_31_14_40_24_736.jpg,0,0,0,28.45158
C:\Users\yasha\Desktop\IMG\center_2026_07_31_14_40_24_818.jpg,C:\Users\yasha\Desktop\IMG\left_2026_07_31_14_40_24_818.jpg,C:\Users\yasha\Desktop\IMG\right_2026_07_31_14_40_24_818.jpg,0,0,0,28.22134
C:\Users\yasha\Desktop\IMG\center_2026_07_31_14_40_24_890.jpg,C:\Users\yasha\Desktop\IMG\left_2026_07_31_14_40_24_890.jpg,C:\Users\yasha\Desktop\IMG\right_2026_07_31_14_40_24_890.jpg,0,0,0,27.99296
C:\Users\yasha\Desktop\IMG\center_2026_07_31_14_40_24_966.jpg,C:\Users\yasha\Desktop\IMG\left_2026_07_31_14_40_24_966.jpg,C:\Users\yasha\Desktop\IMG\right_2026_07_31_14_40_24_966.jpg,0,0,0,27.76642
C:\Users\yasha\Desktop\IMG\center_2026_07_31_14_40_25_034.jpg,C:\Users\yasha\Desktop\IMG\left_2026_07_31_14_40_25_034.jpg,C:\Users\yasha\Desktop\IMG\right_2026_07_31_14_40_25_034.jpg,0,0,0,27.59771
C:\Users\yasha\Desktop\IMG\center_2026_07_31_14_40_25_115.jpg,C:\Users\yasha\Desktop\IMG\left_2026_07_31_14_40_25_115.jpg,C:\Users\yasha\Desktop\IMG\right_2026_07_31_14_40_25_115.jpg,0,0,0,27.37434
C:\Users\yasha\Desktop\IMG\center_2026_07_31_14_40_25_194.jpg,C:\Users\yasha\Desktop\IMG\left_2026_07_31_14_40_25_194.jpg,C:\Users\yasha\Desktop\IMG\right_2026_07_31_14_40_25_194.jpg,0,0,0,27.15278
C:\Users\yasha\Desktop\IMG\center_2026_07_31_14_40_25_263.jpg,C:\Users\yasha\Desktop\IMG\left_2026_07_31_14_40_25_263.jpg,C:\Users\yasha\Desktop\IMG\right_2026_07_31_14_40_25_263.jpg,0,0,0,26.93299
C:\Users\yasha\Desktop\IMG\center_2026_07_31_14_40_25_356.jpg,C:\Users\yasha\Desktop\IMG\left_2026_07_31_14_40_25_356.jpg,C:\Users\yasha\Desktop\IMG\right_2026_07_31_14_40_25_356.jpg,0,0,0,26.71498
C:\Users\yasha\Desktop\IMG\center_2026_07_31_14_40_25_508.jpg,C:\Users\yasha\Desktop\IMG\left_2026_07_31_14_40_25_508.jpg,C:\Users\yasha\Desktop\IMG\right_2026_07_31_14_40_25_508.jpg,0,0,0,26.49871
C:\Users\yasha\Desktop\IMG\center_2026_07_31_14_42_04_956.jpg,C:\Users\yasha\Desktop\IMG\left_2026_07_31_14_42_04_956.jpg,C:\Users\yasha\Desktop\IMG\right_2026_07_31_14_42_04_956.jpg,0,0,0,2.306107E-05
C:\Users\yasha\Desktop\IMG\center_2026_07_31_14_42_05_032.jpg,C:\Users\yasha\Desktop\IMG\left_2026_07_31_14_42_05_032.jpg,C:\Users\yasha\Desktop\IMG\right_2026_07_31_14_42_05_032.jpg,0,0,0,2.319026E-05
C:\Users\yasha\Desktop\IMG\center_2026_07_31_14_42_05_101.jpg,C:\Users\yasha\Desktop\IMG\left_2026_07_31_14_42_05_101.jpg,C:\Users\yasha\Desktop\IMG\right_2026_07_31_14_42_05_101.jpg,0,0,0,2.328469E-05
C:\Users\yasha\Desktop\IMG\center_2026_07_31_14_42_05_174.jpg,C:\Users\yasha\Desktop\IMG\left_2026_07_31_14_42_05_174.jpg,C:\Users\yasha\Desktop\IMG\right_2026_07_31_14_42_05_174.jpg,0,0,0,2.353727E-05
C:\Users\yasha\Desktop\IMG\center_2026_07_31_14_42_05_259.jpg,C:\Users\yasha\Desktop\IMG\left_2026_07_31_14_42_05_259.jpg,C:\Users\yasha\Desktop\IMG\right_2026_07_31_14_42_05_259.jpg,0,0,0,2.363568E-05
C:\Users\yasha\Desktop\IMG\center_2026_07_31_14_42_05_338.jpg,C:\Users\yasha\Desktop\IMG\left_2026_07_31_14_42_05_338.jpg,C:\Users\yasha\Desktop\IMG\right_2026_07_31_14_42_05_338.jpg,0,0,0,2.290006E-05
C:\Users\yasha\Desktop\IMG\center_2026_07_31_14_42_05_417.jpg,C:\Users\yasha\Desktop\IMG\left_2026_07_31_14_42_05_417.jpg,C:\Users\yasha\Desktop\IMG\right_2026_07_31_14_42_05_417.jpg,0,0,0,2.305588E-05
C:\Users\yasha\Desktop\IMG\center_2026_07_31_14_42_05_484.jpg,C:\Users\yasha\Desktop\IMG\left_2026_07_31_14_42_05_484.jpg,C:\Users\yasha\Desktop\IMG\right_2026_07_31_14_42_05_484.jpg,0,0,0,2.409123E-05
C:\Users\yasha\Desktop\IMG\center_2026_07_31_14_42_05_565.jpg,C:\Users\yasha\Desktop\IMG\left_2026_07_31_14_42_05_565.jpg,C:\Users\yasha\Desktop\IMG\right_2026_07_31_14_42_05_565.jpg,0,0,0,2.331413E-05
C:\Users\yasha\Desktop\IMG\center_2026_07_31_14_42_05_633.jpg,C:\Users\yasha\Desktop\IMG\left_2026_07_31_14_42_05_633.jpg,C:\Users\yasha\Desktop\IMG\right_2026_07_31_14_42_05_633.jpg,0,0,0,2.454536E-05
C:\Users\yasha\Desktop\IMG\center_2026_07_31_14_42_05_705.jpg,C:\Users\yasha\Desktop\IMG\left_2026_07_31_14_42_05_705.jpg,C:\Users\yasha\Desktop\IMG\right_2026_07_31_14_42_05_705.jpg,0,0,0,2.457787E-05
C:\Users\yasha\Desktop\IMG\center_2026_07_31_14_42_05_779.jpg,C:\Users\yasha\Desktop\IMG\left_2026_07_31_14_42_05_779.jpg,C:\Users\yasha\Desktop\IMG\right_2026_07_31_14_42_05_779.jpg,0,0,0,2.496642E-05
C:\Users\yasha\Desktop\IMG\center_2026_07_31_14_42_05_846.jpg,C:\Users\yasha\Desktop\IMG\left_2026_07_31_14_42_05_846.jpg,C:\Users\yasha\Desktop\IMG\right_2026_07_31_14_42_05_846.jpg,0,0,0,2.496887E-05
C:\Users\yasha\Desktop\IMG\center_2026_07_31_14_42_05_920.jpg,C:\Users\yasha\Desktop\IMG\left_2026_07_31_14_42_05_920.jpg,C:\Users\yasha\Desktop\IMG\right_2026_07_31_14_42_05_920.jpg,0,0,0,2.536865E-05
C:\Users\yasha\Desktop\IMG\center_2026_07_31_14_42_05_994.jpg,C:\Users\yasha\Desktop\IMG\left_2026_07_31_14_42_05_994.jpg,C:\Users\yasha\Desktop\IMG\right_2026_07_31_14_42_05_994.jpg,0,0,0,2.180252E-05
C:\Users\yasha\Desktop\IMG\center_2026_07_31_14_42_06_073.jpg,C:\Users\yasha\Desktop\IMG\left_2026_07_31_14_42_06_073.jpg,C:\Users\yasha\Desktop\IMG\right_2026_07_31_14_42_06_073.jpg,0,0,0,2.316891E-05
C:\Users\yasha\Desktop\IMG\center_2026_07_31_14_42_06_161.jpg,C:\Users\yasha\Desktop\IMG\left_2026_07_31_14_42_06_161.jpg,C:\Users\yasha\Desktop\IMG\right_2026_07_31_14_42_06_161.jpg,0,0,0,2.270725E-05
C:\Users\yasha\Desktop\IMG\center_2026_07_31_14_42_06_234.jpg,C:\Users\yasha\Desktop\IMG\left_2026_07_31_14_42_06_234.jpg,C:\Users\yasha\Desktop\IMG\right_2026_07_31_14_42_06_234.jpg,0,0,0,2.350277E-05
C:\Users\yasha\Desktop\IMG\center_2026_07_31_14_42_06_316.jpg,C:\Users\yasha\Desktop\IMG\left_2026_07_31_14_42_06_316.jpg,C:\Users\yasha\Desktop\IMG\right_2026_07_31_14_42_06_316.jpg,0,0,0,2.577041E-05
C:\Users\yasha\Desktop\IMG\center_2026_07_31_14_42_06_394.jpg,C:\Users\yasha\Desktop\IMG\left_2026_07_31_14_42_06_394.jpg,C:\Users\yasha\Desktop\IMG\right_2026_07_31_14_42_06_394.jpg,0,0,0,2.173371E-05
C:\Users\yasha\Desktop\IMG\center_2026_07_31_14_42_06_478.jpg,C:\Users\yasha\Desktop\IMG\left_2026_07_31_14_42_06_478.jpg,C:\Users\yasha\Desktop\IMG\right_2026_07_31_14_42_06_478.jpg,0,0,0,2.187077E-05
C:\Users\yasha\Desktop\IMG\center_2026_07_31_14_42_06_558.jpg,C:\Users\yasha\Desktop\IMG\left_2026_07_31_14_42_06_558.jpg,C:\Users\yasha\Desktop\IMG\right_2026_07_31_14_42_06_558.jpg,0,0,0,2.203545E-05
C:\Users\yasha\Desktop\IMG\center_2026_07_31_14_42_06_642.jpg,C:\Users\yasha\Desktop\IMG\left_2026_07_31_14_42_06_642.jpg,C:\Users\yasha\Desktop\IMG\right_2026_07_31_14_42_06_642.jpg,0,0,0,2.218168E-05
C:\Users\yasha\Desktop\IMG\center_2026_07_31_14_42_06_711.jpg,C:\Users\yasha\Desktop\IMG\left_2026_07_31_14_42_06_711.jpg,C:\Users\yasha\Desktop\IMG\right_2026_07_31_14_42_06_711.jpg,0,0,0,2.235081E-05
C:\Users\yasha\Desktop\IMG\center_2026_07_31_14_42_06_784.jpg,C:\Users\yasha\Desktop\IMG\left_2026_07_31_14_42_06_784.jpg,C:\Users\yasha\Desktop\IMG\right_2026_07_31_14_42_06_784.jpg,0,0,0,2.191154E-05
C:\Users\yasha\Desktop\IMG\center_2026_07_31_14_42_06_877.jpg,C:\Users\yasha\Desktop\IMG\left_2026_07_31_14_42_06_877.jpg,C:\Users\yasha\Desktop\IMG\right_2026_07_31_14_42_06_877.jpg,0,0,0,2.168898E-05
C:\Users\yasha\Desktop\IMG\center_2026_07_31_14_42_06_948.jpg,C:\Users\yasha\Desktop\IMG\left_2026_07_31_14_42_06_948.jpg,C:\Users\yasha\Desktop\IMG\right_2026_07_31_14_42_06_948.jpg,0,0,0,2.221611E-05
C:\Users\yasha\Desktop\IMG\center_2026_07_31_14_42_07_020.jpg,C:\Users\yasha\Desktop\IMG\left_2026_07_31_14_42_07_020.jpg,C:\Users\yasha\Desktop\IMG\right_2026_07_31_14_42_07_020.jpg,0,0.07769459,0,0.05163771
C:\Users\yasha\Desktop\IMG\center_2026_07_31_14_42_07_116.jpg,C:\Users\yasha\Desktop\IMG\left_2026_07_31_14_42_07_116.jpg,C:\Users\yasha\Desktop\IMG\right_2026_07_31_14_42_07_116.jpg,0,0.3361953,0,0.1805093
C:\Users\yasha\Desktop\IMG\center_2026_07_31_14_42_07_181.jpg,C:\Users\yasha\Desktop\IMG\left_2026_07_31_14_42_07_181.jpg,C:\Users\yasha\Desktop\IMG\right_2026_07_31_14_42_07_181.jpg,0,0.5568156,0,0.6364586
C:\Users\yasha\Desktop\IMG\center_2026_07_31_14_42_07_272.jpg,C:\Users\yasha\Desktop\IMG\left_2026_07_31_14_42_07_272.jpg,C:\Users\yasha\Desktop\IMG\right_2026_07_31_14_42_07_272.jpg,0,0.7931175,0,1.270169
C:\Users\yasha\Desktop\IMG\center_2026_07_31_14_42_07_359.jpg,C:\Users\yasha\Desktop\IMG\left_2026_07_31_14_42_07_359.jpg,C:\Users\yasha\Desktop\IMG\right_2026_07_31_14_42_07_359.jpg,0,1,0,2.431435
C:\Users\yasha\Desktop\IMG\center_2026_07_31_14_42_07_428.jpg,C:\Users\yasha\Desktop\IMG\left_2026_07_31_14_42_07_428.jpg,C:\Users\yasha\Desktop\IMG\right_2026_07_31_14_42_07_428.jpg,0,1,0,3.374201
C:\Users\yasha\Desktop\IMG\center_2026_07_31_14_42_07_509.jpg,C:\Users\yasha\Desktop\IMG\left_2026_07_31_14_42_07_509.jpg,C:\Users\yasha\Desktop\IMG\right_2026_07_31_14_42_07_509.jpg,0,1,0,4.312225
C:\Users\yasha\Desktop\IMG\center_2026_07_31_14_42_07_595.jpg,C:\Users\yasha\Desktop\IMG\left_2026_07_31_14_42_07_595.jpg,C:\Users\yasha\Desktop\IMG\right_2026_07_31_14_42_07_595.jpg,0,1,0,5.241755
C:\Users\yasha\Desktop\IMG\center_2026_07_31_14_42_07_681.jpg,C:\Users\yasha\Desktop\IMG\left_2026_07_31_14_42_07_681.jpg,C:\Users\yasha\Desktop\IMG\right_2026_07_31_14_42_07_681.jpg,0,1,0,6.164182
C:\Users\yasha\Desktop\IMG\center_2026_07_31_14_42_07_752.jpg,C:\Users\yasha\Desktop\IMG\left_2026_07_31_14_42_07_752.jpg,C:\Users\yasha\Desktop\IMG\right_2026_07_31_14_42_07_752.jpg,-0.15,1,0,7.075007
C:\Users\yasha\Desktop\IMG\center_2026_07_31_14_42_07_842.jpg,C:\Users\yasha\Desktop\IMG\left_2026_07_31_14_42_07_842.jpg,C:\Users\yasha\Desktop\IMG\right_2026_07_31_14_42_07_842.jpg,-0.35,1,0,7.959006
C:\Users\yasha\Desktop\IMG\center_2026_07_31_14_42_07_917.jpg,C:\Users\yasha\Desktop\IMG\left_2026_07_31_14_42_07_917.jpg,C:\Users\yasha\Desktop\IMG\right_2026_07_31_14_42_07_917.jpg,0,1,0,8.848583
C:\Users\yasha\Desktop\IMG\center_2026_07_31_14_42_08_004.jpg,C:\Users\yasha\Desktop\IMG\left_2026_07_31_14_42_08_004.jpg,C:\Users\yasha\Desktop\IMG\right_2026_07_31_14_42_08_004.jpg,0,1,0,9.742186
C:\Users\yasha\Desktop\IMG\center_2026_07_31_14_42_08_074.jpg,C:\Users\yasha\Desktop\IMG\left_2026_07_31_14_42_08_074.jpg,C:\Users\yasha\Desktop\IMG\right_2026_07_31_14_42_08_074.jpg,0,1,0,10.62951
C:\Users\yasha\Desktop\IMG\center_2026_07_31_14_42_08_143.jpg,C:\Users\yasha\Desktop\IMG\left_2026_07_31_14_42_08_143.jpg,C:\Users\yasha\Desktop\IMG\right_2026_07_31_14_42_08_143.jpg,0,1,0,11.29045
C:\Users\yasha\Desktop\IMG\center_2026_07_31_14_42_08_229.jpg,C:\Users\yasha\Desktop\IMG\left_2026_07_31_14_42_08_229.jpg,C:\Users\yasha\Desktop\IMG\right_2026_07_31_14_42_08_229.jpg,0,1,0,12.42181
C:\Users\yasha\Desktop\IMG\center_2026_07_31_14_42_08_320.jpg,C:\Users\yasha\Desktop\IMG\left_2026_07_31_14_42_08_320.jpg,C:\Users\yasha\Desktop\IMG\right_2026_07_31_14_42_08_320.jpg,-0.15,1,0,13.12055
C:\Users\yasha\Desktop\IMG\center_2026_07_31_14_42_08_414.jpg,C:\Users\yasha\Desktop\IMG\left_2026_07_31_14_42_08_414.jpg,C:\Users\yasha\Desktop\IMG\right_2026_07_31_14_42_08_414.jpg,0,1,0,14.06636
C:\Users\yasha\Desktop\IMG\center_2026_07_31_14_42_08_493.jpg,C:\Users\yasha\Desktop\IMG\left_2026_07_31_14_42_08_493.jpg,C:\Users\yasha\Desktop\IMG\right_2026_07_31_14_42_08_493.jpg,0,1,0,15.01728
C:\Users\yasha\Desktop\IMG\center_2026_07_31_14_42_08_576.jpg,C:\Users\yasha\Desktop\IMG\left_2026_07_31_14_42_08_576.jpg,C:\Users\yasha\Desktop\IMG\right_2026_07_31_14_42_08_576.jpg,-0.15,1,0,15.8172
C:\Users\yasha\Desktop\IMG\center_2026_07_31_14_42_08_656.jpg,C:\Users\yasha\Desktop\IMG\left_2026_07_31_14_42_08_656.jpg,C:\Users\yasha\Desktop\IMG\right_2026_07_31_14_42_08_656.jpg,0,1,0,16.66119
C:\Users\yasha\Desktop\IMG\center_2026_07_31_14_42_08_727.jpg,C:\Users\yasha\Desktop\IMG\left_2026_07_31_14_42_08_727.jpg,C:\Users\yasha\Desktop\IMG\right_2026_07_31_14_42_08_727.jpg,0,1,0,17.51621
C:\Users\yasha\Desktop\IMG\center_2026_07_31_14_42_08_795.jpg,C:\Users\yasha\Desktop\IMG\left_2026_07_31_14_42_08_795.jpg,C:\Users\yasha\Desktop\IMG\right_2026_07_31_14_42_08_795.jpg,0,1,0,18.32864
C:\Users\yasha\Desktop\IMG\center_2026_07_31_14_42_08_880.jpg,C:\Users\yasha\Desktop\IMG\left_2026_07_31_14_42_08_880.jpg,C:\Users\yasha\Desktop\IMG\right_2026_07_31_14_42_08_880.jpg,0,1,0,19.13616
C:\Users\yasha\Desktop\IMG\center_2026_07_31_14_42_08_956.jpg,C:\Users\yasha\Desktop\IMG\left_2026_07_31_14_42_08_956.jpg,C:\Users\yasha\Desktop\IMG\right_2026_07_31_14_42_08_956.jpg,0,1,0,19.93744
C:\Users\yasha\Desktop\IMG\center_2026_07_31_14_42_09_037.jpg,C:\Users\yasha\Desktop\IMG\left_2026_07_31_14_42_09_037.jpg,C:\Users\yasha\Desktop\IMG\right_2026_07_31_14_42_09_037.jpg,0,1,0,20.73206
C:\Users\yasha\Desktop\IMG\center_2026_07_31_14_42_09_116.jpg,C:\Users\yasha\Desktop\IMG\left_2026_07_31_14_42_09_116.jpg,C:\Users\yasha\Desktop\IMG\right_2026_07_31_14_42_09_116.jpg,0,1,0,21.51982
C:\Users\yasha\Desktop\IMG\center_2026_07_31_14_42_09_204.jpg,C:\Users\yasha\Desktop\IMG\left_2026_07_31_14_42_09_204.jpg,C:\Users\yasha\Desktop\IMG\right_2026_07_31_14_42_09_204.jpg,0.15,1,0,22.29301
C:\Users\yasha\Desktop\IMG\center_2026_07_31_14_42_09_272.jpg,C:\Users\yasha\Desktop\IMG\left_2026_07_31_14_42_09_272.jpg,C:\Users\yasha\Desktop\IMG\right_2026_07_31_14_42_09_272.jpg,0,1,0,23.04653
C:\Users\yasha\Desktop\IMG\center_2026_07_31_14_42_09_363.jpg,C:\Users\yasha\Desktop\IMG\left_2026_07_31_14_42_09_363.jpg,C:\Users\yasha\Desktop\IMG\right_2026_07_31_14_42_09_363.jpg,0,1,0,23.81993
C:\Users\yasha\Desktop\IMG\center_2026_07_31_14_42_09_431.jpg,C:\Users\yasha\Desktop\IMG\left_2026_07_31_14_42_09_431.jpg,C:\Users\yasha\Desktop\IMG\right_2026_07_31_14_42_09_431.jpg,0,1,0,24.59154
C:\Users\yasha\Desktop\IMG\center_2026_07_31_14_42_09_523.jpg,C:\Users\yasha\Desktop\IMG\left_2026_07_31_14_42_09_523.jpg,C:\Users\yasha\Desktop\IMG\right_2026_07_31_14_42_09_523.jpg,0,1,0,25.35892
C:\Users\yasha\Desktop\IMG\center_2026_07_31_14_42_09_590.jpg,C:\Users\yasha\Desktop\IMG\left_2026_07_31_14_42_09_590.jpg,C:\Users\yasha\Desktop\IMG\right_2026_07_31_14_42_09_590.jpg,-0.05,1,0,26.1202
C:\Users\yasha\Desktop\IMG\center_2026_07_31_14_42_09_664.jpg,C:\Users\yasha\Desktop\IMG\left_2026_07_31_14_42_09_664.jpg,C:\Users\yasha\Desktop\IMG\right_2026_07_31_14_42_09_664.jpg,-0.2,1,0,26.66937
C:\Users\yasha\Desktop\IMG\center_2026_07_31_14_42_09_739.jpg,C:\Users\yasha\Desktop\IMG\left_2026_07_31_14_42_09_739.jpg,C:\Users\yasha\Desktop\IMG\right_2026_07_31_14_42_09_739.jpg,0,1,0,27.38332
C:\Users\yasha\Desktop\IMG\center_2026_07_31_14_42_09_816.jpg,C:\Users\yasha\Desktop\IMG\left_2026_07_31_14_42_09_816.jpg,C:\Users\yasha\Desktop\IMG\right_2026_07_31_14_42_09_816.jpg,0,1,0,28.12614
C:\Users\yasha\Desktop\IMG\center_2026_07_31_14_42_09_906.jpg,C:\Users\yasha\Desktop\IMG\left_2026_07_31_14_42_09_906.jpg,C:\Users\yasha\Desktop\IMG\right_2026_07_31_14_42_09_906.jpg,0.1,1,0,28.86045
C:\Users\yasha\Desktop\IMG\center_2026_07_31_14_42_09_980.jpg,C:\Users\yasha\Desktop\IMG\left_2026_07_31_14_42_09_980.jpg,C:\Users\yasha\Desktop\IMG\right_2026_07_31_14_42_09_980.jpg,0.3,1,0,29.53656
C:\Users\yasha\Desktop\IMG\center_2026_07_31_14_42_10_056.jpg,C:\Users\yasha\Desktop\IMG\left_2026_07_31_14_42_10_056.jpg,C:\Users\yasha\Desktop\IMG\right_2026_07_31_14_42_10_056.jpg,0,1,0,30.1861
C:\Users\yasha\Desktop\IMG\center_2026_07_31_14_42_10_143.jpg,C:\Users\yasha\Desktop\IMG\left_2026_07_31_14_42_10_143.jpg,C:\Users\yasha\Desktop\IMG\right_2026_07_31_14_42_10_143.jpg,0,1,0,30.1898
C:\Users\yasha\Desktop\IMG\center_2026_07_31_14_42_10_220.jpg,C:\Users\yasha\Desktop\IMG\left_2026_07_31_14_42_10_220.jpg,C:\Users\yasha\Desktop\IMG\right_2026_07_31_14_42_10_220.jpg,0,1,0,30.18988
C:\Users\yasha\Desktop\IMG\center_2026_07_31_14_42_10_311.jpg,C:\Users\yasha\Desktop\IMG\left_2026_07_31_14_42_10_311.jpg,C:\Users\yasha\Desktop\IMG\right_2026_07_31_14_42_10_311.jpg,0,1,0,30.18993
C:\Users\yasha\Desktop\IMG\center_2026_07_31_14_42_10_396.jpg,C:\Users\yasha\Desktop\IMG\left_2026_07_31_14_42_10_396.jpg,C:\Users\yasha\Desktop\IMG\right_2026_07_31_14_42_10_396.jpg,0,1,0,30.18995
C:\Users\yasha\Desktop\IMG\center_2026_07_31_14_42_10_470.jpg,C:\Users\yasha\Desktop\IMG\left_2026_07_31_14_42_10_470.jpg,C:\Users\yasha\Desktop\IMG\right_2026_07_31_14_42_10_470.jpg,0,1,0,30.18996
C:\Users\yasha\Desktop\IMG\center_2026_07_31_14_42_10_562.jpg,C:\Users\yasha\Desktop\IMG\left_2026_07_31_14_42_10_562.jpg,C:\Users\yasha\Desktop\IMG\right_2026_07_31_14_42_10_562.jpg,0,1,0,30.18997
C:\Users\yasha\Desktop\IMG\center_2026_07_31_14_42_10_632.jpg,C:\Users\yasha\Desktop\IMG\left_2026_07_31_14_42_10_632.jpg,C:\Users\yasha\Desktop\IMG\right_2026_07_31_14_42_10_632.jpg,0,1,0,30.18998
C:\Users\yasha\Desktop\IMG\center_2026_07_31_14_42_10_707.jpg,C:\Users\yasha\Desktop\IMG\left_2026_07_31_14_42_10_707.jpg,C:\Users\yasha\Desktop\IMG\right_2026_07_31_14_42_10_707.jpg,0,1,0,30.18996
C:\Users\yasha\Desktop\IMG\center_2026_07_31_14_42_10_788.jpg,C:\Users\yasha\Desktop\IMG\left_2026_07_31_14_42_10_788.jpg,C:\Users\yasha\Desktop\IMG\right_2026_07_31_14_42_10_788.jpg,0,1,0,30.18996
C:\Users\yasha\Desktop\IMG\center_2026_07_31_14_42_10_855.jpg,C:\Users\yasha\Desktop\IMG\left_2026_07_31_14_42_10_855.jpg,C:\Users\yasha\Desktop\IMG\right_2026_07_31_14_42_10_855.jpg,0,1,0,30.18995
C:\Users\yasha\Desktop\IMG\center_2026_07_31_14_42_10_929.jpg,C:\Users\yasha\Desktop\IMG\left_2026_07_31_14_42_10_929.jpg,C:\Users\yasha\Desktop\IMG\right_2026_07_31_14_42_10_929.jpg,0,1,0,30.18995
C:\Users\yasha\Desktop\IMG\center_2026_07_31_14_42_11_010.jpg,C:\Users\yasha\Desktop\IMG\left_2026_07_31_14_42_11_010.jpg,C:\Users\yasha\Desktop\IMG\right_2026_07_31_14_42_11_010.jpg,0,1,0,30.18996
C:\Users\yasha\Desktop\IMG\center_2026_07_31_14_42_11_095.jpg,C:\Users\yasha\Desktop\IMG\left_2026_07_31_14_42_11_095.jpg,C:\Users\yasha\Desktop\IMG\right_2026_07_31_14_42_11_095.jpg,0,1,0,30.18996
C:\Users\yasha\Desktop\IMG\center_2026_07_31_14_42_11_185.jpg,C:\Users\yasha\Desktop\IMG\left_2026_07_31_14_42_11_185.jpg,C:\Users\yasha\Desktop\IMG\right_2026_07_31_14_42_11_185.jpg,0,1,0,30.18997
C:\Users\yasha\Desktop\IMG\center_2026_07_31_14_42_11_258.jpg,C:\Users\yasha\Desktop\IMG\left_2026_07_31_14_42_11_258.jpg,C:\Users\yasha\Desktop\IMG\right_2026_07_31_14_42_11_258.jpg,0,1,0,30.18996
C:\Users\yasha\Desktop\IMG\center_2026_07_31_14_42_11_351.jpg,C:\Users\yasha\Desktop\IMG\left_2026_07_31_14_42_11_351.jpg,C:\Users\yasha\Desktop\IMG\right_2026_07_31_14_42_11_351.jpg,0,1,0,30.18996
C:\Users\yasha\Desktop\IMG\center_2026_07_31_14_42_11_421.jpg,C:\Users\yasha\Desktop\IMG\left_2026_07_31_14_42_11_421.jpg,C:\Users\yasha\Desktop\IMG\right_2026_07_31_14_42_11_421.jpg,0,1,0,30.18994
C:\Users\yasha\Desktop\IMG\center_2026_07_31_14_42_11_509.jpg,C:\Users\yasha\Desktop\IMG\left_2026_07_31_14_42_11_509.jpg,C:\Users\yasha\Desktop\IMG\right_2026_07_31_14_42_11_509.jpg,0,1,0,30.18995
C:\Users\yasha\Desktop\IMG\center_2026_07_31_14_42_11_595.jpg,C:\Users\yasha\Desktop\IMG\left_2026_07_31_14_42_11_595.jpg,C:\Users\yasha\Desktop\IMG\right_2026_07_31_14_42_11_595.jpg,0,1,0,30.18996
C:\Users\yasha\Desktop\IMG\center_2026_07_31_14_42_11_688.jpg,C:\Users\yasha\Desktop\IMG\left_2026_07_31_14_42_11_688.jpg,C:\Users\yasha\Desktop\IMG\right_2026_07_31_14_42_11_688.jpg,0,1,0,30.18994
C:\Users\yasha\Desktop\IMG\center_2026_07_31_14_42_11_772.jpg,C:\Users\yasha\Desktop\IMG\left_2026_07_31_14_42_11_772.jpg,C:\Users\yasha\Desktop\IMG\right_2026_07_31_14_42_11_772.jpg,0,1,0,30.18995
C:\Users\yasha\Desktop\IMG\center_2026_07_31_14_42_11_865.jpg,C:\Users\yasha\Desktop\IMG\left_2026_07_31_14_42_11_865.jpg,C:\Users\yasha\Desktop\IMG\right_2026_07_31_14_42_11_865.jpg,-0.2,1,0,30.17963
C:\Users\yasha\Desktop\IMG\center_2026_07_31_14_42_11_960.jpg,C:\Users\yasha\Desktop\IMG\left_2026_07_31_14_42_11_960.jpg,C:\Users\yasha\Desktop\IMG\right_2026_07_31_14_42_11_960.jpg,0,1,0,30.18846
C:\Users\yasha\Desktop\IMG\center_2026_07_31_14_42_12_051.jpg,C:\Users\yasha\Desktop\IMG\left_2026_07_31_14_42_12_051.jpg,C:\Users\yasha\Desktop\IMG\right_2026_07_31_14_42_12_051.jpg,0,1,0,30.18987
C:\Users\yasha\Desktop\IMG\center_2026_07_31_14_42_12_141.jpg,C:\Users\yasha\Desktop\IMG\left_2026_07_31_14_42_12_141.jpg,C:\Users\yasha\Desktop\IMG\right_2026_07_31_14_42_12_141.jpg,0,1,0,30.19001
C:\Users\yasha\Desktop\IMG\center_2026_07_31_14_42_12_234.jpg,C:\Users\yasha\Desktop\IMG\left_2026_07_31_14_42_12_234.jpg,C:\Users\yasha\Desktop\IMG\right_2026_07_31_14_42_12_234.jpg,0,1,0,30.19001
C:\Users\yasha\Desktop\IMG\center_2026_07_31_14_42_12_326.jpg,C:\Users\yasha\Desktop\IMG\left_2026_07_31_14_42_12_326.jpg,C:\Users\yasha\Desktop\IMG\right_2026_07_31_14_42_12_326.jpg,0,1,0,30.19003
C:\Users\yasha\Desktop\IMG\center_2026_07_31_14_42_12_395.jpg,C:\Users\yasha\Desktop\IMG\left_2026_07_31_14_42_12_395.jpg,C:\Users\yasha\Desktop\IMG\right_2026_07_31_14_42_12_395.jpg,0,1,0,30.19002
C:\Users\yasha\Desktop\IMG\center_2026_07_31_14_42_12_493.jpg,C:\Users\yasha\Desktop\IMG\left_2026_07_31_14_42_12_493.jpg,C:\Users\yasha\Desktop\IMG\right_2026_07_31_14_42_12_493.jpg,0.1,1,0,30.18732
C:\Users\yasha\Desktop\IMG\center_2026_07_31_14_42_12_573.jpg,C:\Users\yasha\Desktop\IMG\left_2026_07_31_14_42_12_573.jpg,C:\Users\yasha\Desktop\IMG\right_2026_07_31_14_42_12_573.jpg,0.3,1,0,30.16879
C:\Users\yasha\Desktop\IMG\center_2026_07_31_14_42_12_660.jpg,C:\Users\yasha\Desktop\IMG\left_2026_07_31_14_42_12_660.jpg,C:\Users\yasha\Desktop\IMG\right_2026_07_31_14_42_12_660.jpg,0,1,0,30.18962
C:\Users\yasha\Desktop\IMG\center_2026_07_31_14_42_12_743.jpg,C:\Users\yasha\Desktop\IMG\left_2026_07_31_14_42_12_743.jpg,C:\Users\yasha\Desktop\IMG\right_2026_07_31_14_42_12_743.jpg,0,1,0,30.18983
C:\Users\yasha\Desktop\IMG\center_2026_07_31_14_42_12_830.jpg,C:\Users\yasha\Desktop\IMG\left_2026_07_31_14_42_12_830.jpg,C:\Users\yasha\Desktop\IMG\right_2026_07_31_14_42_12_830.jpg,0,1,0,30.18993
C:\Users\yasha\Desktop\IMG\center_2026_07_31_14_42_12_920.jpg,C:\Users\yasha\Desktop\IMG\left_2026_07_31_14_42_12_920.jpg,C:\Users\yasha\Desktop\IMG\right_2026_07_31_14_42_12_920.jpg,-0.15,1,0,30.18338
C:\Users\yasha\Desktop\IMG\center_2026_07_31_14_42_13_005.jpg,C:\Users\yasha\Desktop\IMG\left_2026_07_31_14_42_13_005.jpg,C:\Users\yasha\Desktop\IMG\right_2026_07_31_14_42_13_005.jpg,0,1,0,30.18388
C:\Users\yasha\Desktop\IMG\center_2026_07_31_14_42_13_095.jpg,C:\Users\yasha\Desktop\IMG\left_2026_07_31_14_42_13_095.jpg,C:\Users\yasha\Desktop\IMG\right_2026_07_31_14_42_13_095.jpg,0,1,0,30.18972
C:\Users\yasha\Desktop\IMG\center_2026_07_31_14_42_13_163.jpg,C:\Users\yasha\Desktop\IMG\left_2026_07_31_14_42_13_163.jpg,C:\Users\yasha\Desktop\IMG\right_2026_07_31_14_42_13_163.jpg,0,1,0,30.0611
C:\Users\yasha\Desktop\IMG\center_2026_07_31_14_42_13_233.jpg,C:\Users\yasha\Desktop\IMG\left_2026_07_31_14_42_13_233.jpg,C:\Users\yasha\Desktop\IMG\right_2026_07_31_14_42_13_233.jpg,0,1,0,30.5338
C:\Users\yasha\Desktop\IMG\center_2026_07_31_14_42_13_319.jpg,C:\Users\yasha\Desktop\IMG\left_2026_07_31_14_42_13_319.jpg,C:\Users\yasha\Desktop\IMG\right_2026_07_31_14_42_13_319.jpg,0,1,0,30.04477
C:\Users\yasha\Desktop\IMG\center_2026_07_31_14_42_13_411.jpg,C:\Users\yasha\Desktop\IMG\left_2026_07_31_14_42_13_411.jpg,C:\Users\yasha\Desktop\IMG\right_2026_07_31_14_42_13_411.jpg,-0.15,1,0,30.07862
C:\Users\yasha\Desktop\IMG\center_2026_07_31_14_42_13_499.jpg,C:\Users\yasha\Desktop\IMG\left_2026_07_31_14_42_13_499.jpg,C:\Users\yasha\Desktop\IMG\right_2026_07_31_14_42_13_499.jpg,-0.35,1,0,30.26799
C:\Users\yasha\Desktop\IMG\center_2026_07_31_14_42_13_591.jpg,C:\Users\yasha\Desktop\IMG\left_2026_07_31_14_42_13_591.jpg,C:\Users\yasha\Desktop\IMG\right_2026_07_31_14_42_13_591.jpg,0,1,0,30.18636
C:\Users\yasha\Desktop\IMG\center_2026_07_31_14_42_13_685.jpg,C:\Users\yasha\Desktop\IMG\left_2026_07_31_14_42_13_685.jpg,C:\Users\yasha\Desktop\IMG\right_2026_07_31_14_42_13_685.jpg,0,1,0,30.19015
C:\Users\yasha\Desktop\IMG\center_2026_07_31_14_42_13_775.jpg,C:\Users\yasha\Desktop\IMG\left_2026_07_31_14_42_13_775.jpg,C:\Users\yasha\Desktop\IMG\right_2026_07_31_14_42_13_775.jpg,0,1,0,30.19063
C:\Users\yasha\Desktop\IMG\center_2026_07_31_14_42_13_860.jpg,C:\Users\yasha\Desktop\IMG\left_2026_07_31_14_42_13_860.jpg,C:\Users\yasha\Desktop\IMG\right_2026_07_31_14_42_13_860.jpg,0,1,0,30.19048
C:\Users\yasha\Desktop\IMG\center_2026_07_31_14_42_13_954.jpg,C:\Users\yasha\Desktop\IMG\left_2026_07_31_14_42_13_954.jpg,C:\Users\yasha\Desktop\IMG\right_2026_07_31_14_42_13_954.jpg,0,1,0,30.19036
C:\Users\yasha\Desktop\IMG\center_2026_07_31_14_42_14_042.jpg,C:\Users\yasha\Desktop\IMG\left_2026_07_31_14_42_14_042.jpg,C:\Users\yasha\Desktop\IMG\right_2026_07_31_14_42_14_042.jpg,0,1,0,30.19032
C:\Users\yasha\Desktop\IMG\center_2026_07_31_14_42_14_128.jpg,C:\Users\yasha\Desktop\IMG\left_2026_07_31_14_42_14_128.jpg,C:\Users\yasha\Desktop\IMG\right_2026_07_31_14_42_14_128.jpg,0,1,0,30.19029
C:\Users\yasha\Desktop\IMG\center_2026_07_31_14_42_14_215.jpg,C:\Users\yasha\Desktop\IMG\left_2026_07_31_14_42_14_215.jpg,C:\Users\yasha\Desktop\IMG\right_2026_07_31_14_42_14_215.jpg,0.2,1,0,30.17985
C:\Users\yasha\Desktop\IMG\center_2026_07_31_14_42_14_304.jpg,C:\Users\yasha\Desktop\IMG\left_2026_07_31_14_42_14_304.jpg,C:\Users\yasha\Desktop\IMG\right_2026_07_31_14_42_14_304.jpg,0,1,0,30.19028
C:\Users\yasha\Desktop\IMG\center_2026_07_31_14_42_14_397.jpg,C:\Users\yasha\Desktop\IMG\left_2026_07_31_14_42_14_397.jpg,C:\Users\yasha\Desktop\IMG\right_2026_07_31_14_42_14_397.jpg,0,1,0,30.19027
C:\Users\yasha\Desktop\IMG\center_2026_07_31_14_42_14_489.jpg,C:\Users\yasha\Desktop\IMG\left_2026_07_31_14_42_14_489.jpg,C:\Users\yasha\Desktop\IMG\right_2026_07_31_14_42_14_489.jpg,0,1,0,30.19031
C:\Users\yasha\Desktop\IMG\center_2026_07_31_14_42_14_580.jpg,C:\Users\yasha\Desktop\IMG\left_2026_07_31_14_42_14_580.jpg,C:\Users\yasha\Desktop\IMG\right_2026_07_31_14_42_14_580.jpg,0,1,0,30.19029
C:\Users\yasha\Desktop\IMG\center_2026_07_31_14_42_14_652.jpg,C:\Users\yasha\Desktop\IMG\left_2026_07_31_14_42_14_652.jpg,C:\Users\yasha\Desktop\IMG\right_2026_07_31_14_42_14_652.jpg,0,1,0,30.1903
C:\Users\yasha\Desktop\IMG\center_2026_07_31_14_42_14_746.jpg,C:\Users\yasha\Desktop\IMG\left_2026_07_31_14_42_14_746.jpg,C:\Users\yasha\Desktop\IMG\right_2026_07_31_14_42_14_746.jpg,-0.2,1,0,30.17974
C:\Users\yasha\Desktop\IMG\center_2026_07_31_14_42_14_829.jpg,C:\Users\yasha\Desktop\IMG\left_2026_07_31_14_42_14_829.jpg,C:\Users\yasha\Desktop\IMG\right_2026_07_31_14_42_14_829.jpg,0,1,0,30.18878
C:\Users\yasha\Desktop\IMG\center_2026_07_31_14_42_14_920.jpg,C:\Users\yasha\Desktop\IMG\left_2026_07_31_14_42_14_920.jpg,C:\Users\yasha\Desktop\IMG\right_2026_07_31_14_42_14_920.jpg,0,1,0,30.19009
C:\Users\yasha\Desktop\IMG\center_2026_07_31_14_42_15_006.jpg,C:\Users\yasha\Desktop\IMG\left_2026_07_31_14_42_15_006.jpg,C:\Users\yasha\Desktop\IMG\right_2026_07_31_14_42_15_006.jpg,-0.1,1,0,30.18867
C:\Users\yasha\Desktop\IMG\center_2026_07_31_14_42_15_090.jpg,C:\Users\yasha\Desktop\IMG\left_2026_07_31_14_42_15_090.jpg,C:\Users\yasha\Desktop\IMG\right_2026_07_31_14_42_15_090.jpg,0,1,0,30.19055
C:\Users\yasha\Desktop\IMG\center_2026_07_31_14_42_15_187.jpg,C:\Users\yasha\Desktop\IMG\left_2026_07_31_14_42_15_187.jpg,C:\Users\yasha\Desktop\IMG\right_2026_07_31_14_42_15_187.jpg,0,1,0,30.19016
C:\Users\yasha\Desktop\IMG\center_2026_07_31_14_42_15_274.jpg,C:\Users\yasha\Desktop\IMG\left_2026_07_31_14_42_15_274.jpg,C:\Users\yasha\Desktop\IMG\right_2026_07_31_14_42_15_274.jpg,0,1,0,30.19035
C:\Users\yasha\Desktop\IMG\center_2026_07_31_14_42_15_366.jpg,C:\Users\yasha\Desktop\IMG\left_2026_07_31_14_42_15_366.jpg,C:\Users\yasha\Desktop\IMG\right_2026_07_31_14_42_15_366.jpg,0,1,0,30.1903
C:\Users\yasha\Desktop\IMG\center_2026_07_31_14_42_15_450.jpg,C:\Users\yasha\Desktop\IMG\left_2026_07_31_14_42_15_450.jpg,C:\Users\yasha\Desktop\IMG\right_2026_07_31_14_42_15_450.jpg,-0.1,1,0,30.18784
C:\Users\yasha\Desktop\IMG\center_2026_07_31_14_42_15_539.jpg,C:\Users\yasha\Desktop\IMG\left_2026_07_31_14_42_15_539.jpg,C:\Users\yasha\Desktop\IMG\right_2026_07_31_14_42_15_539.jpg,-0.3,1,0,30.16951
C:\Users\yasha\Desktop\IMG\center_2026_07_31_14_42_15_635.jpg,C:\Users\yasha\Desktop\IMG\left_2026_07_31_14_42_15_635.jpg,C:\Users\yasha\Desktop\IMG\right_2026_07_31_14_42_15_635.jpg,0,1,0,30.19004
C:\Users\yasha\Desktop\IMG\center_2026_07_31_14_42_15_719.jpg,C:\Users\yasha\Desktop\IMG\left_2026_07_31_14_42_15_719.jpg,C:\Users\yasha\Desktop\IMG\right_2026_07_31_14_42_15_719.jpg,0,0.9199987,0,30.19021
C:\Users\yasha\Desktop\IMG\center_2026_07_31_14_42_15_812.jpg,C:\Users\yasha\Desktop\IMG\left_2026_07_31_14_42_15_812.jpg,C:\Users\yasha\Desktop\IMG\right_2026_07_31_14_42_15_812.jpg,0,0,0,29.87219
C:\Users\yasha\Desktop\IMG\center_2026_07_31_14_42_15_917.jpg,C:\Users\yasha\Desktop\IMG\left_2026_07_31_14_42_15_917.jpg,C:\Users\yasha\Desktop\IMG\right_2026_07_31_14_42_15_917.jpg,0,0,0.2776647,28.76211
C:\Users\yasha\Desktop\IMG\center_2026_07_31_14_42_15_986.jpg,C:\Users\yasha\Desktop\IMG\left_2026_07_31_14_42_15_986.jpg,C:\Users\yasha\Desktop\IMG\right_2026_07_31_14_42_15_986.jpg,0,0,0.478896,27.34571
C:\Users\yasha\Desktop\IMG\center_2026_07_31_14_42_16_076.jpg,C:\Users\yasha\Desktop\IMG\left_2026_07_31_14_42_16_076.jpg,C:\Users\yasha\Desktop\IMG\right_2026_07_31_14_42_16_076.jpg,0,0,0.7462143,25.94564
C:\Users\yasha\Desktop\IMG\center_2026_07_31_14_42_16_168.jpg,C:\Users\yasha\Desktop\IMG\left_2026_07_31_14_42_16_168.jpg,C:\Users\yasha\Desktop\IMG\right_2026_07_31_14_42_16_168.jpg,0,0,1,24.21956
C:\Users\yasha\Desktop\IMG\center_2026_07_31_14_42_16_249.jpg,C:\Users\yasha\Desktop\IMG\left_2026_07_31_14_42_16_249.jpg,C:\Users\yasha\Desktop\IMG\right_2026_07_31_14_42_16_249.jpg,0,0,1,22.85638
C:\Users\yasha\Desktop\IMG\center_2026_07_31_14_42_16_333.jpg,C:\Users\yasha\Desktop\IMG\left_2026_07_31_14_42_16_333.jpg,C:\Users\yasha\Desktop\IMG\right_2026_07_31_14_42_16_333.jpg,0,0,1,21.50917
C:\Users\yasha\Desktop\IMG\center_2026_07_31_14_42_16_414.jpg,C:\Users\yasha\Desktop\IMG\left_2026_07_31_14_42_16_414.jpg,C:\Users\yasha\Desktop\IMG\right_2026_07_31_14_42_16_414.jpg,0,0,1,20.17745
C:\Users\yasha\Desktop\IMG\center_2026_07_31_14_42_16_498.jpg,C:\Users\yasha\Desktop\IMG\left_2026_07_31_14_42_16_498.jpg,C:\Users\yasha\Desktop\IMG\right_2026_07_31_14_42_16_498.jpg,0,0,1,18.53434
C:\Users\yasha\Desktop\IMG\center_2026_07_31_14_42_16_581.jpg,C:\Users\yasha\Desktop\IMG\left_2026_07_31_14_42_16_581.jpg,C:\Users\yasha\Desktop\IMG\right_2026_07_31_14_42_16_581.jpg,0,0,1,17.23635
C:\Users\yasha\Desktop\IMG\center_2026_07_31_14_42_16_671.jpg,C:\Users\yasha\Desktop\IMG\left_2026_07_31_14_42_16_671.jpg,C:\Users\yasha\Desktop\IMG\right_2026_07_31_14_42_16_671.jpg,0,0,1,15.95324
C:\Users\yasha\Desktop\IMG\center_2026_07_31_14_42_16_754.jpg,C:\Users\yasha\Desktop\IMG\left_2026_07_31_14_42_16_754.jpg,C:\Users\yasha\Desktop\IMG\right_2026_07_31_14_42_16_754.jpg,0,0,1,14.68475
C:\Users\yasha\Desktop\IMG\center_2026_07_31_14_42_16_837.jpg,C:\Users\yasha\Desktop\IMG\left_2026_07_31_14_42_16_837.jpg,C:\Users\yasha\Desktop\IMG\right_2026_07_31_14_42_16_837.jpg,0,0,1,13.43068
C:\Users\yasha\Desktop\IMG\center_2026_07_31_14_42_16_923.jpg,C:\Users\yasha\Desktop\IMG\left_2026_07_31_14_42_16_923.jpg,C:\Users\yasha\Desktop\IMG\right_2026_07_31_14_42_16_923.jpg,0,0,1,11.88374
C:\Users\yasha\Desktop\IMG\center_2026_07_31_14_42_17_006.jpg,C:\Users\yasha\Desktop\IMG\left_2026_07_31_14_42_17_006.jpg,C:\Users\yasha\Desktop\IMG\right_2026_07_31_14_42_17_006.jpg,0,0,1,10.69288
C:\Users\yasha\Desktop\IMG\center_2026_07_31_14_42_17_092.jpg,C:\Users\yasha\Desktop\IMG\left_2026_07_31_14_42_17_092.jpg,C:\Users\yasha\Desktop\IMG\right_2026_07_31_14_42_17_092.jpg,0,0,1,9.459046
C:\Users\yasha\Desktop\IMG\center_2026_07_31_14_42_17_171.jpg,C:\Users\yasha\Desktop\IMG\left_2026_07_31_14_42_17_171.jpg,C:\Users\yasha\Desktop\IMG\right_2026_07_31_14_42_17_171.jpg,0,0,1,8.255596
C:\Users\yasha\Desktop\IMG\center_2026_07_31_14_42_17_253.jpg,C:\Users\yasha\Desktop\IMG\left_2026_07_31_14_42_17_253.jpg,C:\Users\yasha\Desktop\IMG\right_2026_07_31_14_42_17_253.jpg,0,0,1,7.073432
C:\Users\yasha\Desktop\IMG\center_2026_07_31_14_42_17_329.jpg,C:\Users\yasha\Desktop\IMG\left_2026_07_31_14_42_17_329.jpg,C:\Users\yasha\Desktop\IMG\right_2026_07_31_14_42_17_329.jpg,0,0,1,5.907138
C:\Users\yasha\Desktop\IMG\center_2026_07_31_14_42_17_410.jpg,C:\Users\yasha\Desktop\IMG\left_2026_07_31_14_42_17_410.jpg,C:\Users\yasha\Desktop\IMG\right_2026_07_31_14_42_17_410.jpg,-0.2,0,1,4.746891
C:\Users\yasha\Desktop\IMG\center_2026_07_31_14_42_17_480.jpg,C:\Users\yasha\Desktop\IMG\left_2026_07_31_14_42_17_480.jpg,C:\Users\yasha\Desktop\IMG\right_2026_07_31_14_42_17_480.jpg,-0.4,0,1,4.225994
C:\Users\yasha\Desktop\IMG\center_2026_07_31_14_42_17_566.jpg,C:\Users\yasha\Desktop\IMG\left_2026_07_31_14_42_17_566.jpg,C:\Users\yasha\Desktop\IMG\right_2026_07_31_14_42_17_566.jpg,0,0,1,3.867328
C:\Users\yasha\Desktop\IMG\center_2026_07_31_14_42_17_642.jpg,C:\Users\yasha\Desktop\IMG\left_2026_07_31_14_42_17_642.jpg,C:\Users\yasha\Desktop\IMG\right_2026_07_31_14_42_17_642.jpg,0,0,1,3.548314
C:\Users\yasha\Desktop\IMG\center_2026_07_31_14_42_17_726.jpg,C:\Users\yasha\Desktop\IMG\left_2026_07_31_14_42_17_726.jpg,C:\Users\yasha\Desktop\IMG\right_2026_07_31_14_42_17_726.jpg,0,0,1,3.195038
C:\Users\yasha\Desktop\IMG\center_2026_07_31_14_42_17_805.jpg,C:\Users\yasha\Desktop\IMG\left_2026_07_31_14_42_17_805.jpg,C:\Users\yasha\Desktop\IMG\right_2026_07_31_14_42_17_805.jpg,0,0,1,2.883018
C:\Users\yasha\Desktop\IMG\center_2026_07_31_14_42_17_885.jpg,C:\Users\yasha\Desktop\IMG\left_2026_07_31_14_42_17_885.jpg,C:\Users\yasha\Desktop\IMG\right_2026_07_31_14_42_17_885.jpg,0,0,1,2.612746
C:\Users\yasha\Desktop\IMG\center_2026_07_31_14_42_17_981.jpg,C:\Users\yasha\Desktop\IMG\left_2026_07_31_14_42_17_981.jpg,C:\Users\yasha\Desktop\IMG\right_2026_07_31_14_42_17_981.jpg,0,0,1,2.193141
C:\Users\yasha\Desktop\IMG\center_2026_07_31_14_42_18_063.jpg,C:\Users\yasha\Desktop\IMG\left_2026_07_31_14_42_18_063.jpg,C:\Users\yasha\Desktop\IMG\right_2026_07_31_14_42_18_063.jpg,0,0,1,1.852983
C:\Users\yasha\Desktop\IMG\center_2026_07_31_14_42_18_140.jpg,C:\Users\yasha\Desktop\IMG\left_2026_07_31_14_42_18_140.jpg,C:\Users\yasha\Desktop\IMG\right_2026_07_31_14_42_18_140.jpg,0,0,1,1.600865
C:\Users\yasha\Desktop\IMG\center_2026_07_31_14_42_18_222.jpg,C:\Users\yasha\Desktop\IMG\left_2026_07_31_14_42_18_222.jpg,C:\Users\yasha\Desktop\IMG\right_2026_07_31_14_42_18_222.jpg,0,0,1,1.249815
C:\Users\yasha\Desktop\IMG\center_2026_07_31_14_42_18_302.jpg,C:\Users\yasha\Desktop\IMG\left_2026_07_31_14_42_18_302.jpg,C:\Users\yasha\Desktop\IMG\right_2026_07_31_14_42_18_302.jpg,0,0,1,0.988171
C:\Users\yasha\Desktop\IMG\center_2026_07_31_14_42_18_386.jpg,C:\Users\yasha\Desktop\IMG\left_2026_07_31_14_42_18_386.jpg,C:\Users\yasha\Desktop\IMG\right_2026_07_31_14_42_18_386.jpg,0,0,1,0.6496242
C:\Users\yasha\Desktop\IMG\center_2026_07_31_14_42_18_446.jpg,C:\Users\yasha\Desktop\IMG\left_2026_07_31_14_42_18_446.jpg,C:\Users\yasha\Desktop\IMG\right_2026_07_31_14_42_18_446.jpg,0,0,1,0.441461
C:\Users\yasha\Desktop\IMG\center_2026_07_31_14_42_18_536.jpg,C:\Users\yasha\Desktop\IMG\left_2026_07_31_14_42_18_536.jpg,C:\Users\yasha\Desktop\IMG\right_2026_07_31_14_42_18_536.jpg,0,0,1,0.1647615
C:\Users\yasha\Desktop\IMG\center_2026_07_31_14_42_18_616.jpg,C:\Users\yasha\Desktop\IMG\left_2026_07_31_14_42_18_616.jpg,C:\Users\yasha\Desktop\IMG\right_2026_07_31_14_42_18_616.jpg,0,0,1,0.1171672
C:\Users\yasha\Desktop\IMG\center_2026_07_31_14_42_18_672.jpg,C:\Users\yasha\Desktop\IMG\left_2026_07_31_14_42_18_672.jpg,C:\Users\yasha\Desktop\IMG\right_2026_07_31_14_42_18_672.jpg,0,0,1,0.4436918
C:\Users\yasha\Desktop\IMG\center_2026_07_31_14_42_18_752.jpg,C:\Users\yasha\Desktop\IMG\left_2026_07_31_14_42_18_752.jpg,C:\Users\yasha\Desktop\IMG\right_2026_07_31_14_42_18_752.jpg,0,0,1,0.6075629
C:\Users\yasha\Desktop\IMG\center_2026_07_31_14_42_18_830.jpg,C:\Users\yasha\Desktop\IMG\left_2026_07_31_14_42_18_830.jpg,C:\Users\yasha\Desktop\IMG\right_2026_07_31_14_42_18_830.jpg,0,0,1,0.9521618
C:\Users\yasha\Desktop\IMG\center_2026_07_31_14_42_18_909.jpg,C:\Users\yasha\Desktop\IMG\left_2026_07_31_14_42_18_909.jpg,C:\Users\yasha\Desktop\IMG\right_2026_07_31_14_42_18_909.jpg,0,0,1,1.219495
C:\Users\yasha\Desktop\IMG\center_2026_07_31_14_42_18_987.jpg,C:\Users\yasha\Desktop\IMG\left_2026_07_31_14_42_18_987.jpg,C:\Users\yasha\Desktop\IMG\right_2026_07_31_14_42_18_987.jpg,0,0,1,1.498538
C:\Users\yasha\Desktop\IMG\center_2026_07_31_14_42_19_071.jpg,C:\Users\yasha\Desktop\IMG\left_2026_07_31_14_42_19_071.jpg,C:\Users\yasha\Desktop\IMG\right_2026_07_31_14_42_19_071.jpg,0,0,1,1.783404
C:\Users\yasha\Desktop\IMG\center_2026_07_31_14_42_19_138.jpg,C:\Users\yasha\Desktop\IMG\left_2026_07_31_14_42_19_138.jpg,C:\Users\yasha\Desktop\IMG\right_2026_07_31_14_42_19_138.jpg,0,0,1,2.042526
C:\Users\yasha\Desktop\IMG\center_2026_07_31_14_42_19_213.jpg,C:\Users\yasha\Desktop\IMG\left_2026_07_31_14_42_19_213.jpg,C:\Users\yasha\Desktop\IMG\right_2026_07_31_14_42_19_213.jpg,0,0,1,2.299466
C:\Users\yasha\Desktop\IMG\center_2026_07_31_14_42_19_283.jpg,C:\Users\yasha\Desktop\IMG\left_2026_07_31_14_42_19_283.jpg,C:\Users\yasha\Desktop\IMG\right_2026_07_31_14_42_19_283.jpg,0,0,1,2.51589
C:\Users\yasha\Desktop\IMG\center_2026_07_31_14_42_19_368.jpg,C:\Users\yasha\Desktop\IMG\left_2026_07_31_14_42_19_368.jpg,C:\Users\yasha\Desktop\IMG\right_2026_07_31_14_42_19_368.jpg,0,0,1,2.872609
C:\Users\yasha\Desktop\IMG\center_2026_07_31_14_42_19_459.jpg,C:\Users\yasha\Desktop\IMG\left_2026_07_31_14_42_19_459.jpg,C:\Users\yasha\Desktop\IMG\right_2026_07_31_14_42_19_459.jpg,0,0,1,3.153358
C:\Users\yasha\Desktop\IMG\center_2026_07_31_14_42_19_540.jpg,C:\Users\yasha\Desktop\IMG\left_2026_07_31_14_42_19_540.jpg,C:\Users\yasha\Desktop\IMG\right_2026_07_31_14_42_19_540.jpg,0,0,1,3.414914
C:\Users\yasha\Desktop\IMG\center_2026_07_31_14_42_19_626.jpg,C:\Users\yasha\Desktop\IMG\left_2026_07_31_14_42_19_626.jpg,C:\Users\yasha\Desktop\IMG\right_2026_07_31_14_42_19_626.jpg,0,0,1,3.674113
C:\Users\yasha\Desktop\IMG\center_2026_07_31_14_42_19_700.jpg,C:\Users\yasha\Desktop\IMG\left_2026_07_31_14_42_19_700.jpg,C:\Users\yasha\Desktop\IMG\right_2026_07_31_14_42_19_700.jpg,0,0,1,3.930444
C:\Users\yasha\Desktop\IMG\center_2026_07_31_14_42_19_784.jpg,C:\Users\yasha\Desktop\IMG\left_2026_07_31_14_42_19_784.jpg,C:\Users\yasha\Desktop\IMG\right_2026_07_31_14_42_19_784.jpg,0,0,1,4.18548
C:\Users\yasha\Desktop\IMG\center_2026_07_31_14_42_19_860.jpg,C:\Users\yasha\Desktop\IMG\left_2026_07_31_14_42_19_860.jpg,C:\Users\yasha\Desktop\IMG\right_2026_07_31_14_42_19_860.jpg,0,0,1,4.440596
C:\Users\yasha\Desktop\IMG\center_2026_07_31_14_42_19_949.jpg,C:\Users\yasha\Desktop\IMG\left_2026_07_31_14_42_19_949.jpg,C:\Users\yasha\Desktop\IMG\right_2026_07_31_14_42_19_949.jpg,0,0,1,4.756689
C:\Users\yasha\Desktop\IMG\center_2026_07_31_14_42_20_018.jpg,C:\Users\yasha\Desktop\IMG\left_2026_07_31_14_42_20_018.jpg,C:\Users\yasha\Desktop\IMG\right_2026_07_31_14_42_20_018.jpg,0,0,1,4.944794
C:\Users\yasha\Desktop\IMG\center_2026_07_31_14_42_20_090.jpg,C:\Users\yasha\Desktop\IMG\left_2026_07_31_14_42_20_090.jpg,C:\Users\yasha\Desktop\IMG\right_2026_07_31_14_42_20_090.jpg,0,0,1,5.193791
C:\Users\yasha\Desktop\IMG\center_2026_07_31_14_42_20_162.jpg,C:\Users\yasha\Desktop\IMG\left_2026_07_31_14_42_20_162.jpg,C:\Users\yasha\Desktop\IMG\right_2026_07_31_14_42_20_162.jpg,0,0,1,5.379181
C:\Users\yasha\Desktop\IMG\center_2026_07_31_14_42_20_240.jpg,C:\Users\yasha\Desktop\IMG\left_2026_07_31_14_42_20_240.jpg,C:\Users\yasha\Desktop\IMG\right_2026_07_31_14_42_20_240.jpg,0,0,1,5.624549
C:\Users\yasha\Desktop\IMG\center_2026_07_31_14_42_20_318.jpg,C:\Users\yasha\Desktop\IMG\left_2026_07_31_14_42_20_318.jpg,C:\Users\yasha\Desktop\IMG\right_2026_07_31_14_42_20_318.jpg,0,0,1,5.867839
C:\Users\yasha\Desktop\IMG\center_2026_07_31_14_42_20_397.jpg,C:\Users\yasha\Desktop\IMG\left_2026_07_31_14_42_20_397.jpg,C:\Users\yasha\Desktop\IMG\right_2026_07_31_14_42_20_397.jpg,0,0,1,6.109066
C:\Users\yasha\Desktop\IMG\center_2026_07_31_14_42_20_471.jpg,C:\Users\yasha\Desktop\IMG\left_2026_07_31_14_42_20_471.jpg,C:\Users\yasha\Desktop\IMG\right_2026_07_31_14_42_20_471.jpg,0,0,1,6.348238
C:\Users\yasha\Desktop\IMG\center_2026_07_31_14_42_20_541.jpg,C:\Users\yasha\Desktop\IMG\left_2026_07_31_14_42_20_541.jpg,C:\Users\yasha\Desktop\IMG\right_2026_07_31_14_42_20_541.jpg,0,0,1,6.52615
C:\Users\yasha\Desktop\IMG\center_2026_07_31_14_42_20_630.jpg,C:\Users\yasha\Desktop\IMG\left_2026_07_31_14_42_20_630.jpg,C:\Users\yasha\Desktop\IMG\right_2026_07_31_14_42_20_630.jpg,0,0,1,6.820176
C:\Users\yasha\Desktop\IMG\center_2026_07_31_14_42_20_708.jpg,C:\Users\yasha\Desktop\IMG\left_2026_07_31_14_42_20_708.jpg,C:\Users\yasha\Desktop\IMG\right_2026_07_31_14_42_20_708.jpg,0,0,1,7.053288
C:\Users\yasha\Desktop\IMG\center_2026_07_31_14_42_20_786.jpg,C:\Users\yasha\Desktop\IMG\left_2026_07_31_14_42_20_786.jpg,C:\Users\yasha\Desktop\IMG\right_2026_07_31_14_42_20_786.jpg,0,0,1,7.22681
C:\Users\yasha\Desktop\IMG\center_2026_07_31_14_42_20_876.jpg,C:\Users\yasha\Desktop\IMG\left_2026_07_31_14_42_20_876.jpg,C:\Users\yasha\Desktop\IMG\right_2026_07_31_14_42_20_876.jpg,0,0,1,7.513556
C:\Users\yasha\Desktop\IMG\center_2026_07_31_14_42_20_956.jpg,C:\Users\yasha\Desktop\IMG\left_2026_07_31_14_42_20_956.jpg,C:\Users\yasha\Desktop\IMG\right_2026_07_31_14_42_20_956.jpg,0,0,1,7.740753
C:\Users\yasha\Desktop\IMG\center_2026_07_31_14_42_21_054.jpg,C:\Users\yasha\Desktop\IMG\left_2026_07_31_14_42_21_054.jpg,C:\Users\yasha\Desktop\IMG\right_2026_07_31_14_42_21_054.jpg,0,0,1,8.022025
C:\Users\yasha\Desktop\IMG\center_2026_07_31_14_42_21_137.jpg,C:\Users\yasha\Desktop\IMG\left_2026_07_31_14_42_21_137.jpg,C:\Users\yasha\Desktop\IMG\right_2026_07_31_14_42_21_137.jpg,0,0,1,8.244887
C:\Users\yasha\Desktop\IMG\center_2026_07_31_14_42_21_226.jpg,C:\Users\yasha\Desktop\IMG\left_2026_07_31_14_42_21_226.jpg,C:\Users\yasha\Desktop\IMG\right_2026_07_31_14_42_21_226.jpg,0,0,1,8.465842
C:\Users\yasha\Desktop\IMG\center_2026_07_31_14_42_21_307.jpg,C:\Users\yasha\Desktop\IMG\left_2026_07_31_14_42_21_307.jpg,C:\Users\yasha\Desktop\IMG\right_2026_07_31_14_42_21_307.jpg,0,0,1,8.684919
C:\Users\yasha\Desktop\IMG\center_2026_07_31_14_42_21_386.jpg,C:\Users\yasha\Desktop\IMG\left_2026_07_31_14_42_21_386.jpg,C:\Users\yasha\Desktop\IMG\right_2026_07_31_14_42_21_386.jpg,0,0,1,8.95614
C:\Users\yasha\Desktop\IMG\center_2026_07_31_14_42_21_455.jpg,C:\Users\yasha\Desktop\IMG\left_2026_07_31_14_42_21_455.jpg,C:\Users\yasha\Desktop\IMG\right_2026_07_31_14_42_21_455.jpg,0,0,1,9.117484
C:\Users\yasha\Desktop\IMG\center_2026_07_31_14_42_21_545.jpg,C:\Users\yasha\Desktop\IMG\left_2026_07_31_14_42_21_545.jpg,C:\Users\yasha\Desktop\IMG\right_2026_07_31_14_42_21_545.jpg,0,0,1,9.330914
C:\Users\yasha\Desktop\IMG\center_2026_07_31_14_42_21_621.jpg,C:\Users\yasha\Desktop\IMG\left_2026_07_31_14_42_21_621.jpg,C:\Users\yasha\Desktop\IMG\right_2026_07_31_14_42_21_621.jpg,0,0,1,9.542606
C:\Users\yasha\Desktop\IMG\center_2026_07_31_14_42_21_711.jpg,C:\Users\yasha\Desktop\IMG\left_2026_07_31_14_42_21_711.jpg,C:\Users\yasha\Desktop\IMG\right_2026_07_31_14_42_21_711.jpg,0,0,1,9.804693
C:\Users\yasha\Desktop\IMG\center_2026_07_31_14_42_21_791.jpg,C:\Users\yasha\Desktop\IMG\left_2026_07_31_14_42_21_791.jpg,C:\Users\yasha\Desktop\IMG\right_2026_07_31_14_42_21_791.jpg,0,0,1,10.01235
C:\Users\yasha\Desktop\IMG\center_2026_07_31_14_42_21_862.jpg,C:\Users\yasha\Desktop\IMG\left_2026_07_31_14_42_21_862.jpg,C:\Users\yasha\Desktop\IMG\right_2026_07_31_14_42_21_862.jpg,0,0,1,10.16693
C:\Users\yasha\Desktop\IMG\center_2026_07_31_14_42_21_936.jpg,C:\Users\yasha\Desktop\IMG\left_2026_07_31_14_42_21_936.jpg,C:\Users\yasha\Desktop\IMG\right_2026_07_31_14_42_21_936.jpg,0,0,1,10.37149
C:\Users\yasha\Desktop\IMG\center_2026_07_31_14_42_22_026.jpg,C:\Users\yasha\Desktop\IMG\left_2026_07_31_14_42_22_026.jpg,C:\Users\yasha\Desktop\IMG\right_2026_07_31_14_42_22_026.jpg,0,0,1,10.57431
C:\Users\yasha\Desktop\IMG\center_2026_07_31_14_42_22_108.jpg,C:\Users\yasha\Desktop\IMG\left_2026_07_31_14_42_22_108.jpg,C:\Users\yasha\Desktop\IMG\right_2026_07_31_14_42_22_108.jpg,0,0,1,10.8254
C:\Users\yasha\Desktop\IMG\center_2026_07_31_14_42_22_202.jpg,C:\Users\yasha\Desktop\IMG\left_2026_07_31_14_42_22_202.jpg,C:\Users\yasha\Desktop\IMG\right_2026_07_31_14_42_22_202.jpg,0,0,1,11.02423
C:\Users\yasha\Desktop\IMG\center_2026_07_31_14_42_22_283.jpg,C:\Users\yasha\Desktop\IMG\left_2026_07_31_14_42_22_283.jpg,C:\Users\yasha\Desktop\IMG\right_2026_07_31_14_42_22_283.jpg,0,0,1,11.22147
C:\Users\yasha\Desktop\IMG\center_2026_07_31_14_42_22_371.jpg,C:\Users\yasha\Desktop\IMG\left_2026_07_31_14_42_22_371.jpg,C:\Users\yasha\Desktop\IMG\right_2026_07_31_14_42_22_371.jpg,0,0,1,11.43003
C:\Users\yasha\Desktop\IMG\center_2026_07_31_14_42_22_452.jpg,C:\Users\yasha\Desktop\IMG\left_2026_07_31_14_42_22_452.jpg,C:\Users\yasha\Desktop\IMG\right_2026_07_31_14_42_22_452.jpg,0,0,1,11.49624
C:\Users\yasha\Desktop\IMG\center_2026_07_31_14_42_22_535.jpg,C:\Users\yasha\Desktop\IMG\left_2026_07_31_14_42_22_535.jpg,C:\Users\yasha\Desktop\IMG\right_2026_07_31_14_42_22_535.jpg,0,0,1,11.75376
C:\Users\yasha\Desktop\IMG\center_2026_07_31_14_42_22_628.jpg,C:\Users\yasha\Desktop\IMG\left_2026_07_31_14_42_22_628.jpg,C:\Users\yasha\Desktop\IMG\right_2026_07_31_14_42_22_628.jpg,0,0,1,11.95429
C:\Users\yasha\Desktop\IMG\center_2026_07_31_14_42_22_701.jpg,C:\Users\yasha\Desktop\IMG\left_2026_07_31_14_42_22_701.jpg,C:\Users\yasha\Desktop\IMG\right_2026_07_31_14_42_22_701.jpg,0,0,1,12.10842
C:\Users\yasha\Desktop\IMG\center_2026_07_31_14_42_22_769.jpg,C:\Users\yasha\Desktop\IMG\left_2026_07_31_14_42_22_769.jpg,C:\Users\yasha\Desktop\IMG\right_2026_07_31_14_42_22_769.jpg,0,0,1,12.17093
C:\Users\yasha\Desktop\IMG\center_2026_07_31_14_42_22_866.jpg,C:\Users\yasha\Desktop\IMG\left_2026_07_31_14_42_22_866.jpg,C:\Users\yasha\Desktop\IMG\right_2026_07_31_14_42_22_866.jpg,0,0,1,12.37762
C:\Users\yasha\Desktop\IMG\center_2026_07_31_14_42_22_953.jpg,C:\Users\yasha\Desktop\IMG\left_2026_07_31_14_42_22_953.jpg,C:\Users\yasha\Desktop\IMG\right_2026_07_31_14_42_22_953.jpg,0,0,1,12.63222
C:\Users\yasha\Desktop\IMG\center_2026_07_31_14_42_23_039.jpg,C:\Users\yasha\Desktop\IMG\left_2026_07_31_14_42_23_039.jpg,C:\Users\yasha\Desktop\IMG\right_2026_07_31_14_42_23_039.jpg,0,0,1,13.01616
C:\Users\yasha\Desktop\IMG\center_2026_07_31_14_42_23_130.jpg,C:\Users\yasha\Desktop\IMG\left_2026_07_31_14_42_23_130.jpg,C:\Users\yasha\Desktop\IMG\right_2026_07_31_14_42_23_130.jpg,0,0,1,13.20073
C:\Users\yasha\Desktop\IMG\center_2026_07_31_14_42_23_201.jpg,C:\Users\yasha\Desktop\IMG\left_2026_07_31_14_42_23_201.jpg,C:\Users\yasha\Desktop\IMG\right_2026_07_31_14_42_23_201.jpg,0,0,1,13.38044
C:\Users\yasha\Desktop\IMG\center_2026_07_31_14_42_23_306.jpg,C:\Users\yasha\Desktop\IMG\left_2026_07_31_14_42_23_306.jpg,C:\Users\yasha\Desktop\IMG\right_2026_07_31_14_42_23_306.jpg,0,0,1,13.4014
C:\Users\yasha\Desktop\IMG\center_2026_07_31_14_42_23_373.jpg,C:\Users\yasha\Desktop\IMG\left_2026_07_31_14_42_23_373.jpg,C:\Users\yasha\Desktop\IMG\right_2026_07_31_14_42_23_373.jpg,0,0,1,13.59297
C:\Users\yasha\Desktop\IMG\center_2026_07_31_14_42_23_463.jpg,C:\Users\yasha\Desktop\IMG\left_2026_07_31_14_42_23_463.jpg,C:\Users\yasha\Desktop\IMG\right_2026_07_31_14_42_23_463.jpg,0,0,1,13.78898
C:\Users\yasha\Desktop\IMG\center_2026_07_31_14_42_23_559.jpg,C:\Users\yasha\Desktop\IMG\left_2026_07_31_14_42_23_559.jpg,C:\Users\yasha\Desktop\IMG\right_2026_07_31_14_42_23_559.jpg,0,0,1,13.97743
C:\Users\yasha\Desktop\IMG\center_2026_07_31_14_42_23_626.jpg,C:\Users\yasha\Desktop\IMG\left_2026_07_31_14_42_23_626.jpg,C:\Users\yasha\Desktop\IMG\right_2026_07_31_14_42_23_626.jpg,0,0,1,14.11629
C:\Users\yasha\Desktop\IMG\center_2026_07_31_14_42_23_719.jpg,C:\Users\yasha\Desktop\IMG\left_2026_07_31_14_42_23_719.jpg,C:\Users\yasha\Desktop\IMG\right_2026_07_31_14_42_23_719.jpg,0,0,1,14.31775
C:\Users\yasha\Desktop\IMG\center_2026_07_31_14_42_23_811.jpg,C:\Users\yasha\Desktop\IMG\left_2026_07_31_14_42_23_811.jpg,C:\Users\yasha\Desktop\IMG\right_2026_07_31_14_42_23_811.jpg,0,0,1,14.75789
C:\Users\yasha\Desktop\IMG\center_2026_07_31_14_42_23_899.jpg,C:\Users\yasha\Desktop\IMG\left_2026_07_31_14_42_23_899.jpg,C:\Users\yasha\Desktop\IMG\right_2026_07_31_14_42_23_899.jpg,0,0,1,14.92322
C:\Users\yasha\Desktop\IMG\center_2026_07_31_14_42_23_958.jpg,C:\Users\yasha\Desktop\IMG\left_2026_07_31_14_42_23_958.jpg,C:\Users\yasha\Desktop\IMG\right_2026_07_31_14_42_23_958.jpg,0,0,1,15.08834
C:\Users\yasha\Desktop\IMG\center_2026_07_31_14_42_24_051.jpg,C:\Users\yasha\Desktop\IMG\left_2026_07_31_14_42_24_051.jpg,C:\Users\yasha\Desktop\IMG\right_2026_07_31_14_42_24_051.jpg,0,0,1,15.2489
C:\Users\yasha\Desktop\IMG\center_2026_07_31_14_42_24_138.jpg,C:\Users\yasha\Desktop\IMG\left_2026_07_31_14_42_24_138.jpg,C:\Users\yasha\Desktop\IMG\right_2026_07_31_14_42_24_138.jpg,0,0,1,15.4078
C:\Users\yasha\Desktop\IMG\center_2026_07_31_14_42_24_219.jpg,C:\Users\yasha\Desktop\IMG\left_2026_07_31_14_42_24_219.jpg,C:\Users\yasha\Desktop\IMG\right_2026_07_31_14_42_24_219.jpg,0,0,1,15.34494
C:\Users\yasha\Desktop\IMG\center_2026_07_31_14_42_24_315.jpg,C:\Users\yasha\Desktop\IMG\left_2026_07_31_14_42_24_315.jpg,C:\Users\yasha\Desktop\IMG\right_2026_07_31_14_42_24_315.jpg,-0.15,0,1,15.70533
C:\Users\yasha\Desktop\IMG\center_2026_07_31_14_42_24_400.jpg,C:\Users\yasha\Desktop\IMG\left_2026_07_31_14_42_24_400.jpg,C:\Users\yasha\Desktop\IMG\right_2026_07_31_14_42_24_400.jpg,-0.35,0,1,15.83533
C:\Users\yasha\Desktop\IMG\center_2026_07_31_14_42_24_481.jpg,C:\Users\yasha\Desktop\IMG\left_2026_07_31_14_42_24_481.jpg,C:\Users\yasha\Desktop\IMG\right_2026_07_31_14_42_24_481.jpg,0,0,1,15.95879
C:\Users\yasha\Desktop\IMG\center_2026_07_31_14_42_24_552.jpg,C:\Users\yasha\Desktop\IMG\left_2026_07_31_14_42_24_552.jpg,C:\Users\yasha\Desktop\IMG\right_2026_07_31_14_42_24_552.jpg,-0.1,0,1,16.1132
C:\Users\yasha\Desktop\IMG\center_2026_07_31_14_42_24_622.jpg,C:\Users\yasha\Desktop\IMG\left_2026_07_31_14_42_24_622.jpg,C:\Users\yasha\Desktop\IMG\right_2026_07_31_14_42_24_622.jpg,-0.25,0,1,16.05223
C:\Users\yasha\Desktop\IMG\center_2026_07_31_14_42_24_714.jpg,C:\Users\yasha\Desktop\IMG\left_2026_07_31_14_42_24_714.jpg,C:\Users\yasha\Desktop\IMG\right_2026_07_31_14_42_24_714.jpg,0,0,1,16.36429
C:\Users\yasha\Desktop\IMG\center_2026_07_31_14_42_24_804.jpg,C:\Users\yasha\Desktop\IMG\left_2026_07_31_14_42_24_804.jpg,C:\Users\yasha\Desktop\IMG\right_2026_07_31_14_42_24_804.jpg,0,0,1,16.49442
C:\Users\yasha\Desktop\IMG\center_2026_07_31_14_42_24_886.jpg,C:\Users\yasha\Desktop\IMG\left_2026_07_31_14_42_24_886.jpg,C:\Users\yasha\Desktop\IMG\right_2026_07_31_14_42_24_886.jpg,-0.2,0,1,16.64929
C:\Users\yasha\Desktop\IMG\center_2026_07_31_14_42_24_956.jpg,C:\Users\yasha\Desktop\IMG\left_2026_07_31_14_42_24_956.jpg,C:\Users\yasha\Desktop\IMG\right_2026_07_31_14_42_24_956.jpg,0,0,1,16.77918
C:\Users\yasha\Desktop\IMG\center_2026_07_31_14_42_25_041.jpg,C:\Users\yasha\Desktop\IMG\left_2026_07_31_14_42_25_041.jpg,C:\Users\yasha\Desktop\IMG\right_2026_07_31_14_42_25_041.jpg,-0.1,0,1,16.91882
C:\Users\yasha\Desktop\IMG\center_2026_07_31_14_42_25_147.jpg,C:\Users\yasha\Desktop\IMG\left_2026_07_31_14_42_25_147.jpg,C:\Users\yasha\Desktop\IMG\right_2026_07_31_14_42_25_147.jpg,-0.35,0,1,16.95199
C:\Users\yasha\Desktop\IMG\center_2026_07_31_14_42_25_232.jpg,C:\Users\yasha\Desktop\IMG\left_2026_07_31_14_42_25_232.jpg,C:\Users\yasha\Desktop\IMG\right_2026_07_31_14_42_25_232.jpg,0,0,1,17.19581
C:\Users\yasha\Desktop\IMG\center_2026_07_31_14_42_25_298.jpg,C:\Users\yasha\Desktop\IMG\left_2026_07_31_14_42_25_298.jpg,C:\Users\yasha\Desktop\IMG\right_2026_07_31_14_42_25_298.jpg,-0.15,0,1,17.19221
C:\Users\yasha\Desktop\IMG\center_2026_07_31_14_42_25_366.jpg,C:\Users\yasha\Desktop\IMG\left_2026_07_31_14_42_25_366.jpg,C:\Users\yasha\Desktop\IMG\right_2026_07_31_14_42_25_366.jpg,-0.3,0,1,17.36962
C:\Users\yasha\Desktop\IMG\center_2026_07_31_14_42_25_454.jpg,C:\Users\yasha\Desktop\IMG\left_2026_07_31_14_42_25_454.jpg,C:\Users\yasha\Desktop\IMG\right_2026_07_31_14_42_25_454.jpg,-0.1,0,1,17.44067
C:\Users\yasha\Desktop\IMG\center_2026_07_31_14_42_25_533.jpg,C:\Users\yasha\Desktop\IMG\left_2026_07_31_14_42_25_533.jpg,C:\Users\yasha\Desktop\IMG\right_2026_07_31_14_42_25_533.jpg,-0.3,0,1,17.56805
C:\Users\yasha\Desktop\IMG\center_2026_07_31_14_42_25_615.jpg,C:\Users\yasha\Desktop\IMG\left_2026_07_31_14_42_25_615.jpg,C:\Users\yasha\Desktop\IMG\right_2026_07_31_14_42_25_615.jpg,0,0,1,17.71177
C:\Users\yasha\Desktop\IMG\center_2026_07_31_14_42_25_708.jpg,C:\Users\yasha\Desktop\IMG\left_2026_07_31_14_42_25_708.jpg,C:\Users\yasha\Desktop\IMG\right_2026_07_31_14_42_25_708.jpg,0,0,1,17.89532
C:\Users\yasha\Desktop\IMG\center_2026_07_31_14_42_25_797.jpg,C:\Users\yasha\Desktop\IMG\left_2026_07_31_14_42_25_797.jpg,C:\Users\yasha\Desktop\IMG\right_2026_07_31_14_42_25_797.jpg,-0.2,0,1,18.02594
C:\Users\yasha\Desktop\IMG\center_2026_07_31_14_42_25_868.jpg,C:\Users\yasha\Desktop\IMG\left_2026_07_31_14_42_25_868.jpg,C:\Users\yasha\Desktop\IMG\right_2026_07_31_14_42_25_868.jpg,0,0,1,18.14302
C:\Users\yasha\Desktop\IMG\center_2026_07_31_14_42_25_954.jpg,C:\Users\yasha\Desktop\IMG\left_2026_07_31_14_42_25_954.jpg,C:\Users\yasha\Desktop\IMG\right_2026_07_31_14_42_25_954.jpg,0,0,1,18.26806
C:\Users\yasha\Desktop\IMG\center_2026_07_31_14_42_26_042.jpg,C:\Users\yasha\Desktop\IMG\left_2026_07_31_14_42_26_042.jpg,C:\Users\yasha\Desktop\IMG\right_2026_07_31_14_42_26_042.jpg,0,0,1,18.39859
C:\Users\yasha\Desktop\IMG\center_2026_07_31_14_42_26_136.jpg,C:\Users\yasha\Desktop\IMG\left_2026_07_31_14_42_26_136.jpg,C:\Users\yasha\Desktop\IMG\right_2026_07_31_14_42_26_136.jpg,0,0,1,18.5372
C:\Users\yasha\Desktop\IMG\center_2026_07_31_14_42_26_233.jpg,C:\Users\yasha\Desktop\IMG\left_2026_07_31_14_42_26_233.jpg,C:\Users\yasha\Desktop\IMG\right_2026_07_31_14_42_26_233.jpg,0,0,1,18.72764
C:\Users\yasha\Desktop\IMG\center_2026_07_31_14_42_26_320.jpg,C:\Users\yasha\Desktop\IMG\left_2026_07_31_14_42_26_320.jpg,C:\Users\yasha\Desktop\IMG\right_2026_07_31_14_42_26_320.jpg,0,0,1,18.85752
C:\Users\yasha\Desktop\IMG\center_2026_07_31_14_42_26_408.jpg,C:\Users\yasha\Desktop\IMG\left_2026_07_31_14_42_26_408.jpg,C:\Users\yasha\Desktop\IMG\right_2026_07_31_14_42_26_408.jpg,0,0,1,19.01296
C:\Users\yasha\Desktop\IMG\center_2026_07_31_14_42_26_475.jpg,C:\Users\yasha\Desktop\IMG\left_2026_07_31_14_42_26_475.jpg,C:\Users\yasha\Desktop\IMG\right_2026_07_31_14_42_26_475.jpg,0,0,1,19.11526
C:\Users\yasha\Desktop\IMG\center_2026_07_31_14_42_26_542.jpg,C:\Users\yasha\Desktop\IMG\left_2026_07_31_14_42_26_542.jpg,C:\Users\yasha\Desktop\IMG\right_2026_07_31_14_42_26_542.jpg,0,0,1,19.20884
C:\Users\yasha\Desktop\IMG\center_2026_07_31_14_42_26_645.jpg,C:\Users\yasha\Desktop\IMG\left_2026_07_31_14_42_26_645.jpg,C:\Users\yasha\Desktop\IMG\right_2026_07_31_14_42_26_645.jpg,0,0,1,19.36858
C:\Users\yasha\Desktop\IMG\center_2026_07_31_14_42_26_714.jpg,C:\Users\yasha\Desktop\IMG\left_2026_07_31_14_42_26_714.jpg,C:\Users\yasha\Desktop\IMG\right_2026_07_31_14_42_26_714.jpg,0,0,1,19.49492
C:\Users\yasha\Desktop\IMG\center_2026_07_31_14_42_26_814.jpg,C:\Users\yasha\Desktop\IMG\left_2026_07_31_14_42_26_814.jpg,C:\Users\yasha\Desktop\IMG\right_2026_07_31_14_42_26_814.jpg,0.1,0,1,19.64996
C:\Users\yasha\Desktop\IMG\center_2026_07_31_14_42_26_911.jpg,C:\Users\yasha\Desktop\IMG\left_2026_07_31_14_42_26_911.jpg,C:\Users\yasha\Desktop\IMG\right_2026_07_31_14_42_26_911.jpg,0.35,0,1,19.7349
C:\Users\yasha\Desktop\IMG\center_2026_07_31_14_42_27_000.jpg,C:\Users\yasha\Desktop\IMG\left_2026_07_31_14_42_27_000.jpg,C:\Users\yasha\Desktop\IMG\right_2026_07_31_14_42_27_000.jpg,0,0,1,19.84748
C:\Users\yasha\Desktop\IMG\center_2026_07_31_14_42_27_101.jpg,C:\Users\yasha\Desktop\IMG\left_2026_07_31_14_42_27_101.jpg,C:\Users\yasha\Desktop\IMG\right_2026_07_31_14_42_27_101.jpg,0,0,1,20.00119
C:\Users\yasha\Desktop\IMG\center_2026_07_31_14_42_27_173.jpg,C:\Users\yasha\Desktop\IMG\left_2026_07_31_14_42_27_173.jpg,C:\Users\yasha\Desktop\IMG\right_2026_07_31_14_42_27_173.jpg,0,0,1,20.12094
C:\Users\yasha\Desktop\IMG\center_2026_07_31_14_42_27_259.jpg,C:\Users\yasha\Desktop\IMG\left_2026_07_31_14_42_27_259.jpg,C:\Users\yasha\Desktop\IMG\right_2026_07_31_14_42_27_259.jpg,0,0,1,20.24053
C:\Users\yasha\Desktop\IMG\center_2026_07_31_14_42_27_354.jpg,C:\Users\yasha\Desktop\IMG\left_2026_07_31_14_42_27_354.jpg,C:\Users\yasha\Desktop\IMG\right_2026_07_31_14_42_27_354.jpg,0,0,1,20.48617
C:\Users\yasha\Desktop\IMG\center_2026_07_31_14_42_27_441.jpg,C:\Users\yasha\Desktop\IMG\left_2026_07_31_14_42_27_441.jpg,C:\Users\yasha\Desktop\IMG\right_2026_07_31_14_42_27_441.jpg,0,0,1,20.48563
C:\Users\yasha\Desktop\IMG\center_2026_07_31_14_42_27_529.jpg,C:\Users\yasha\Desktop\IMG\left_2026_07_31_14_42_27_529.jpg,C:\Users\yasha\Desktop\IMG\right_2026_07_31_14_42_27_529.jpg,0,0,1,20.6557
C:\Users\yasha\Desktop\IMG\center_2026_07_31_14_42_27_618.jpg,C:\Users\yasha\Desktop\IMG\left_2026_07_31_14_42_27_618.jpg,C:\Users\yasha\Desktop\IMG\right_2026_07_31_14_42_27_618.jpg,0,0,1,20.77613
C:\Users\yasha\Desktop\IMG\center_2026_07_31_14_42_27_723.jpg,C:\Users\yasha\Desktop\IMG\left_2026_07_31_14_42_27_723.jpg,C:\Users\yasha\Desktop\IMG\right_2026_07_31_14_42_27_723.jpg,0,0,1,20.66224
C:\Users\yasha\Desktop\IMG\center_2026_07_31_14_42_27_802.jpg,C:\Users\yasha\Desktop\IMG\left_2026_07_31_14_42_27_802.jpg,C:\Users\yasha\Desktop\IMG\right_2026_07_31_14_42_27_802.jpg,0,0,1,21.03929
C:\Users\yasha\Desktop\IMG\center_2026_07_31_14_42_27_889.jpg,C:\Users\yasha\Desktop\IMG\left_2026_07_31_14_42_27_889.jpg,C:\Users\yasha\Desktop\IMG\right_2026_07_31_14_42_27_889.jpg,0,0,1,21.195
C:\Users\yasha\Desktop\IMG\center_2026_07_31_14_42_27_988.jpg,C:\Users\yasha\Desktop\IMG\left_2026_07_31_14_42_27_988.jpg,C:\Users\yasha\Desktop\IMG\right_2026_07_31_14_42_27_988.jpg,0,0,1,21.32863
C:\Users\yasha\Desktop\IMG\center_2026_07_31_14_42_28_057.jpg,C:\Users\yasha\Desktop\IMG\left_2026_07_31_14_42_28_057.jpg,C:\Users\yasha\Desktop\IMG\right_2026_07_31_14_42_28_057.jpg,0,0,1,21.41802
C:\Users\yasha\Desktop\IMG\center_2026_07_31_14_42_28_156.jpg,C:\Users\yasha\Desktop\IMG\left_2026_07_31_14_42_28_156.jpg,C:\Users\yasha\Desktop\IMG\right_2026_07_31_14_42_28_156.jpg,0,0,1,21.54459
C:\Users\yasha\Desktop\IMG\center_2026_07_31_14_42_28_226.jpg,C:\Users\yasha\Desktop\IMG\left_2026_07_31_14_42_28_226.jpg,C:\Users\yasha\Desktop\IMG\right_2026_07_31_14_42_28_226.jpg,0,0,1,21.63915
C:\Users\yasha\Desktop\IMG\center_2026_07_31_14_42_28_322.jpg,C:\Users\yasha\Desktop\IMG\left_2026_07_31_14_42_28_322.jpg,C:\Users\yasha\Desktop\IMG\right_2026_07_31_14_42_28_322.jpg,0,0,1,21.75737
C:\Users\yasha\Desktop\IMG\center_2026_07_31_14_42_28_399.jpg,C:\Users\yasha\Desktop\IMG\left_2026_07_31_14_42_28_399.jpg,C:\Users\yasha\Desktop\IMG\right_2026_07_31_14_42_28_399.jpg,0,0,1,21.86284
C:\Users\yasha\Desktop\IMG\center_2026_07_31_14_42_28_478.jpg,C:\Users\yasha\Desktop\IMG\left_2026_07_31_14_42_28_478.jpg,C:\Users\yasha\Desktop\IMG\right_2026_07_31_14_42_28_478.jpg,0,0,1,21.96774
C:\Users\yasha\Desktop\IMG\center_2026_07_31_14_42_28_548.jpg,C:\Users\yasha\Desktop\IMG\left_2026_07_31_14_42_28_548.jpg,C:\Users\yasha\Desktop\IMG\right_2026_07_31_14_42_28_548.jpg,0,0,1,22.07209
C:\Users\yasha\Desktop\IMG\center_2026_07_31_14_42_28_636.jpg,C:\Users\yasha\Desktop\IMG\left_2026_07_31_14_42_28_636.jpg,C:\Users\yasha\Desktop\IMG\right_2026_07_31_14_42_28_636.jpg,0,0,1,22.1759
C:\Users\yasha\Desktop\IMG\center_2026_07_31_14_42_28_726.jpg,C:\Users\yasha\Desktop\IMG\left_2026_07_31_14_42_28_726.jpg,C:\Users\yasha\Desktop\IMG\right_2026_07_31_14_42_28_726.jpg,0,0,1,22.27918
C:\Users\yasha\Desktop\IMG\center_2026_07_31_14_42_28_822.jpg,C:\Users\yasha\Desktop\IMG\left_2026_07_31_14_42_28_822.jpg,C:\Users\yasha\Desktop\IMG\right_2026_07_31_14_42_28_822.jpg,0,0,1,22.42736
C:\Users\yasha\Desktop\IMG\center_2026_07_31_14_42_28_893.jpg,C:\Users\yasha\Desktop\IMG\left_2026_07_31_14_42_28_893.jpg,C:\Users\yasha\Desktop\IMG\right_2026_07_31_14_42_28_893.jpg,0,0,1,22.52736
C:\Users\yasha\Desktop\IMG\center_2026_07_31_14_42_28_986.jpg,C:\Users\yasha\Desktop\IMG\left_2026_07_31_14_42_28_986.jpg,C:\Users\yasha\Desktop\IMG\right_2026_07_31_14_42_28_986.jpg,0,0,1,22.62637
C:\Users\yasha\Desktop\IMG\center_2026_07_31_14_42_29_084.jpg,C:\Users\yasha\Desktop\IMG\left_2026_07_31_14_42_29_084.jpg,C:\Users\yasha\Desktop\IMG\right_2026_07_31_14_42_29_084.jpg,-0.25,0,1,22.70537
C:\Users\yasha\Desktop\IMG\center_2026_07_31_14_42_29_176.jpg,C:\Users\yasha\Desktop\IMG\left_2026_07_31_14_42_29_176.jpg,C:\Users\yasha\Desktop\IMG\right_2026_07_31_14_42_29_176.jpg,0,0,1,22.76588
C:\Users\yasha\Desktop\IMG\center_2026_07_31_14_42_29_262.jpg,C:\Users\yasha\Desktop\IMG\left_2026_07_31_14_42_29_262.jpg,C:\Users\yasha\Desktop\IMG\right_2026_07_31_14_42_29_262.jpg,0,0,1,22.85118
C:\Users\yasha\Desktop\IMG\center_2026_07_31_14_42_29_357.jpg,C:\Users\yasha\Desktop\IMG\left_2026_07_31_14_42_29_357.jpg,C:\Users\yasha\Desktop\IMG\right_2026_07_31_14_42_29_357.jpg,0,0,1,22.95894
C:\Users\yasha\Desktop\IMG\center_2026_07_31_14_42_29_443.jpg,C:\Users\yasha\Desktop\IMG\left_2026_07_31_14_42_29_443.jpg,C:\Users\yasha\Desktop\IMG\right_2026_07_31_14_42_29_443.jpg,0,0,1,23.05527
C:\Users\yasha\Desktop\IMG\center_2026_07_31_14_42_29_538.jpg,C:\Users\yasha\Desktop\IMG\left_2026_07_31_14_42_29_538.jpg,C:\Users\yasha\Desktop\IMG\right_2026_07_31_14_42_29_538.jpg,-0.15,0,1,23.1735
C:\Users\yasha\Desktop\IMG\center_2026_07_31_14_42_29_626.jpg,C:\Users\yasha\Desktop\IMG\left_2026_07_31_14_42_29_626.jpg,C:\Users\yasha\Desktop\IMG\right_2026_07_31_14_42_29_626.jpg,-0.35,0,1,23.213
C:\Users\yasha\Desktop\IMG\center_2026_07_31_14_42_29_714.jpg,C:\Users\yasha\Desktop\IMG\left_2026_07_31_14_42_29_714.jpg,C:\Users\yasha\Desktop\IMG\right_2026_07_31_14_42_29_714.jpg,0,0,1,23.31073
C:\Users\yasha\Desktop\IMG\center_2026_07_31_14_42_29_805.jpg,C:\Users\yasha\Desktop\IMG\left_2026_07_31_14_42_29_805.jpg,C:\Users\yasha\Desktop\IMG\right_2026_07_31_14_42_29_805.jpg,-0.15,0,1,23.40041
C:\Users\yasha\Desktop\IMG\center_2026_07_31_14_42_29_894.jpg,C:\Users\yasha\Desktop\IMG\left_2026_07_31_14_42_29_894.jpg,C:\Users\yasha\Desktop\IMG\right_2026_07_31_14_42_29_894.jpg,0,0,1,23.49684
C:\Users\yasha\Desktop\IMG\center_2026_07_31_14_42_29_962.jpg,C:\Users\yasha\Desktop\IMG\left_2026_07_31_14_42_29_962.jpg,C:\Users\yasha\Desktop\IMG\right_2026_07_31_14_42_29_962.jpg,0,0,1,23.56188
C:\Users\yasha\Desktop\IMG\center_2026_07_31_14_42_30_035.jpg,C:\Users\yasha\Desktop\IMG\left_2026_07_31_14_42_30_035.jpg,C:\Users\yasha\Desktop\IMG\right_2026_07_31_14_42_30_035.jpg,0,0,1,23.65188
C:\Users\yasha\Desktop\IMG\center_2026_07_31_14_42_30_104.jpg,C:\Users\yasha\Desktop\IMG\left_2026_07_31_14_42_30_104.jpg,C:\Users\yasha\Desktop\IMG\right_2026_07_31_14_42_30_104.jpg,0,0,1,23.72005
C:\Users\yasha\Desktop\IMG\center_2026_07_31_14_42_30_195.jpg,C:\Users\yasha\Desktop\IMG\left_2026_07_31_14_42_30_195.jpg,C:\Users\yasha\Desktop\IMG\right_2026_07_31_14_42_30_195.jpg,0,0,1,23.83245
C:\Users\yasha\Desktop\IMG\center_2026_07_31_14_42_30_278.jpg,C:\Users\yasha\Desktop\IMG\left_2026_07_31_14_42_30_278.jpg,C:\Users\yasha\Desktop\IMG\right_2026_07_31_14_42_30_278.jpg,0,0,1,23.92199
C:\Users\yasha\Desktop\IMG\center_2026_07_31_14_42_30_362.jpg,C:\Users\yasha\Desktop\IMG\left_2026_07_31_14_42_30_362.jpg,C:\Users\yasha\Desktop\IMG\right_2026_07_31_14_42_30_362.jpg,0,0,1,24.01082
C:\Users\yasha\Desktop\IMG\center_2026_07_31_14_42_30_445.jpg,C:\Users\yasha\Desktop\IMG\left_2026_07_31_14_42_30_445.jpg,C:\Users\yasha\Desktop\IMG\right_2026_07_31_14_42_30_445.jpg,0,0,1,24.09892
C:\Users\yasha\Desktop\IMG\center_2026_07_31_14_42_30_521.jpg,C:\Users\yasha\Desktop\IMG\left_2026_07_31_14_42_30_521.jpg,C:\Users\yasha\Desktop\IMG\right_2026_07_31_14_42_30_521.jpg,0,0,1,24.18627
C:\Users\yasha\Desktop\IMG\center_2026_07_31_14_42_30_599.jpg,C:\Users\yasha\Desktop\IMG\left_2026_07_31_14_42_30_599.jpg,C:\Users\yasha\Desktop\IMG\right_2026_07_31_14_42_30_599.jpg,0,0,1,24.27288
C:\Users\yasha\Desktop\IMG\center_2026_07_31_14_42_30_678.jpg,C:\Users\yasha\Desktop\IMG\left_2026_07_31_14_42_30_678.jpg,C:\Users\yasha\Desktop\IMG\right_2026_07_31_14_42_30_678.jpg,0,0,1,24.35873
C:\Users\yasha\Desktop\IMG\center_2026_07_31_14_42_30_755.jpg,C:\Users\yasha\Desktop\IMG\left_2026_07_31_14_42_30_755.jpg,C:\Users\yasha\Desktop\IMG\right_2026_07_31_14_42_30_755.jpg,0,0,1,24.44386
C:\Users\yasha\Desktop\IMG\center_2026_07_31_14_42_30_830.jpg,C:\Users\yasha\Desktop\IMG\left_2026_07_31_14_42_30_830.jpg,C:\Users\yasha\Desktop\IMG\right_2026_07_31_14_42_30_830.jpg,0,0,1,24.52828
C:\Users\yasha\Desktop\IMG\center_2026_07_31_14_42_30_904.jpg,C:\Users\yasha\Desktop\IMG\left_2026_07_31_14_42_30_904.jpg,C:\Users\yasha\Desktop\IMG\right_2026_07_31_14_42_30_904.jpg,0,0,1,24.59111
C:\Users\yasha\Desktop\IMG\center_2026_07_31_14_42_30_980.jpg,C:\Users\yasha\Desktop\IMG\left_2026_07_31_14_42_30_980.jpg,C:\Users\yasha\Desktop\IMG\right_2026_07_31_14_42_30_980.jpg,0,0,1,24.67426
C:\Users\yasha\Desktop\IMG\center_2026_07_31_14_42_31_061.jpg,C:\Users\yasha\Desktop\IMG\left_2026_07_31_14_42_31_061.jpg,C:\Users\yasha\Desktop\IMG\right_2026_07_31_14_42_31_061.jpg,0,0,1,24.75669
C:\Users\yasha\Desktop\IMG\center_2026_07_31_14_42_31_145.jpg,C:\Users\yasha\Desktop\IMG\left_2026_07_31_14_42_31_145.jpg,C:\Users\yasha\Desktop\IMG\right_2026_07_31_14_42_31_145.jpg,0,0,1,24.83842
C:\Users\yasha\Desktop\IMG\center_2026_07_31_14_42_31_236.jpg,C:\Users\yasha\Desktop\IMG\left_2026_07_31_14_42_31_236.jpg,C:\Users\yasha\Desktop\IMG\right_2026_07_31_14_42_31_236.jpg,0,0,1,24.9396
C:\Users\yasha\Desktop\IMG\center_2026_07_31_14_42_31_315.jpg,C:\Users\yasha\Desktop\IMG\left_2026_07_31_14_42_31_315.jpg,C:\Users\yasha\Desktop\IMG\right_2026_07_31_14_42_31_315.jpg,0,0,1,25.01977
C:\Users\yasha\Desktop\IMG\center_2026_07_31_14_42_31_392.jpg,C:\Users\yasha\Desktop\IMG\left_2026_07_31_14_42_31_392.jpg,C:\Users\yasha\Desktop\IMG\right_2026_07_31_14_42_31_392.jpg,0,0,1,25.09926
C:\Users\yasha\Desktop\IMG\center_2026_07_31_14_42_31_468.jpg,C:\Users\yasha\Desktop\IMG\left_2026_07_31_14_42_31_468.jpg,C:\Users\yasha\Desktop\IMG\right_2026_07_31_14_42_31_468.jpg,0,0,1,25.17807
C:\Users\yasha\Desktop\IMG\center_2026_07_31_14_42_31_546.jpg,C:\Users\yasha\Desktop\IMG\left_2026_07_31_14_42_31_546.jpg,C:\Users\yasha\Desktop\IMG\right_2026_07_31_14_42_31_546.jpg,0,0,1,25.23673
C:\Users\yasha\Desktop\IMG\center_2026_07_31_14_42_31_620.jpg,C:\Users\yasha\Desktop\IMG\left_2026_07_31_14_42_31_620.jpg,C:\Users\yasha\Desktop\IMG\right_2026_07_31_14_42_31_620.jpg,0,0,1,25.31436
C:\Users\yasha\Desktop\IMG\center_2026_07_31_14_42_31_702.jpg,C:\Users\yasha\Desktop\IMG\left_2026_07_31_14_42_31_702.jpg,C:\Users\yasha\Desktop\IMG\right_2026_07_31_14_42_31_702.jpg,0,0,1,25.39134
C:\Users\yasha\Desktop\IMG\center_2026_07_31_14_42_31_777.jpg,C:\Users\yasha\Desktop\IMG\left_2026_07_31_14_42_31_777.jpg,C:\Users\yasha\Desktop\IMG\right_2026_07_31_14_42_31_777.jpg,0,0,1,25.46765
C:\Users\yasha\Desktop\IMG\center_2026_07_31_14_42_31_846.jpg,C:\Users\yasha\Desktop\IMG\left_2026_07_31_14_42_31_846.jpg,C:\Users\yasha\Desktop\IMG\right_2026_07_31_14_42_31_846.jpg,0,0,1,25.54331
C:\Users\yasha\Desktop\IMG\center_2026_07_31_14_42_31_925.jpg,C:\Users\yasha\Desktop\IMG\left_2026_07_31_14_42_31_925.jpg,C:\Users\yasha\Desktop\IMG\right_2026_07_31_14_42_31_925.jpg,0,0,1,25.59963
C:\Users\yasha\Desktop\IMG\center_2026_07_31_14_42_31_998.jpg,C:\Users\yasha\Desktop\IMG\left_2026_07_31_14_42_31_998.jpg,C:\Users\yasha\Desktop\IMG\right_2026_07_31_14_42_31_998.jpg,0,0,1,25.67417
C:\Users\yasha\Desktop\IMG\center_2026_07_31_14_42_32_073.jpg,C:\Users\yasha\Desktop\IMG\left_2026_07_31_14_42_32_073.jpg,C:\Users\yasha\Desktop\IMG\right_2026_07_31_14_42_32_073.jpg,0,0,1,25.74807
C:\Users\yasha\Desktop\IMG\center_2026_07_31_14_42_32_146.jpg,C:\Users\yasha\Desktop\IMG\left_2026_07_31_14_42_32_146.jpg,C:\Users\yasha\Desktop\IMG\right_2026_07_31_14_42_32_146.jpg,0,0,1,25.80307
C:\Users\yasha\Desktop\IMG\center_2026_07_31_14_42_32_223.jpg,C:\Users\yasha\Desktop\IMG\left_2026_07_31_14_42_32_223.jpg,C:\Users\yasha\Desktop\IMG\right_2026_07_31_14_42_32_223.jpg,0,0,1,25.87587
C:\Users\yasha\Desktop\IMG\center_2026_07_31_14_42_32_295.jpg,C:\Users\yasha\Desktop\IMG\left_2026_07_31_14_42_32_295.jpg,C:\Users\yasha\Desktop\IMG\right_2026_07_31_14_42_32_295.jpg,0,0,1,25.94804
C:\Users\yasha\Desktop\IMG\center_2026_07_31_14_42_32_363.jpg,C:\Users\yasha\Desktop\IMG\left_2026_07_31_14_42_32_363.jpg,C:\Users\yasha\Desktop\IMG\right_2026_07_31_14_42_32_363.jpg,0.1,0,1,25.99881
C:\Users\yasha\Desktop\IMG\center_2026_07_31_14_42_32_429.jpg,C:\Users\yasha\Desktop\IMG\left_2026_07_31_14_42_32_429.jpg,C:\Users\yasha\Desktop\IMG\right_2026_07_31_14_42_32_429.jpg,0.3,0,1,26.02426
C:\Users\yasha\Desktop\IMG\center_2026_07_31_14_42_32_500.jpg,C:\Users\yasha\Desktop\IMG\left_2026_07_31_14_42_32_500.jpg,C:\Users\yasha\Desktop\IMG\right_2026_07_31_14_42_32_500.jpg,0,0,1,26.06925
C:\Users\yasha\Desktop\IMG\center_2026_07_31_14_42_32_571.jpg,C:\Users\yasha\Desktop\IMG\left_2026_07_31_14_42_32_571.jpg,C:\Users\yasha\Desktop\IMG\right_2026_07_31_14_42_32_571.jpg,0,0,1,26.136
C:\Users\yasha\Desktop\IMG\center_2026_07_31_14_42_32_646.jpg,C:\Users\yasha\Desktop\IMG\left_2026_07_31_14_42_32_646.jpg,C:\Users\yasha\Desktop\IMG\right_2026_07_31_14_42_32_646.jpg,0,0,1,26.18714
C:\Users\yasha\Desktop\IMG\center_2026_07_31_14_42_32_715.jpg,C:\Users\yasha\Desktop\IMG\left_2026_07_31_14_42_32_715.jpg,C:\Users\yasha\Desktop\IMG\right_2026_07_31_14_42_32_715.jpg,0,0,1,26.25543
C:\Users\yasha\Desktop\IMG\center_2026_07_31_14_42_32_784.jpg,C:\Users\yasha\Desktop\IMG\left_2026_07_31_14_42_32_784.jpg,C:\Users\yasha\Desktop\IMG\right_2026_07_31_14_42_32_784.jpg,0,0,1,26.30664
C:\Users\yasha\Desktop\IMG\center_2026_07_31_14_42_32_864.jpg,C:\Users\yasha\Desktop\IMG\left_2026_07_31_14_42_32_864.jpg,C:\Users\yasha\Desktop\IMG\right_2026_07_31_14_42_32_864.jpg,0.2,0,1,26.36032
C:\Users\yasha\Desktop\IMG\center_2026_07_31_14_42_32_941.jpg,C:\Users\yasha\Desktop\IMG\left_2026_07_31_14_42_32_941.jpg,C:\Users\yasha\Desktop\IMG\right_2026_07_31_14_42_32_941.jpg,0,0,1,26.3933
C:\Users\yasha\Desktop\IMG\center_2026_07_31_14_42_33_023.jpg,C:\Users\yasha\Desktop\IMG\left_2026_07_31_14_42_33_023.jpg,C:\Users\yasha\Desktop\IMG\right_2026_07_31_14_42_33_023.jpg,0,0,1,26.45449
C:\Users\yasha\Desktop\IMG\center_2026_07_31_14_42_33_106.jpg,C:\Users\yasha\Desktop\IMG\left_2026_07_31_14_42_33_106.jpg,C:\Users\yasha\Desktop\IMG\right_2026_07_31_14_42_33_106.jpg,0,0,1,26.51866
C:\Users\yasha\Desktop\IMG\center_2026_07_31_14_42_33_178.jpg,C:\Users\yasha\Desktop\IMG\left_2026_07_31_14_42_33_178.jpg,C:\Users\yasha\Desktop\IMG\right_2026_07_31_14_42_33_178.jpg,0.1,0,1,26.58277
C:\Users\yasha\Desktop\IMG\center_2026_07_31_14_42_33_261.jpg,C:\Users\yasha\Desktop\IMG\left_2026_07_31_14_42_33_261.jpg,C:\Users\yasha\Desktop\IMG\right_2026_07_31_14_42_33_261.jpg,0.3,0,1,26.61032
C:\Users\yasha\Desktop\IMG\center_2026_07_31_14_42_33_329.jpg,C:\Users\yasha\Desktop\IMG\left_2026_07_31_14_42_33_329.jpg,C:\Users\yasha\Desktop\IMG\right_2026_07_31_14_42_33_329.jpg,0,0,1,26.66483
C:\Users\yasha\Desktop\IMG\center_2026_07_31_14_42_33_412.jpg,C:\Users\yasha\Desktop\IMG\left_2026_07_31_14_42_33_412.jpg,C:\Users\yasha\Desktop\IMG\right_2026_07_31_14_42_33_412.jpg,0,0,1,26.72516
C:\Users\yasha\Desktop\IMG\center_2026_07_31_14_42_33_490.jpg,C:\Users\yasha\Desktop\IMG\left_2026_07_31_14_42_33_490.jpg,C:\Users\yasha\Desktop\IMG\right_2026_07_31_14_42_33_490.jpg,0,0,1,26.78747
C:\Users\yasha\Desktop\IMG\center_2026_07_31_14_42_33_569.jpg,C:\Users\yasha\Desktop\IMG\left_2026_07_31_14_42_33_569.jpg,C:\Users\yasha\Desktop\IMG\right_2026_07_31_14_42_33_569.jpg,0,0,1,26.85031
C:\Users\yasha\Desktop\IMG\center_2026_07_31_14_42_33_643.jpg,C:\Users\yasha\Desktop\IMG\left_2026_07_31_14_42_33_643.jpg,C:\Users\yasha\Desktop\IMG\right_2026_07_31_14_42_33_643.jpg,0,0,1,26.8974
C:\Users\yasha\Desktop\IMG\center_2026_07_31_14_42_33_723.jpg,C:\Users\yasha\Desktop\IMG\left_2026_07_31_14_42_33_723.jpg,C:\Users\yasha\Desktop\IMG\right_2026_07_31_14_42_33_723.jpg,0,0,1,26.95994
C:\Users\yasha\Desktop\IMG\center_2026_07_31_14_42_33_807.jpg,C:\Users\yasha\Desktop\IMG\left_2026_07_31_14_42_33_807.jpg,C:\Users\yasha\Desktop\IMG\right_2026_07_31_14_42_33_807.jpg,0,0,1,27.03752
C:\Users\yasha\Desktop\IMG\center_2026_07_31_14_42_33_882.jpg,C:\Users\yasha\Desktop\IMG\left_2026_07_31_14_42_33_882.jpg,C:\Users\yasha\Desktop\IMG\right_2026_07_31_14_42_33_882.jpg,0,0,1,27.0837
C:\Users\yasha\Desktop\IMG\center_2026_07_31_14_42_33_966.jpg,C:\Users\yasha\Desktop\IMG\left_2026_07_31_14_42_33_966.jpg,C:\Users\yasha\Desktop\IMG\right_2026_07_31_14_42_33_966.jpg,0,0,1,27.14485
C:\Users\yasha\Desktop\IMG\center_2026_07_31_14_42_34_052.jpg,C:\Users\yasha\Desktop\IMG\left_2026_07_31_14_42_34_052.jpg,C:\Users\yasha\Desktop\IMG\right_2026_07_31_14_42_34_052.jpg,0,0,1,27.22055
C:\Users\yasha\Desktop\IMG\center_2026_07_31_14_42_34_133.jpg,C:\Users\yasha\Desktop\IMG\left_2026_07_31_14_42_34_133.jpg,C:\Users\yasha\Desktop\IMG\right_2026_07_31_14_42_34_133.jpg,0,0,1,27.28055
C:\Users\yasha\Desktop\IMG\center_2026_07_31_14_42_34_215.jpg,C:\Users\yasha\Desktop\IMG\left_2026_07_31_14_42_34_215.jpg,C:\Users\yasha\Desktop\IMG\right_2026_07_31_14_42_34_215.jpg,0,0,1,27.34004
C:\Users\yasha\Desktop\IMG\center_2026_07_31_14_42_34_291.jpg,C:\Users\yasha\Desktop\IMG\left_2026_07_31_14_42_34_291.jpg,C:\Users\yasha\Desktop\IMG\right_2026_07_31_14_42_34_291.jpg,0,0,1,27.39902
C:\Users\yasha\Desktop\IMG\center_2026_07_31_14_42_34_364.jpg,C:\Users\yasha\Desktop\IMG\left_2026_07_31_14_42_34_364.jpg,C:\Users\yasha\Desktop\IMG\right_2026_07_31_14_42_34_364.jpg,0,0,1,27.44292
C:\Users\yasha\Desktop\IMG\center_2026_07_31_14_42_34_446.jpg,C:\Users\yasha\Desktop\IMG\left_2026_07_31_14_42_34_446.jpg,C:\Users\yasha\Desktop\IMG\right_2026_07_31_14_42_34_446.jpg,0,0,1,27.50102
C:\Users\yasha\Desktop\IMG\center_2026_07_31_14_42_34_517.jpg,C:\Users\yasha\Desktop\IMG\left_2026_07_31_14_42_34_517.jpg,C:\Users\yasha\Desktop\IMG\right_2026_07_31_14_42_34_517.jpg,0,0,1,27.55863
C:\Users\yasha\Desktop\IMG\center_2026_07_31_14_42_34_596.jpg,C:\Users\yasha\Desktop\IMG\left_2026_07_31_14_42_34_596.jpg,C:\Users\yasha\Desktop\IMG\right_2026_07_31_14_42_34_596.jpg,0,0,1,27.61574
C:\Users\yasha\Desktop\IMG\center_2026_07_31_14_42_34_681.jpg,C:\Users\yasha\Desktop\IMG\left_2026_07_31_14_42_34_681.jpg,C:\Users\yasha\Desktop\IMG\right_2026_07_31_14_42_34_681.jpg,0,0,1,27.67237
C:\Users\yasha\Desktop\IMG\center_2026_07_31_14_42_34_755.jpg,C:\Users\yasha\Desktop\IMG\left_2026_07_31_14_42_34_755.jpg,C:\Users\yasha\Desktop\IMG\right_2026_07_31_14_42_34_755.jpg,-0.2,0,1,27.70976
C:\Users\yasha\Desktop\IMG\center_2026_07_31_14_42_34_842.jpg,C:\Users\yasha\Desktop\IMG\left_2026_07_31_14_42_34_842.jpg,C:\Users\yasha\Desktop\IMG\right_2026_07_31_14_42_34_842.jpg,0,0,1,27.74668
C:\Users\yasha\Desktop\IMG\center_2026_07_31_14_42_34_918.jpg,C:\Users\yasha\Desktop\IMG\left_2026_07_31_14_42_34_918.jpg,C:\Users\yasha\Desktop\IMG\right_2026_07_31_14_42_34_918.jpg,0,0,1,27.80056
C:\Users\yasha\Desktop\IMG\center_2026_07_31_14_42_34_987.jpg,C:\Users\yasha\Desktop\IMG\left_2026_07_31_14_42_34_987.jpg,C:\Users\yasha\Desktop\IMG\right_2026_07_31_14_42_34_987.jpg,0,0,1,27.85483
C:\Users\yasha\Desktop\IMG\center_2026_07_31_14_42_35_058.jpg,C:\Users\yasha\Desktop\IMG\left_2026_07_31_14_42_35_058.jpg,C:\Users\yasha\Desktop\IMG\right_2026_07_31_14_42_35_058.jpg,0,0,1,27.89555
C:\Users\yasha\Desktop\IMG\center_2026_07_31_14_42_35_134.jpg,C:\Users\yasha\Desktop\IMG\left_2026_07_31_14_42_35_134.jpg,C:\Users\yasha\Desktop\IMG\right_2026_07_31_14_42_35_134.jpg,0,0,1,27.94969
C:\Users\yasha\Desktop\IMG\center_2026_07_31_14_42_35_204.jpg,C:\Users\yasha\Desktop\IMG\left_2026_07_31_14_42_35_204.jpg,C:\Users\yasha\Desktop\IMG\right_2026_07_31_14_42_35_204.jpg,0,0,1,27.99008
C:\Users\yasha\Desktop\IMG\center_2026_07_31_14_42_35_277.jpg,C:\Users\yasha\Desktop\IMG\left_2026_07_31_14_42_35_277.jpg,C:\Users\yasha\Desktop\IMG\right_2026_07_31_14_42_35_277.jpg,0,0,1,28.04362
C:\Users\yasha\Desktop\IMG\center_2026_07_31_14_42_35_350.jpg,C:\Users\yasha\Desktop\IMG\left_2026_07_31_14_42_35_350.jpg,C:\Users\yasha\Desktop\IMG\right_2026_07_31_14_42_35_350.jpg,0.2,0,1,28.0773
C:\Users\yasha\Desktop\IMG\center_2026_07_31_14_42_35_429.jpg,C:\Users\yasha\Desktop\IMG\left_2026_07_31_14_42_35_429.jpg,C:\Users\yasha\Desktop\IMG\right_2026_07_31_14_42_35_429.jpg,0,0,1,28.1111
C:\Users\yasha\Desktop\IMG\center_2026_07_31_14_42_35_505.jpg,C:\Users\yasha\Desktop\IMG\left_2026_07_31_14_42_35_505.jpg,C:\Users\yasha\Desktop\IMG\right_2026_07_31_14_42_35_505.jpg,0,0,1,28.14936
C:\Users\yasha\Desktop\IMG\center_2026_07_31_14_42_35_592.jpg,C:\Users\yasha\Desktop\IMG\left_2026_07_31_14_42_35_592.jpg,C:\Users\yasha\Desktop\IMG\right_2026_07_31_14_42_35_592.jpg,0,0,1,28.21298
C:\Users\yasha\Desktop\IMG\center_2026_07_31_14_42_35_678.jpg,C:\Users\yasha\Desktop\IMG\left_2026_07_31_14_42_35_678.jpg,C:\Users\yasha\Desktop\IMG\right_2026_07_31_14_42_35_678.jpg,0,0,1,28.26404
C:\Users\yasha\Desktop\IMG\center_2026_07_31_14_42_35_752.jpg,C:\Users\yasha\Desktop\IMG\left_2026_07_31_14_42_35_752.jpg,C:\Users\yasha\Desktop\IMG\right_2026_07_31_14_42_35_752.jpg,0,0,1,28.31489
C:\Users\yasha\Desktop\IMG\center_2026_07_31_14_42_35_825.jpg,C:\Users\yasha\Desktop\IMG\left_2026_07_31_14_42_35_825.jpg,C:\Users\yasha\Desktop\IMG\right_2026_07_31_14_42_35_825.jpg,-0.1,0,1,28.34888
C:\Users\yasha\Desktop\IMG\center_2026_07_31_14_42_35_898.jpg,C:\Users\yasha\Desktop\IMG\left_2026_07_31_14_42_35_898.jpg,C:\Users\yasha\Desktop\IMG\right_2026_07_31_14_42_35_898.jpg,-0.3,0,1,28.34737
C:\Users\yasha\Desktop\IMG\center_2026_07_31_14_42_35_979.jpg,C:\Users\yasha\Desktop\IMG\left_2026_07_31_14_42_35_979.jpg,C:\Users\yasha\Desktop\IMG\right_2026_07_31_14_42_35_979.jpg,0,0,1,28.39013
C:\Users\yasha\Desktop\IMG\center_2026_07_31_14_42_36_064.jpg,C:\Users\yasha\Desktop\IMG\left_2026_07_31_14_42_36_064.jpg,C:\Users\yasha\Desktop\IMG\right_2026_07_31_14_42_36_064.jpg,-0.1,0,1,28.43743
C:\Users\yasha\Desktop\IMG\center_2026_07_31_14_42_36_159.jpg,C:\Users\yasha\Desktop\IMG\left_2026_07_31_14_42_36_159.jpg,C:\Users\yasha\Desktop\IMG\right_2026_07_31_14_42_36_159.jpg,0,0,1,28.48575
C:\Users\yasha\Desktop\IMG\center_2026_07_31_14_42_36_234.jpg,C:\Users\yasha\Desktop\IMG\left_2026_07_31_14_42_36_234.jpg,C:\Users\yasha\Desktop\IMG\right_2026_07_31_14_42_36_234.jpg,0,0,1,28.53249
C:\Users\yasha\Desktop\IMG\center_2026_07_31_14_42_36_308.jpg,C:\Users\yasha\Desktop\IMG\left_2026_07_31_14_42_36_308.jpg,C:\Users\yasha\Desktop\IMG\right_2026_07_31_14_42_36_308.jpg,0,0,1,28.58027
C:\Users\yasha\Desktop\IMG\center_2026_07_31_14_42_36_383.jpg,C:\Users\yasha\Desktop\IMG\left_2026_07_31_14_42_36_383.jpg,C:\Users\yasha\Desktop\IMG\right_2026_07_31_14_42_36_383.jpg,0,0,1,28.61633
C:\Users\yasha\Desktop\IMG\center_2026_07_31_14_42_36_451.jpg,C:\Users\yasha\Desktop\IMG\left_2026_07_31_14_42_36_451.jpg,C:\Users\yasha\Desktop\IMG\right_2026_07_31_14_42_36_451.jpg,0,0,1,28.66439
C:\Users\yasha\Desktop\IMG\center_2026_07_31_14_42_36_529.jpg,C:\Users\yasha\Desktop\IMG\left_2026_07_31_14_42_36_529.jpg,C:\Users\yasha\Desktop\IMG\right_2026_07_31_14_42_36_529.jpg,0.2,0,1,28.69095
C:\Users\yasha\Desktop\IMG\center_2026_07_31_14_42_36_611.jpg,C:\Users\yasha\Desktop\IMG\left_2026_07_31_14_42_36_611.jpg,C:\Users\yasha\Desktop\IMG\right_2026_07_31_14_42_36_611.jpg,0,0,1,28.69909
C:\Users\yasha\Desktop\IMG\center_2026_07_31_14_42_36_687.jpg,C:\Users\yasha\Desktop\IMG\left_2026_07_31_14_42_36_687.jpg,C:\Users\yasha\Desktop\IMG\right_2026_07_31_14_42_36_687.jpg,0,0,1,28.742
C:\Users\yasha\Desktop\IMG\center_2026_07_31_14_42_36_756.jpg,C:\Users\yasha\Desktop\IMG\left_2026_07_31_14_42_36_756.jpg,C:\Users\yasha\Desktop\IMG\right_2026_07_31_14_42_36_756.jpg,0.1,0,1,28.7757
C:\Users\yasha\Desktop\IMG\center_2026_07_31_14_42_36_831.jpg,C:\Users\yasha\Desktop\IMG\left_2026_07_31_14_42_36_831.jpg,C:\Users\yasha\Desktop\IMG\right_2026_07_31_14_42_36_831.jpg,0.3,0,1,28.78763
C:\Users\yasha\Desktop\IMG\center_2026_07_31_14_42_36_907.jpg,C:\Users\yasha\Desktop\IMG\left_2026_07_31_14_42_36_907.jpg,C:\Users\yasha\Desktop\IMG\right_2026_07_31_14_42_36_907.jpg,0,0,1,28.81229
C:\Users\yasha\Desktop\IMG\center_2026_07_31_14_42_36_982.jpg,C:\Users\yasha\Desktop\IMG\left_2026_07_31_14_42_36_982.jpg,C:\Users\yasha\Desktop\IMG\right_2026_07_31_14_42_36_982.jpg,0,0,1,28.88948
C:\Users\yasha\Desktop\IMG\center_2026_07_31_14_42_37_061.jpg,C:\Users\yasha\Desktop\IMG\left_2026_07_31_14_42_37_061.jpg,C:\Users\yasha\Desktop\IMG\right_2026_07_31_14_42_37_061.jpg,0.2,0,1,28.88509
C:\Users\yasha\Desktop\IMG\center_2026_07_31_14_42_37_131.jpg,C:\Users\yasha\Desktop\IMG\left_2026_07_31_14_42_37_131.jpg,C:\Users\yasha\Desktop\IMG\right_2026_07_31_14_42_37_131.jpg,0.4,0,1,28.87413
C:\Users\yasha\Desktop\IMG\center_2026_07_31_14_42_37_214.jpg,C:\Users\yasha\Desktop\IMG\left_2026_07_31_14_42_37_214.jpg,C:\Users\yasha\Desktop\IMG\right_2026_07_31_14_42_37_214.jpg,0,0,1,28.88316
C:\Users\yasha\Desktop\IMG\center_2026_07_31_14_42_37_290.jpg,C:\Users\yasha\Desktop\IMG\left_2026_07_31_14_42_37_290.jpg,C:\Users\yasha\Desktop\IMG\right_2026_07_31_14_42_37_290.jpg,0,0,1,28.92502
C:\Users\yasha\Desktop\IMG\center_2026_07_31_14_42_37_366.jpg,C:\Users\yasha\Desktop\IMG\left_2026_07_31_14_42_37_366.jpg,C:\Users\yasha\Desktop\IMG\right_2026_07_31_14_42_37_366.jpg,0,0,1,28.95542
C:\Users\yasha\Desktop\IMG\center_2026_07_31_14_42_37_442.jpg,C:\Users\yasha\Desktop\IMG\left_2026_07_31_14_42_37_442.jpg,C:\Users\yasha\Desktop\IMG\right_2026_07_31_14_42_37_442.jpg,-0.2,0,1,28.96483
C:\Users\yasha\Desktop\IMG\center_2026_07_31_14_42_37_516.jpg,C:\Users\yasha\Desktop\IMG\left_2026_07_31_14_42_37_516.jpg,C:\Users\yasha\Desktop\IMG\right_2026_07_31_14_42_37_516.jpg,0,0,1,28.92918
C:\Users\yasha\Desktop\IMG\center_2026_07_31_14_42_37_589.jpg,C:\Users\yasha\Desktop\IMG\left_2026_07_31_14_42_37_589.jpg,C:\Users\yasha\Desktop\IMG\right_2026_07_31_14_42_37_589.jpg,0,0,1,28.96912
C:\Users\yasha\Desktop\IMG\center_2026_07_31_14_42_37_657.jpg,C:\Users\yasha\Desktop\IMG\left_2026_07_31_14_42_37_657.jpg,C:\Users\yasha\Desktop\IMG\right_2026_07_31_14_42_37_657.jpg,-0.1,0,1,29.00055
C:\Users\yasha\Desktop\IMG\center_2026_07_31_14_42_37_742.jpg,C:\Users\yasha\Desktop\IMG\left_2026_07_31_14_42_37_742.jpg,C:\Users\yasha\Desktop\IMG\right_2026_07_31_14_42_37_742.jpg,-0.3,0,1,29.01075
C:\Users\yasha\Desktop\IMG\center_2026_07_31_14_42_37_816.jpg,C:\Users\yasha\Desktop\IMG\left_2026_07_31_14_42_37_816.jpg,C:\Users\yasha\Desktop\IMG\right_2026_07_31_14_42_37_816.jpg,0,0,1,28.96891
C:\Users\yasha\Desktop\IMG\center_2026_07_31_14_42_37_890.jpg,C:\Users\yasha\Desktop\IMG\left_2026_07_31_14_42_37_890.jpg,C:\Users\yasha\Desktop\IMG\right_2026_07_31_14_42_37_890.jpg,-0.1,0,1,28.98971
C:\Users\yasha\Desktop\IMG\center_2026_07_31_14_42_37_956.jpg,C:\Users\yasha\Desktop\IMG\left_2026_07_31_14_42_37_956.jpg,C:\Users\yasha\Desktop\IMG\right_2026_07_31_14_42_37_956.jpg,-0.25,0,1,29.0136
C:\Users\yasha\Desktop\IMG\center_2026_07_31_14_42_38_026.jpg,C:\Users\yasha\Desktop\IMG\left_2026_07_31_14_42_38_026.jpg,C:\Users\yasha\Desktop\IMG\right_2026_07_31_14_42_38_026.jpg,-0.4,0,1,29.0059
C:\Users\yasha\Desktop\IMG\center_2026_07_31_14_42_38_096.jpg,C:\Users\yasha\Desktop\IMG\left_2026_07_31_14_42_38_096.jpg,C:\Users\yasha\Desktop\IMG\right_2026_07_31_14_42_38_096.jpg,-0.6000001,0,1,28.92781
C:\Users\yasha\Desktop\IMG\center_2026_07_31_14_42_38_178.jpg,C:\Users\yasha\Desktop\IMG\left_2026_07_31_14_42_38_178.jpg,C:\Users\yasha\Desktop\IMG\right_2026_07_31_14_42_38_178.jpg,-0.8000001,0,1,28.77759
C:\Users\yasha\Desktop\IMG\center_2026_07_31_14_42_38_265.jpg,C:\Users\yasha\Desktop\IMG\left_2026_07_31_14_42_38_265.jpg,C:\Users\yasha\Desktop\IMG\right_2026_07_31_14_42_38_265.jpg,-1,0,1,28.56555
C:\Users\yasha\Desktop\IMG\center_2026_07_31_14_42_38_344.jpg,C:\Users\yasha\Desktop\IMG\left_2026_07_31_14_42_38_344.jpg,C:\Users\yasha\Desktop\IMG\right_2026_07_31_14_42_38_344.jpg,0,0,1,28.37054
C:\Users\yasha\Desktop\IMG\center_2026_07_31_14_42_38_417.jpg,C:\Users\yasha\Desktop\IMG\left_2026_07_31_14_42_38_417.jpg,C:\Users\yasha\Desktop\IMG\right_2026_07_31_14_42_38_417.jpg,0,0,1,28.16287
C:\Users\yasha\Desktop\IMG\center_2026_07_31_14_42_38_488.jpg,C:\Users\yasha\Desktop\IMG\left_2026_07_31_14_42_38_488.jpg,C:\Users\yasha\Desktop\IMG\right_2026_07_31_14_42_38_488.jpg,0,0,1,27.99511
C:\Users\yasha\Desktop\IMG\center_2026_07_31_14_42_38_562.jpg,C:\Users\yasha\Desktop\IMG\left_2026_07_31_14_42_38_562.jpg,C:\Users\yasha\Desktop\IMG\right_2026_07_31_14_42_38_562.jpg,0,0,1,27.91858
C:\Users\yasha\Desktop\IMG\center_2026_07_31_14_42_38_636.jpg,C:\Users\yasha\Desktop\IMG\left_2026_07_31_14_42_38_636.jpg,C:\Users\yasha\Desktop\IMG\right_2026_07_31_14_42_38_636.jpg,0,0,1,27.88785
C:\Users\yasha\Desktop\IMG\center_2026_07_31_14_42_38_711.jpg,C:\Users\yasha\Desktop\IMG\left_2026_07_31_14_42_38_711.jpg,C:\Users\yasha\Desktop\IMG\right_2026_07_31_14_42_38_711.jpg,0.15,0,1,27.87719
C:\Users\yasha\Desktop\IMG\center_2026_07_31_14_42_38_781.jpg,C:\Users\yasha\Desktop\IMG\left_2026_07_31_14_42_38_781.jpg,C:\Users\yasha\Desktop\IMG\right_2026_07_31_14_42_38_781.jpg,0.3,0,1,27.82916
C:\Users\yasha\Desktop\IMG\center_2026_07_31_14_42_38_857.jpg,C:\Users\yasha\Desktop\IMG\left_2026_07_31_14_42_38_857.jpg,C:\Users\yasha\Desktop\IMG\right_2026_07_31_14_42_38_857.jpg,0.5000001,0,1,27.70944
C:\Users\yasha\Desktop\IMG\center_2026_07_31_14_42_38_935.jpg,C:\Users\yasha\Desktop\IMG\left_2026_07_31_14_42_38_935.jpg,C:\Users\yasha\Desktop\IMG\right_2026_07_31_14_42_38_935.jpg,0.7,0,1,27.54746
C:\Users\yasha\Desktop\IMG\center_2026_07_31_14_42_39_013.jpg,C:\Users\yasha\Desktop\IMG\left_2026_07_31_14_42_39_013.jpg,C:\Users\yasha\Desktop\IMG\right_2026_07_31_14_42_39_013.jpg,0.9000002,0,1,27.34185
C:\Users\yasha\Desktop\IMG\center_2026_07_31_14_42_39_087.jpg,C:\Users\yasha\Desktop\IMG\left_2026_07_31_14_42_39_087.jpg,C:\Users\yasha\Desktop\IMG\right_2026_07_31_14_42_39_087.jpg,1,0,1,27.13292
C:\Users\yasha\Desktop\IMG\center_2026_07_31_14_42_39_160.jpg,C:\Users\yasha\Desktop\IMG\left_2026_07_31_14_42_39_160.jpg,C:\Users\yasha\Desktop\IMG\right_2026_07_31_14_42_39_160.jpg,0,0,1,26.98421
C:\Users\yasha\Desktop\IMG\center_2026_07_31_14_42_39_247.jpg,C:\Users\yasha\Desktop\IMG\left_2026_07_31_14_42_39_247.jpg,C:\Users\yasha\Desktop\IMG\right_2026_07_31_14_42_39_247.jpg,0,0,1,26.78757
C:\Users\yasha\Desktop\IMG\center_2026_07_31_14_42_39_332.jpg,C:\Users\yasha\Desktop\IMG\left_2026_07_31_14_42_39_332.jpg,C:\Users\yasha\Desktop\IMG\right_2026_07_31_14_42_39_332.jpg,0,0,1,26.61664
C:\Users\yasha\Desktop\IMG\center_2026_07_31_14_42_39_424.jpg,C:\Users\yasha\Desktop\IMG\left_2026_07_31_14_42_39_424.jpg,C:\Users\yasha\Desktop\IMG\right_2026_07_31_14_42_39_424.jpg,0,0,1,26.56338
C:\Users\yasha\Desktop\IMG\center_2026_07_31_14_42_39_496.jpg,C:\Users\yasha\Desktop\IMG\left_2026_07_31_14_42_39_496.jpg,C:\Users\yasha\Desktop\IMG\right_2026_07_31_14_42_39_496.jpg,0.2,0,1,26.60818
C:\Users\yasha\Desktop\IMG\center_2026_07_31_14_42_39_577.jpg,C:\Users\yasha\Desktop\IMG\left_2026_07_31_14_42_39_577.jpg,C:\Users\yasha\Desktop\IMG\right_2026_07_31_14_42_39_577.jpg,0.4,0,1,26.64192
C:\Users\yasha\Desktop\IMG\center_2026_07_31_14_42_39_655.jpg,C:\Users\yasha\Desktop\IMG\left_2026_07_31_14_42_39_655.jpg,C:\Users\yasha\Desktop\IMG\right_2026_07_31_14_42_39_655.jpg,0.6000001,0,1,26.60462
C:\Users\yasha\Desktop\IMG\center_2026_07_31_14_42_39_729.jpg,C:\Users\yasha\Desktop\IMG\left_2026_07_31_14_42_39_729.jpg,C:\Users\yasha\Desktop\IMG\right_2026_07_31_14_42_39_729.jpg,0,0,1,26.54576
C:\Users\yasha\Desktop\IMG\center_2026_07_31_14_42_39_796.jpg,C:\Users\yasha\Desktop\IMG\left_2026_07_31_14_42_39_796.jpg,C:\Users\yasha\Desktop\IMG\right_2026_07_31_14_42_39_796.jpg,0,0,1,26.53739
C:\Users\yasha\Desktop\IMG\center_2026_07_31_14_42_39_872.jpg,C:\Users\yasha\Desktop\IMG\left_2026_07_31_14_42_39_872.jpg,C:\Users\yasha\Desktop\IMG\right_2026_07_31_14_42_39_872.jpg,-0.2,0,1,26.51526
C:\Users\yasha\Desktop\IMG\center_2026_07_31_14_42_39_946.jpg,C:\Users\yasha\Desktop\IMG\left_2026_07_31_14_42_39_946.jpg,C:\Users\yasha\Desktop\IMG\right_2026_07_31_14_42_39_946.jpg,-0.35,0,1,26.45991
C:\Users\yasha\Desktop\IMG\center_2026_07_31_14_42_40_021.jpg,C:\Users\yasha\Desktop\IMG\left_2026_07_31_14_42_40_021.jpg,C:\Users\yasha\Desktop\IMG\right_2026_07_31_14_42_40_021.jpg,-0.5500001,0,1,26.34413
C:\Users\yasha\Desktop\IMG\center_2026_07_31_14_42_40_100.jpg,C:\Users\yasha\Desktop\IMG\left_2026_07_31_14_42_40_100.jpg,C:\Users\yasha\Desktop\IMG\right_2026_07_31_14_42_40_100.jpg,-0.7500002,0,1,26.18205
C:\Users\yasha\Desktop\IMG\center_2026_07_31_14_42_40_178.jpg,C:\Users\yasha\Desktop\IMG\left_2026_07_31_14_42_40_178.jpg,C:\Users\yasha\Desktop\IMG\right_2026_07_31_14_42_40_178.jpg,-0.9500002,0,1,25.98285
C:\Users\yasha\Desktop\IMG\center_2026_07_31_14_42_40_256.jpg,C:\Users\yasha\Desktop\IMG\left_2026_07_31_14_42_40_256.jpg,C:\Users\yasha\Desktop\IMG\right_2026_07_31_14_42_40_256.jpg,0,0,1,25.85369
C:\Users\yasha\Desktop\IMG\center_2026_07_31_14_42_40_326.jpg,C:\Users\yasha\Desktop\IMG\left_2026_07_31_14_42_40_326.jpg,C:\Users\yasha\Desktop\IMG\right_2026_07_31_14_42_40_326.jpg,0,0,1,25.66618
C:\Users\yasha\Desktop\IMG\center_2026_07_31_14_42_40_409.jpg,C:\Users\yasha\Desktop\IMG\left_2026_07_31_14_42_40_409.jpg,C:\Users\yasha\Desktop\IMG\right_2026_07_31_14_42_40_409.jpg,0,0,1,25.50781
C:\Users\yasha\Desktop\IMG\center_2026_07_31_14_42_40_494.jpg,C:\Users\yasha\Desktop\IMG\left_2026_07_31_14_42_40_494.jpg,C:\Users\yasha\Desktop\IMG\right_2026_07_31_14_42_40_494.jpg,0,0,1,25.44961
C:\Users\yasha\Desktop\IMG\center_2026_07_31_14_42_40_577.jpg,C:\Users\yasha\Desktop\IMG\left_2026_07_31_14_42_40_577.jpg,C:\Users\yasha\Desktop\IMG\right_2026_07_31_14_42_40_577.jpg,0,0,1,25.46957
C:\Users\yasha\Desktop\IMG\center_2026_07_31_14_42_40_659.jpg,C:\Users\yasha\Desktop\IMG\left_2026_07_31_14_42_40_659.jpg,C:\Users\yasha\Desktop\IMG\right_2026_07_31_14_42_40_659.jpg,0,0,1,25.52365
C:\Users\yasha\Desktop\IMG\center_2026_07_31_14_42_40_730.jpg,C:\Users\yasha\Desktop\IMG\left_2026_07_31_14_42_40_730.jpg,C:\Users\yasha\Desktop\IMG\right_2026_07_31_14_42_40_730.jpg,0,0,1,25.5896
C:\Users\yasha\Desktop\IMG\center_2026_07_31_14_42_40_818.jpg,C:\Users\yasha\Desktop\IMG\left_2026_07_31_14_42_40_818.jpg,C:\Users\yasha\Desktop\IMG\right_2026_07_31_14_42_40_818.jpg,0,0,1,25.65952
C:\Users\yasha\Desktop\IMG\center_2026_07_31_14_42_40_890.jpg,C:\Users\yasha\Desktop\IMG\left_2026_07_31_14_42_40_890.jpg,C:\Users\yasha\Desktop\IMG\right_2026_07_31_14_42_40_890.jpg,0.2,0,1,25.7055
C:\Users\yasha\Desktop\IMG\center_2026_07_31_14_42_40_974.jpg,C:\Users\yasha\Desktop\IMG\left_2026_07_31_14_42_40_974.jpg,C:\Users\yasha\Desktop\IMG\right_2026_07_31_14_42_40_974.jpg,0,0,1,25.7372
C:\Users\yasha\Desktop\IMG\center_2026_07_31_14_42_41_045.jpg,C:\Users\yasha\Desktop\IMG\left_2026_07_31_14_42_41_045.jpg,C:\Users\yasha\Desktop\IMG\right_2026_07_31_14_42_41_045.jpg,0,0,1,25.78681
C:\Users\yasha\Desktop\IMG\center_2026_07_31_14_42_41_134.jpg,C:\Users\yasha\Desktop\IMG\left_2026_07_31_14_42_41_134.jpg,C:\Users\yasha\Desktop\IMG\right_2026_07_31_14_42_41_134.jpg,0,0,1,25.8741
C:\Users\yasha\Desktop\IMG\center_2026_07_31_14_42_41_214.jpg,C:\Users\yasha\Desktop\IMG\left_2026_07_31_14_42_41_214.jpg,C:\Users\yasha\Desktop\IMG\right_2026_07_31_14_42_41_214.jpg,0.05,0,1,25.9436
C:\Users\yasha\Desktop\IMG\center_2026_07_31_14_42_41_290.jpg,C:\Users\yasha\Desktop\IMG\left_2026_07_31_14_42_41_290.jpg,C:\Users\yasha\Desktop\IMG\right_2026_07_31_14_42_41_290.jpg,0.25,0,1,25.9878
C:\Users\yasha\Desktop\IMG\center_2026_07_31_14_42_41_374.jpg,C:\Users\yasha\Desktop\IMG\left_2026_07_31_14_42_41_374.jpg,C:\Users\yasha\Desktop\IMG\right_2026_07_31_14_42_41_374.jpg,0,0,1,26.03195
C:\Users\yasha\Desktop\IMG\center_2026_07_31_14_42_41_441.jpg,C:\Users\yasha\Desktop\IMG\left_2026_07_31_14_42_41_441.jpg,C:\Users\yasha\Desktop\IMG\right_2026_07_31_14_42_41_441.jpg,0.1,0,1,26.08201
C:\Users\yasha\Desktop\IMG\center_2026_07_31_14_42_41_512.jpg,C:\Users\yasha\Desktop\IMG\left_2026_07_31_14_42_41_512.jpg,C:\Users\yasha\Desktop\IMG\right_2026_07_31_14_42_41_512.jpg,0.3,0,1,26.12211
C:\Users\yasha\Desktop\IMG\center_2026_07_31_14_42_41_603.jpg,C:\Users\yasha\Desktop\IMG\left_2026_07_31_14_42_41_603.jpg,C:\Users\yasha\Desktop\IMG\right_2026_07_31_14_42_41_603.jpg,0,0,1,26.15648
C:\Users\yasha\Desktop\IMG\center_2026_07_31_14_42_41_674.jpg,C:\Users\yasha\Desktop\IMG\left_2026_07_31_14_42_41_674.jpg,C:\Users\yasha\Desktop\IMG\right_2026_07_31_14_42_41_674.jpg,0.2,0,1,26.2187
C:\Users\yasha\Desktop\IMG\center_2026_07_31_14_42_41_746.jpg,C:\Users\yasha\Desktop\IMG\left_2026_07_31_14_42_41_746.jpg,C:\Users\yasha\Desktop\IMG\right_2026_07_31_14_42_41_746.jpg,0.35,0,1,26.23791
C:\Users\yasha\Desktop\IMG\center_2026_07_31_14_42_41_828.jpg,C:\Users\yasha\Desktop\IMG\left_2026_07_31_14_42_41_828.jpg,C:\Users\yasha\Desktop\IMG\right_2026_07_31_14_42_41_828.jpg,0,0,1,26.24477
C:\Users\yasha\Desktop\IMG\center_2026_07_31_14_42_41_903.jpg,C:\Users\yasha\Desktop\IMG\left_2026_07_31_14_42_41_903.jpg,C:\Users\yasha\Desktop\IMG\right_2026_07_31_14_42_41_903.jpg,0.05,0,1,26.27879
C:\Users\yasha\Desktop\IMG\center_2026_07_31_14_42_41_981.jpg,C:\Users\yasha\Desktop\IMG\left_2026_07_31_14_42_41_981.jpg,C:\Users\yasha\Desktop\IMG\right_2026_07_31_14_42_41_981.jpg,0,0,1,26.33833
C:\Users\yasha\Desktop\IMG\center_2026_07_31_14_42_42_070.jpg,C:\Users\yasha\Desktop\IMG\left_2026_07_31_14_42_42_070.jpg,C:\Users\yasha\Desktop\IMG\right_2026_07_31_14_42_42_070.jpg,0,0,1,26.41553
C:\Users\yasha\Desktop\IMG\center_2026_07_31_14_42_42_139.jpg,C:\Users\yasha\Desktop\IMG\left_2026_07_31_14_42_42_139.jpg,C:\Users\yasha\Desktop\IMG\right_2026_07_31_14_42_42_139.jpg,0,0,1,26.46331
C:\Users\yasha\Desktop\IMG\center_2026_07_31_14_42_42_205.jpg,C:\Users\yasha\Desktop\IMG\left_2026_07_31_14_42_42_205.jpg,C:\Users\yasha\Desktop\IMG\right_2026_07_31_14_42_42_205.jpg,0,0,1,26.51151
C:\Users\yasha\Desktop\IMG\center_2026_07_31_14_42_42_276.jpg,C:\Users\yasha\Desktop\IMG\left_2026_07_31_14_42_42_276.jpg,C:\Users\yasha\Desktop\IMG\right_2026_07_31_14_42_42_276.jpg,-0.2,0,1,26.55275
C:\Users\yasha\Desktop\IMG\center_2026_07_31_14_42_42_344.jpg,C:\Users\yasha\Desktop\IMG\left_2026_07_31_14_42_42_344.jpg,C:\Users\yasha\Desktop\IMG\right_2026_07_31_14_42_42_344.jpg,0,0,1,26.56091
C:\Users\yasha\Desktop\IMG\center_2026_07_31_14_42_42_422.jpg,C:\Users\yasha\Desktop\IMG\left_2026_07_31_14_42_42_422.jpg,C:\Users\yasha\Desktop\IMG\right_2026_07_31_14_42_42_422.jpg,0,0,1,26.62193
C:\Users\yasha\Desktop\IMG\center_2026_07_31_14_42_42_490.jpg,C:\Users\yasha\Desktop\IMG\left_2026_07_31_14_42_42_490.jpg,C:\Users\yasha\Desktop\IMG\right_2026_07_31_14_42_42_490.jpg,0,0,1,26.68412
C:\Users\yasha\Desktop\IMG\center_2026_07_31_14_42_42_575.jpg,C:\Users\yasha\Desktop\IMG\left_2026_07_31_14_42_42_575.jpg,C:\Users\yasha\Desktop\IMG\right_2026_07_31_14_42_42_575.jpg,0,0,1,26.74668
C:\Users\yasha\Desktop\IMG\center_2026_07_31_14_42_42_648.jpg,C:\Users\yasha\Desktop\IMG\left_2026_07_31_14_42_42_648.jpg,C:\Users\yasha\Desktop\IMG\right_2026_07_31_14_42_42_648.jpg,0,0,1,26.80925
C:\Users\yasha\Desktop\IMG\center_2026_07_31_14_42_42_724.jpg,C:\Users\yasha\Desktop\IMG\left_2026_07_31_14_42_42_724.jpg,C:\Users\yasha\Desktop\IMG\right_2026_07_31_14_42_42_724.jpg,0,0,1,26.85592
C:\Users\yasha\Desktop\IMG\center_2026_07_31_14_42_42_793.jpg,C:\Users\yasha\Desktop\IMG\left_2026_07_31_14_42_42_793.jpg,C:\Users\yasha\Desktop\IMG\right_2026_07_31_14_42_42_793.jpg,0,0,1,26.91778
C:\Users\yasha\Desktop\IMG\center_2026_07_31_14_42_42_865.jpg,C:\Users\yasha\Desktop\IMG\left_2026_07_31_14_42_42_865.jpg,C:\Users\yasha\Desktop\IMG\right_2026_07_31_14_42_42_865.jpg,0,0,1,26.96397
C:\Users\yasha\Desktop\IMG\center_2026_07_31_14_42_42_933.jpg,C:\Users\yasha\Desktop\IMG\left_2026_07_31_14_42_42_933.jpg,C:\Users\yasha\Desktop\IMG\right_2026_07_31_14_42_42_933.jpg,-0.2,0,1,27.00803
C:\Users\yasha\Desktop\IMG\center_2026_07_31_14_42_43_010.jpg,C:\Users\yasha\Desktop\IMG\left_2026_07_31_14_42_43_010.jpg,C:\Users\yasha\Desktop\IMG\right_2026_07_31_14_42_43_010.jpg,0,0,1,27.00825
C:\Users\yasha\Desktop\IMG\center_2026_07_31_14_42_43_080.jpg,C:\Users\yasha\Desktop\IMG\left_2026_07_31_14_42_43_080.jpg,C:\Users\yasha\Desktop\IMG\right_2026_07_31_14_42_43_080.jpg,0,0,1,27.04526
C:\Users\yasha\Desktop\IMG\center_2026_07_31_14_42_43_162.jpg,C:\Users\yasha\Desktop\IMG\left_2026_07_31_14_42_43_162.jpg,C:\Users\yasha\Desktop\IMG\right_2026_07_31_14_42_43_162.jpg,-0.2,0,1,27.09776
C:\Users\yasha\Desktop\IMG\center_2026_07_31_14_42_43_250.jpg,C:\Users\yasha\Desktop\IMG\left_2026_07_31_14_42_43_250.jpg,C:\Users\yasha\Desktop\IMG\right_2026_07_31_14_42_43_250.jpg,-0.45,0,1,27.08537
C:\Users\yasha\Desktop\IMG\center_2026_07_31_14_42_43_325.jpg,C:\Users\yasha\Desktop\IMG\left_2026_07_31_14_42_43_325.jpg,C:\Users\yasha\Desktop\IMG\right_2026_07_31_14_42_43_325.jpg,0,0,1,27.06731
C:\Users\yasha\Desktop\IMG\center_2026_07_31_14_42_43_401.jpg,C:\Users\yasha\Desktop\IMG\left_2026_07_31_14_42_43_401.jpg,C:\Users\yasha\Desktop\IMG\right_2026_07_31_14_42_43_401.jpg,-0.2,0,1,27.11637
C:\Users\yasha\Desktop\IMG\center_2026_07_31_14_42_43_478.jpg,C:\Users\yasha\Desktop\IMG\left_2026_07_31_14_42_43_478.jpg,C:\Users\yasha\Desktop\IMG\right_2026_07_31_14_42_43_478.jpg,-0.4,0,1,27.14266
C:\Users\yasha\Desktop\IMG\center_2026_07_31_14_42_43_547.jpg,C:\Users\yasha\Desktop\IMG\left_2026_07_31_14_42_43_547.jpg,C:\Users\yasha\Desktop\IMG\right_2026_07_31_14_42_43_547.jpg,-0.6000001,0,1,27.09541
C:\Users\yasha\Desktop\IMG\center_2026_07_31_14_42_43_626.jpg,C:\Users\yasha\Desktop\IMG\left_2026_07_31_14_42_43_626.jpg,C:\Users\yasha\Desktop\IMG\right_2026_07_31_14_42_43_626.jpg,-0.7500002,0,1,27.0122
C:\Users\yasha\Desktop\IMG\center_2026_07_31_14_42_43_699.jpg,C:\Users\yasha\Desktop\IMG\left_2026_07_31_14_42_43_699.jpg,C:\Users\yasha\Desktop\IMG\right_2026_07_31_14_42_43_699.jpg,0,0,1,26.92265
C:\Users\yasha\Desktop\IMG\center_2026_07_31_14_42_43_779.jpg,C:\Users\yasha\Desktop\IMG\left_2026_07_31_14_42_43_779.jpg,C:\Users\yasha\Desktop\IMG\right_2026_07_31_14_42_43_779.jpg,-0.05,0,1,26.90808
C:\Users\yasha\Desktop\IMG\center_2026_07_31_14_42_43_846.jpg,C:\Users\yasha\Desktop\IMG\left_2026_07_31_14_42_43_846.jpg,C:\Users\yasha\Desktop\IMG\right_2026_07_31_14_42_43_846.jpg,-0.2,0,1,26.94964
C:\Users\yasha\Desktop\IMG\center_2026_07_31_14_42_43_916.jpg,C:\Users\yasha\Desktop\IMG\left_2026_07_31_14_42_43_916.jpg,C:\Users\yasha\Desktop\IMG\right_2026_07_31_14_42_43_916.jpg,-0.4,0,1,26.97993
C:\Users\yasha\Desktop\IMG\center_2026_07_31_14_42_44_005.jpg,C:\Users\yasha\Desktop\IMG\left_2026_07_31_14_42_44_005.jpg,C:\Users\yasha\Desktop\IMG\right_2026_07_31_14_42_44_005.jpg,-0.6000001,0,1,26.93835
C:\Users\yasha\Desktop\IMG\center_2026_07_31_14_42_44_086.jpg,C:\Users\yasha\Desktop\IMG\left_2026_07_31_14_42_44_086.jpg,C:\Users\yasha\Desktop\IMG\right_2026_07_31_14_42_44_086.jpg,0,0,1,26.87645
C:\Users\yasha\Desktop\IMG\center_2026_07_31_14_42_44_171.jpg,C:\Users\yasha\Desktop\IMG\left_2026_07_31_14_42_44_171.jpg,C:\Users\yasha\Desktop\IMG\right_2026_07_31_14_42_44_171.jpg,0,0,1,26.87854
C:\Users\yasha\Desktop\IMG\center_2026_07_31_14_42_44_257.jpg,C:\Users\yasha\Desktop\IMG\left_2026_07_31_14_42_44_257.jpg,C:\Users\yasha\Desktop\IMG\right_2026_07_31_14_42_44_257.jpg,0,0,1,26.92067
C:\Users\yasha\Desktop\IMG\center_2026_07_31_14_42_44_338.jpg,C:\Users\yasha\Desktop\IMG\left_2026_07_31_14_42_44_338.jpg,C:\Users\yasha\Desktop\IMG\right_2026_07_31_14_42_44_338.jpg,0,0,1,26.97599
C:\Users\yasha\Desktop\IMG\center_2026_07_31_14_42_44_408.jpg,C:\Users\yasha\Desktop\IMG\left_2026_07_31_14_42_44_408.jpg,C:\Users\yasha\Desktop\IMG\right_2026_07_31_14_42_44_408.jpg,0.1,0,1,27.02934
C:\Users\yasha\Desktop\IMG\center_2026_07_31_14_42_44_481.jpg,C:\Users\yasha\Desktop\IMG\left_2026_07_31_14_42_44_481.jpg,C:\Users\yasha\Desktop\IMG\right_2026_07_31_14_42_44_481.jpg,0.25,0,1,27.03414
C:\Users\yasha\Desktop\IMG\center_2026_07_31_14_42_44_561.jpg,C:\Users\yasha\Desktop\IMG\left_2026_07_31_14_42_44_561.jpg,C:\Users\yasha\Desktop\IMG\right_2026_07_31_14_42_44_561.jpg,0.45,0,1,26.98182
C:\Users\yasha\Desktop\IMG\center_2026_07_31_14_42_44_631.jpg,C:\Users\yasha\Desktop\IMG\left_2026_07_31_14_42_44_631.jpg,C:\Users\yasha\Desktop\IMG\right_2026_07_31_14_42_44_631.jpg,0.6500001,0,1,26.86988
C:\Users\yasha\Desktop\IMG\center_2026_07_31_14_42_44_705.jpg,C:\Users\yasha\Desktop\IMG\left_2026_07_31_14_42_44_705.jpg,C:\Users\yasha\Desktop\IMG\right_2026_07_31_14_42_44_705.jpg,0,0,1,26.80226
C:\Users\yasha\Desktop\IMG\center_2026_07_31_14_42_44_775.jpg,C:\Users\yasha\Desktop\IMG\left_2026_07_31_14_42_44_775.jpg,C:\Users\yasha\Desktop\IMG\right_2026_07_31_14_42_44_775.jpg,0.05,0,1,26.79478
C:\Users\yasha\Desktop\IMG\center_2026_07_31_14_42_44_863.jpg,C:\Users\yasha\Desktop\IMG\left_2026_07_31_14_42_44_863.jpg,C:\Users\yasha\Desktop\IMG\right_2026_07_31_14_42_44_863.jpg,0.25,0,1,26.85044
C:\Users\yasha\Desktop\IMG\center_2026_07_31_14_42_44_935.jpg,C:\Users\yasha\Desktop\IMG\left_2026_07_31_14_42_44_935.jpg,C:\Users\yasha\Desktop\IMG\right_2026_07_31_14_42_44_935.jpg,0,0,1,26.8822
C:\Users\yasha\Desktop\IMG\center_2026_07_31_14_42_45_025.jpg,C:\Users\yasha\Desktop\IMG\left_2026_07_31_14_42_45_025.jpg,C:\Users\yasha\Desktop\IMG\right_2026_07_31_14_42_45_025.jpg,0,0,1,26.93162
C:\Users\yasha\Desktop\IMG\center_2026_07_31_14_42_45_110.jpg,C:\Users\yasha\Desktop\IMG\left_2026_07_31_14_42_45_110.jpg,C:\Users\yasha\Desktop\IMG\right_2026_07_31_14_42_45_110.jpg,0,0,1,27.00233
C:\Users\yasha\Desktop\IMG\center_2026_07_31_14_42_45_188.jpg,C:\Users\yasha\Desktop\IMG\left_2026_07_31_14_42_45_188.jpg,C:\Users\yasha\Desktop\IMG\right_2026_07_31_14_42_45_188.jpg,0.15,0,1,27.05774
C:\Users\yasha\Desktop\IMG\center_2026_07_31_14_42_45_270.jpg,C:\Users\yasha\Desktop\IMG\left_2026_07_31_14_42_45_270.jpg,C:\Users\yasha\Desktop\IMG\right_2026_07_31_14_42_45_270.jpg,0.35,0,1,27.06512
C:\Users\yasha\Desktop\IMG\center_2026_07_31_14_42_45_339.jpg,C:\Users\yasha\Desktop\IMG\left_2026_07_31_14_42_45_339.jpg,C:\Users\yasha\Desktop\IMG\right_2026_07_31_14_42_45_339.jpg,0,0,1,27.09551
C:\Users\yasha\Desktop\IMG\center_2026_07_31_14_42_45_428.jpg,C:\Users\yasha\Desktop\IMG\left_2026_07_31_14_42_45_428.jpg,C:\Users\yasha\Desktop\IMG\right_2026_07_31_14_42_45_428.jpg,0.25,0,1,27.15791
C:\Users\yasha\Desktop\IMG\center_2026_07_31_14_42_45_516.jpg,C:\Users\yasha\Desktop\IMG\left_2026_07_31_14_42_45_516.jpg,C:\Users\yasha\Desktop\IMG\right_2026_07_31_14_42_45_516.jpg,0,0,1,27.17634
C:\Users\yasha\Desktop\IMG\center_2026_07_31_14_42_45_605.jpg,C:\Users\yasha\Desktop\IMG\left_2026_07_31_14_42_45_605.jpg,C:\Users\yasha\Desktop\IMG\right_2026_07_31_14_42_45_605.jpg,0,0,1,27.22039
C:\Users\yasha\Desktop\IMG\center_2026_07_31_14_42_45_694.jpg,C:\Users\yasha\Desktop\IMG\left_2026_07_31_14_42_45_694.jpg,C:\Users\yasha\Desktop\IMG\right_2026_07_31_14_42_45_694.jpg,0,0,1,27.2865
C:\Users\yasha\Desktop\IMG\center_2026_07_31_14_42_45_766.jpg,C:\Users\yasha\Desktop\IMG\left_2026_07_31_14_42_45_766.jpg,C:\Users\yasha\Desktop\IMG\right_2026_07_31_14_42_45_766.jpg,0,0,1,27.32837
C:\Users\yasha\Desktop\IMG\center_2026_07_31_14_42_45_836.jpg,C:\Users\yasha\Desktop\IMG\left_2026_07_31_14_42_45_836.jpg,C:\Users\yasha\Desktop\IMG\right_2026_07_31_14_42_45_836.jpg,0,0,1,27.38506
C:\Users\yasha\Desktop\IMG\center_2026_07_31_14_42_45_905.jpg,C:\Users\yasha\Desktop\IMG\left_2026_07_31_14_42_45_905.jpg,C:\Users\yasha\Desktop\IMG\right_2026_07_31_14_42_45_905.jpg,0,0,1,27.42777
C:\Users\yasha\Desktop\IMG\center_2026_07_31_14_42_45_977.jpg,C:\Users\yasha\Desktop\IMG\left_2026_07_31_14_42_45_977.jpg,C:\Users\yasha\Desktop\IMG\right_2026_07_31_14_42_45_977.jpg,-0.1,0,1,27.48089
C:\Users\yasha\Desktop\IMG\center_2026_07_31_14_42_46_050.jpg,C:\Users\yasha\Desktop\IMG\left_2026_07_31_14_42_46_050.jpg,C:\Users\yasha\Desktop\IMG\right_2026_07_31_14_42_46_050.jpg,-0.3,0,1,27.48258
C:\Users\yasha\Desktop\IMG\center_2026_07_31_14_42_46_120.jpg,C:\Users\yasha\Desktop\IMG\left_2026_07_31_14_42_46_120.jpg,C:\Users\yasha\Desktop\IMG\right_2026_07_31_14_42_46_120.jpg,0,0,1,27.51612
C:\Users\yasha\Desktop\IMG\center_2026_07_31_14_42_46_197.jpg,C:\Users\yasha\Desktop\IMG\left_2026_07_31_14_42_46_197.jpg,C:\Users\yasha\Desktop\IMG\right_2026_07_31_14_42_46_197.jpg,-0.15,0,1,27.56714
C:\Users\yasha\Desktop\IMG\center_2026_07_31_14_42_46_288.jpg,C:\Users\yasha\Desktop\IMG\left_2026_07_31_14_42_46_288.jpg,C:\Users\yasha\Desktop\IMG\right_2026_07_31_14_42_46_288.jpg,0,0,1,27.59392
C:\Users\yasha\Desktop\IMG\center_2026_07_31_14_42_46_377.jpg,C:\Users\yasha\Desktop\IMG\left_2026_07_31_14_42_46_377.jpg,C:\Users\yasha\Desktop\IMG\right_2026_07_31_14_42_46_377.jpg,-0.15,0,1,27.63999
C:\Users\yasha\Desktop\IMG\center_2026_07_31_14_42_46_447.jpg,C:\Users\yasha\Desktop\IMG\left_2026_07_31_14_42_46_447.jpg,C:\Users\yasha\Desktop\IMG\right_2026_07_31_14_42_46_447.jpg,-0.35,0,1,27.65171
C:\Users\yasha\Desktop\IMG\center_2026_07_31_14_42_46_521.jpg,C:\Users\yasha\Desktop\IMG\left_2026_07_31_14_42_46_521.jpg,C:\Users\yasha\Desktop\IMG\right_2026_07_31_14_42_46_521.jpg,-0.5000001,0,1,27.61026
C:\Users\yasha\Desktop\IMG\center_2026_07_31_14_42_46_607.jpg,C:\Users\yasha\Desktop\IMG\left_2026_07_31_14_42_46_607.jpg,C:\Users\yasha\Desktop\IMG\right_2026_07_31_14_42_46_607.jpg,-0.7500002,0,1,27.45397
C:\Users\yasha\Desktop\IMG\center_2026_07_31_14_42_46_697.jpg,C:\Users\yasha\Desktop\IMG\left_2026_07_31_14_42_46_697.jpg,C:\Users\yasha\Desktop\IMG\right_2026_07_31_14_42_46_697.jpg,-0.9500002,0,1,27.25408
C:\Users\yasha\Desktop\IMG\center_2026_07_31_14_42_46_777.jpg,C:\Users\yasha\Desktop\IMG\left_2026_07_31_14_42_46_777.jpg,C:\Users\yasha\Desktop\IMG\right_2026_07_31_14_42_46_777.jpg,-1,0,1,27.08138
C:\Users\yasha\Desktop\IMG\center_2026_07_31_14_42_46_851.jpg,C:\Users\yasha\Desktop\IMG\left_2026_07_31_14_42_46_851.jpg,C:\Users\yasha\Desktop\IMG\right_2026_07_31_14_42_46_851.jpg,-1,0,1,27.00241
C:\Users\yasha\Desktop\IMG\center_2026_07_31_14_42_46_924.jpg,C:\Users\yasha\Desktop\IMG\left_2026_07_31_14_42_46_924.jpg,C:\Users\yasha\Desktop\IMG\right_2026_07_31_14_42_46_924.jpg,-1,0,1,26.91454
C:\Users\yasha\Desktop\IMG\center_2026_07_31_14_42_46_997.jpg,C:\Users\yasha\Desktop\IMG\left_2026_07_31_14_42_46_997.jpg,C:\Users\yasha\Desktop\IMG\right_2026_07_31_14_42_46_997.jpg,0,0,1,26.62626
C:\Users\yasha\Desktop\IMG\center_2026_07_31_14_42_47_069.jpg,C:\Users\yasha\Desktop\IMG\left_2026_07_31_14_42_47_069.jpg,C:\Users\yasha\Desktop\IMG\right_2026_07_31_14_42_47_069.jpg,0,0,1,26.39154
C:\Users\yasha\Desktop\IMG\center_2026_07_31_14_42_47_150.jpg,C:\Users\yasha\Desktop\IMG\left_2026_07_31_14_42_47_150.jpg,C:\Users\yasha\Desktop\IMG\right_2026_07_31_14_42_47_150.jpg,-0.05,0,1,26.31419
C:\Users\yasha\Desktop\IMG\center_2026_07_31_14_42_47_222.jpg,C:\Users\yasha\Desktop\IMG\left_2026_07_31_14_42_47_222.jpg,C:\Users\yasha\Desktop\IMG\right_2026_07_31_14_42_47_222.jpg,-0.2,0,1,26.34354
C:\Users\yasha\Desktop\IMG\center_2026_07_31_14_42_47_290.jpg,C:\Users\yasha\Desktop\IMG\left_2026_07_31_14_42_47_290.jpg,C:\Users\yasha\Desktop\IMG\right_2026_07_31_14_42_47_290.jpg,-0.4,0,1,26.44929
C:\Users\yasha\Desktop\IMG\center_2026_07_31_14_42_47_361.jpg,C:\Users\yasha\Desktop\IMG\left_2026_07_31_14_42_47_361.jpg,C:\Users\yasha\Desktop\IMG\right_2026_07_31_14_42_47_361.jpg,0,0,1,26.36709
C:\Users\yasha\Desktop\IMG\center_2026_07_31_14_42_47_429.jpg,C:\Users\yasha\Desktop\IMG\left_2026_07_31_14_42_47_429.jpg,C:\Users\yasha\Desktop\IMG\right_2026_07_31_14_42_47_429.jpg,0,0,1,26.38029
C:\Users\yasha\Desktop\IMG\center_2026_07_31_14_42_47_501.jpg,C:\Users\yasha\Desktop\IMG\left_2026_07_31_14_42_47_501.jpg,C:\Users\yasha\Desktop\IMG\right_2026_07_31_14_42_47_501.jpg,0.15,0,1,26.3838
C:\Users\yasha\Desktop\IMG\center_2026_07_31_14_42_47_570.jpg,C:\Users\yasha\Desktop\IMG\left_2026_07_31_14_42_47_570.jpg,C:\Users\yasha\Desktop\IMG\right_2026_07_31_14_42_47_570.jpg,0.35,0,1,26.31147
C:\Users\yasha\Desktop\IMG\center_2026_07_31_14_42_47_644.jpg,C:\Users\yasha\Desktop\IMG\left_2026_07_31_14_42_47_644.jpg,C:\Users\yasha\Desktop\IMG\right_2026_07_31_14_42_47_644.jpg,0.5000001,0,1,26.22906
C:\Users\yasha\Desktop\IMG\center_2026_07_31_14_42_47_725.jpg,C:\Users\yasha\Desktop\IMG\left_2026_07_31_14_42_47_725.jpg,C:\Users\yasha\Desktop\IMG\right_2026_07_31_14_42_47_725.jpg,0.7,0,1,26.08585
C:\Users\yasha\Desktop\IMG\center_2026_07_31_14_42_47_800.jpg,C:\Users\yasha\Desktop\IMG\left_2026_07_31_14_42_47_800.jpg,C:\Users\yasha\Desktop\IMG\right_2026_07_31_14_42_47_800.jpg,0.9000002,0,1,25.89086
C:\Users\yasha\Desktop\IMG\center_2026_07_31_14_42_47_879.jpg,C:\Users\yasha\Desktop\IMG\left_2026_07_31_14_42_47_879.jpg,C:\Users\yasha\Desktop\IMG\right_2026_07_31_14_42_47_879.jpg,1,0,1,25.70605
C:\Users\yasha\Desktop\IMG\center_2026_07_31_14_42_47_960.jpg,C:\Users\yasha\Desktop\IMG\left_2026_07_31_14_42_47_960.jpg,C:\Users\yasha\Desktop\IMG\right_2026_07_31_14_42_47_960.jpg,1,0,1,25.63633
C:\Users\yasha\Desktop\IMG\center_2026_07_31_14_42_48_034.jpg,C:\Users\yasha\Desktop\IMG\left_2026_07_31_14_42_48_034.jpg,C:\Users\yasha\Desktop\IMG\right_2026_07_31_14_42_48_034.jpg,0,0,1,25.51355
C:\Users\yasha\Desktop\IMG\center_2026_07_31_14_42_48_105.jpg,C:\Users\yasha\Desktop\IMG\left_2026_07_31_14_42_48_105.jpg,C:\Users\yasha\Desktop\IMG\right_2026_07_31_14_42_48_105.jpg,-0.05,0,1,25.25867
C:\Users\yasha\Desktop\IMG\center_2026_07_31_14_42_48_182.jpg,C:\Users\yasha\Desktop\IMG\left_2026_07_31_14_42_48_182.jpg,C:\Users\yasha\Desktop\IMG\right_2026_07_31_14_42_48_182.jpg,-0.25,0,1,25.0111
C:\Users\yasha\Desktop\IMG\center_2026_07_31_14_42_48_254.jpg,C:\Users\yasha\Desktop\IMG\left_2026_07_31_14_42_48_254.jpg,C:\Users\yasha\Desktop\IMG\right_2026_07_31_14_42_48_254.jpg,-0.45,0,1,24.73969
C:\Users\yasha\Desktop\IMG\center_2026_07_31_14_42_48_328.jpg,C:\Users\yasha\Desktop\IMG\left_2026_07_31_14_42_48_328.jpg,C:\Users\yasha\Desktop\IMG\right_2026_07_31_14_42_48_328.jpg,-0.6500001,0,1,24.44021
C:\Users\yasha\Desktop\IMG\center_2026_07_31_14_42_48_397.jpg,C:\Users\yasha\Desktop\IMG\left_2026_07_31_14_42_48_397.jpg,C:\Users\yasha\Desktop\IMG\right_2026_07_31_14_42_48_397.jpg,-0.8000001,0,1,24.25991
C:\Users\yasha\Desktop\IMG\center_2026_07_31_14_42_48_467.jpg,C:\Users\yasha\Desktop\IMG\left_2026_07_31_14_42_48_467.jpg,C:\Users\yasha\Desktop\IMG\right_2026_07_31_14_42_48_467.jpg,0,0,1,24.29594
C:\Users\yasha\Desktop\IMG\center_2026_07_31_14_42_48_554.jpg,C:\Users\yasha\Desktop\IMG\left_2026_07_31_14_42_48_554.jpg,C:\Users\yasha\Desktop\IMG\right_2026_07_31_14_42_48_554.jpg,0,0,1,24.35464
C:\Users\yasha\Desktop\IMG\center_2026_07_31_14_42_48_636.jpg,C:\Users\yasha\Desktop\IMG\left_2026_07_31_14_42_48_636.jpg,C:\Users\yasha\Desktop\IMG\right_2026_07_31_14_42_48_636.jpg,0,0,1,24.42658
C:\Users\yasha\Desktop\IMG\center_2026_07_31_14_42_48_712.jpg,C:\Users\yasha\Desktop\IMG\left_2026_07_31_14_42_48_712.jpg,C:\Users\yasha\Desktop\IMG\right_2026_07_31_14_42_48_712.jpg,0,0,1,24.50348
C:\Users\yasha\Desktop\IMG\center_2026_07_31_14_42_48_794.jpg,C:\Users\yasha\Desktop\IMG\left_2026_07_31_14_42_48_794.jpg,C:\Users\yasha\Desktop\IMG\right_2026_07_31_14_42_48_794.jpg,0,0,1,24.58194
C:\Users\yasha\Desktop\IMG\center_2026_07_31_14_42_48_870.jpg,C:\Users\yasha\Desktop\IMG\left_2026_07_31_14_42_48_870.jpg,C:\Users\yasha\Desktop\IMG\right_2026_07_31_14_42_48_870.jpg,0,0,1,24.65921
C:\Users\yasha\Desktop\IMG\center_2026_07_31_14_42_48_959.jpg,C:\Users\yasha\Desktop\IMG\left_2026_07_31_14_42_48_959.jpg,C:\Users\yasha\Desktop\IMG\right_2026_07_31_14_42_48_959.jpg,-0.2,0,1,24.71732
C:\Users\yasha\Desktop\IMG\center_2026_07_31_14_42_49_040.jpg,C:\Users\yasha\Desktop\IMG\left_2026_07_31_14_42_49_040.jpg,C:\Users\yasha\Desktop\IMG\right_2026_07_31_14_42_49_040.jpg,-0.4,0,1,24.71442
C:\Users\yasha\Desktop\IMG\center_2026_07_31_14_42_49_108.jpg,C:\Users\yasha\Desktop\IMG\left_2026_07_31_14_42_49_108.jpg,C:\Users\yasha\Desktop\IMG\right_2026_07_31_14_42_49_108.jpg,-0.6000001,0,1,24.6451
C:\Users\yasha\Desktop\IMG\center_2026_07_31_14_42_49_191.jpg,C:\Users\yasha\Desktop\IMG\left_2026_07_31_14_42_49_191.jpg,C:\Users\yasha\Desktop\IMG\right_2026_07_31_14_42_49_191.jpg,-0.8000001,0,1,24.5268
C:\Users\yasha\Desktop\IMG\center_2026_07_31_14_42_49_259.jpg,C:\Users\yasha\Desktop\IMG\left_2026_07_31_14_42_49_259.jpg,C:\Users\yasha\Desktop\IMG\right_2026_07_31_14_42_49_259.jpg,-0.9500002,0,1,24.40578
C:\Users\yasha\Desktop\IMG\center_2026_07_31_14_42_49_346.jpg,C:\Users\yasha\Desktop\IMG\left_2026_07_31_14_42_49_346.jpg,C:\Users\yasha\Desktop\IMG\right_2026_07_31_14_42_49_346.jpg,-1,0,1,24.2765
C:\Users\yasha\Desktop\IMG\center_2026_07_31_14_42_49_433.jpg,C:\Users\yasha\Desktop\IMG\left_2026_07_31_14_42_49_433.jpg,C:\Users\yasha\Desktop\IMG\right_2026_07_31_14_42_49_433.jpg,-1,0,1,24.22704
C:\Users\yasha\Desktop\IMG\center_2026_07_31_14_42_49_516.jpg,C:\Users\yasha\Desktop\IMG\left_2026_07_31_14_42_49_516.jpg,C:\Users\yasha\Desktop\IMG\right_2026_07_31_14_42_49_516.jpg,0,0,0.8263033,24.07291
C:\Users\yasha\Desktop\IMG\center_2026_07_31_14_42_49_592.jpg,C:\Users\yasha\Desktop\IMG\left_2026_07_31_14_42_49_592.jpg,C:\Users\yasha\Desktop\IMG\right_2026_07_31_14_42_49_592.jpg,0,0,0.5995663,23.90451
C:\Users\yasha\Desktop\IMG\center_2026_07_31_14_42_49_665.jpg,C:\Users\yasha\Desktop\IMG\left_2026_07_31_14_42_49_665.jpg,C:\Users\yasha\Desktop\IMG\right_2026_07_31_14_42_49_665.jpg,0,0,0.3812494,23.49948
C:\Users\yasha\Desktop\IMG\center_2026_07_31_14_42_49_736.jpg,C:\Users\yasha\Desktop\IMG\left_2026_07_31_14_42_49_736.jpg,C:\Users\yasha\Desktop\IMG\right_2026_07_31_14_42_49_736.jpg,0,0,0.1467557,23.20958
C:\Users\yasha\Desktop\IMG\center_2026_07_31_14_42_49_804.jpg,C:\Users\yasha\Desktop\IMG\left_2026_07_31_14_42_49_804.jpg,C:\Users\yasha\Desktop\IMG\right_2026_07_31_14_42_49_804.jpg,0,0,0,22.87861
C:\Users\yasha\Desktop\IMG\center_2026_07_31_14_42_49_874.jpg,C:\Users\yasha\Desktop\IMG\left_2026_07_31_14_42_49_874.jpg,C:\Users\yasha\Desktop\IMG\right_2026_07_31_14_42_49_874.jpg,0,0,0,22.71175
C:\Users\yasha\Desktop\IMG\center_2026_07_31_14_42_49_945.jpg,C:\Users\yasha\Desktop\IMG\left_2026_07_31_14_42_49_945.jpg,C:\Users\yasha\Desktop\IMG\right_2026_07_31_14_42_49_945.jpg,0,0,0,22.68882
C:\Users\yasha\Desktop\IMG\center_2026_07_31_14_42_50_017.jpg,C:\Users\yasha\Desktop\IMG\left_2026_07_31_14_42_50_017.jpg,C:\Users\yasha\Desktop\IMG\right_2026_07_31_14_42_50_017.jpg,0,0,0,22.5301
C:\Users\yasha\Desktop\IMG\center_2026_07_31_14_42_50_101.jpg,C:\Users\yasha\Desktop\IMG\left_2026_07_31_14_42_50_101.jpg,C:\Users\yasha\Desktop\IMG\right_2026_07_31_14_42_50_101.jpg,0,0,0,22.36812
C:\Users\yasha\Desktop\IMG\center_2026_07_31_14_42_50_177.jpg,C:\Users\yasha\Desktop\IMG\left_2026_07_31_14_42_50_177.jpg,C:\Users\yasha\Desktop\IMG\right_2026_07_31_14_42_50_177.jpg,0,0,0,22.17827
C:\Users\yasha\Desktop\IMG\center_2026_07_31_14_42_50_259.jpg,C:\Users\yasha\Desktop\IMG\left_2026_07_31_14_42_50_259.jpg,C:\Users\yasha\Desktop\IMG\right_2026_07_31_14_42_50_259.jpg,0,0,0,21.99607
C:\Users\yasha\Desktop\IMG\center_2026_07_31_14_42_50_336.jpg,C:\Users\yasha\Desktop\IMG\left_2026_07_31_14_42_50_336.jpg,C:\Users\yasha\Desktop\IMG\right_2026_07_31_14_42_50_336.jpg,0,0,0,21.81721
C:\Users\yasha\Desktop\IMG\center_2026_07_31_14_42_50_405.jpg,C:\Users\yasha\Desktop\IMG\left_2026_07_31_14_42_50_405.jpg,C:\Users\yasha\Desktop\IMG\right_2026_07_31_14_42_50_405.jpg,0,0,0,21.49697
C:\Users\yasha\Desktop\IMG\center_2026_07_31_14_42_50_477.jpg,C:\Users\yasha\Desktop\IMG\left_2026_07_31_14_42_50_477.jpg,C:\Users\yasha\Desktop\IMG\right_2026_07_31_14_42_50_477.jpg,0,0,0,21.28909
C:\Users\yasha\Desktop\IMG\center_2026_07_31_14_42_50_553.jpg,C:\Users\yasha\Desktop\IMG\left_2026_07_31_14_42_50_553.jpg,C:\Users\yasha\Desktop\IMG\right_2026_07_31_14_42_50_553.jpg,0,0,0,21.07746
C:\Users\yasha\Desktop\IMG\center_2026_07_31_14_42_50_632.jpg,C:\Users\yasha\Desktop\IMG\left_2026_07_31_14_42_50_632.jpg,C:\Users\yasha\Desktop\IMG\right_2026_07_31_14_42_50_632.jpg,0,0,0,20.88107
